ISO-10303-21;
HEADER;
FILE_DESCRIPTION(('Open CASCADE Model'),'2;1');
FILE_NAME('Open CASCADE Shape Model','2026-10-01T18:11:40',('Author'),(
    'Open CASCADE'),'Open CASCADE STEP processor 7.9','Open CASCADE 7.9'
  ,'Unknown');
FILE_SCHEMA(('AUTOMOTIVE_DESIGN { 1 0 10303 214 1 1 1 1 }'));
ENDSEC;
DATA;
#1 = APPLICATION_PROTOCOL_DEFINITION('international standard',
  'automotive_design',2000,#2);
#2 = APPLICATION_CONTEXT(
  'core data for automotive mechanical design processes');
#3 = SHAPE_DEFINITION_REPRESENTATION(#4,#10);
#4 = PRODUCT_DEFINITION_SHAPE('','',#5);
#5 = PRODUCT_DEFINITION('design','',#6,#9);
#6 = PRODUCT_DEFINITION_FORMATION('','',#7);
#7 = PRODUCT('Open CASCADE STEP translator 7.9 4',
  'Open CASCADE STEP translator 7.9 4','',(#8));
#8 = PRODUCT_CONTEXT('',#2,'mechanical');
#9 = PRODUCT_DEFINITION_CONTEXT('part definition',#2,'design');
#10 = ADVANCED_BREP_SHAPE_REPRESENTATION('',(#11,#15),#2686);
#11 = AXIS2_PLACEMENT_3D('',#12,#13,#14);
#12 = CARTESIAN_POINT('',(0.,0.,0.));
#13 = DIRECTION('',(0.,0.,1.));
#14 = DIRECTION('',(1.,0.,-0.));
#15 = MANIFOLD_SOLID_BREP('',#16);
#16 = CLOSED_SHELL('',(#17,#105,#140,#179,#238,#1000,#1074,#1292,#1347,
    #1592,#1744,#1913,#1968,#2156,#2184,#2238,#2293,#2365,#2675,#2682));
#17 = ADVANCED_FACE('',(#18),#31,.T.);
#18 = FACE_BOUND('',#19,.F.);
#19 = EDGE_LOOP('',(#20,#54,#77,#104));
#20 = ORIENTED_EDGE('',*,*,#21,.F.);
#21 = EDGE_CURVE('',#22,#22,#24,.T.);
#22 = VERTEX_POINT('',#23);
#23 = CARTESIAN_POINT('',(15.6,0.,6.2));
#24 = SURFACE_CURVE('',#25,(#30,#42),.PCURVE_S1.);
#25 = CIRCLE('',#26,15.6);
#26 = AXIS2_PLACEMENT_3D('',#27,#28,#29);
#27 = CARTESIAN_POINT('',(0.,0.,6.2));
#28 = DIRECTION('',(0.,0.,1.));
#29 = DIRECTION('',(1.,0.,0.));
#30 = PCURVE('',#31,#36);
#31 = CYLINDRICAL_SURFACE('',#32,15.6);
#32 = AXIS2_PLACEMENT_3D('',#33,#34,#35);
#33 = CARTESIAN_POINT('',(0.,0.,6.2));
#34 = DIRECTION('',(-0.,-0.,-1.));
#35 = DIRECTION('',(1.,0.,0.));
#36 = DEFINITIONAL_REPRESENTATION('',(#37),#41);
#37 = LINE('',#38,#39);
#38 = CARTESIAN_POINT('',(-0.,0.));
#39 = VECTOR('',#40,1.);
#40 = DIRECTION('',(-1.,0.));
#41 = ( GEOMETRIC_REPRESENTATION_CONTEXT(2) 
PARAMETRIC_REPRESENTATION_CONTEXT() REPRESENTATION_CONTEXT('2D SPACE',''
  ) );
#42 = PCURVE('',#43,#48);
#43 = PLANE('',#44);
#44 = AXIS2_PLACEMENT_3D('',#45,#46,#47);
#45 = CARTESIAN_POINT('',(-1.05187702503E-15,7.656863644838E-16,6.2));
#46 = DIRECTION('',(0.,0.,1.));
#47 = DIRECTION('',(1.,0.,-0.));
#48 = DEFINITIONAL_REPRESENTATION('',(#49),#53);
#49 = CIRCLE('',#50,15.6);
#50 = AXIS2_PLACEMENT_2D('',#51,#52);
#51 = CARTESIAN_POINT('',(1.05187702503E-15,-7.656863644838E-16));
#52 = DIRECTION('',(1.,0.));
#53 = ( GEOMETRIC_REPRESENTATION_CONTEXT(2) 
PARAMETRIC_REPRESENTATION_CONTEXT() REPRESENTATION_CONTEXT('2D SPACE',''
  ) );
#54 = ORIENTED_EDGE('',*,*,#55,.F.);
#55 = EDGE_CURVE('',#56,#22,#58,.T.);
#56 = VERTEX_POINT('',#57);
#57 = CARTESIAN_POINT('',(15.6,0.,17.5));
#58 = SEAM_CURVE('',#59,(#63,#70),.PCURVE_S1.);
#59 = LINE('',#60,#61);
#60 = CARTESIAN_POINT('',(15.6,0.,17.5));
#61 = VECTOR('',#62,1.);
#62 = DIRECTION('',(0.,0.,-1.));
#63 = PCURVE('',#31,#64);
#64 = DEFINITIONAL_REPRESENTATION('',(#65),#69);
#65 = LINE('',#66,#67);
#66 = CARTESIAN_POINT('',(-0.,-11.3));
#67 = VECTOR('',#68,1.);
#68 = DIRECTION('',(0.,1.));
#69 = ( GEOMETRIC_REPRESENTATION_CONTEXT(2) 
PARAMETRIC_REPRESENTATION_CONTEXT() REPRESENTATION_CONTEXT('2D SPACE',''
  ) );
#70 = PCURVE('',#31,#71);
#71 = DEFINITIONAL_REPRESENTATION('',(#72),#76);
#72 = LINE('',#73,#74);
#73 = CARTESIAN_POINT('',(-6.28318530718,-11.3));
#74 = VECTOR('',#75,1.);
#75 = DIRECTION('',(0.,1.));
#76 = ( GEOMETRIC_REPRESENTATION_CONTEXT(2) 
PARAMETRIC_REPRESENTATION_CONTEXT() REPRESENTATION_CONTEXT('2D SPACE',''
  ) );
#77 = ORIENTED_EDGE('',*,*,#78,.T.);
#78 = EDGE_CURVE('',#56,#56,#79,.T.);
#79 = SURFACE_CURVE('',#80,(#85,#92),.PCURVE_S1.);
#80 = CIRCLE('',#81,15.6);
#81 = AXIS2_PLACEMENT_3D('',#82,#83,#84);
#82 = CARTESIAN_POINT('',(0.,0.,17.5));
#83 = DIRECTION('',(0.,0.,1.));
#84 = DIRECTION('',(1.,0.,0.));
#85 = PCURVE('',#31,#86);
#86 = DEFINITIONAL_REPRESENTATION('',(#87),#91);
#87 = LINE('',#88,#89);
#88 = CARTESIAN_POINT('',(-0.,-11.3));
#89 = VECTOR('',#90,1.);
#90 = DIRECTION('',(-1.,0.));
#91 = ( GEOMETRIC_REPRESENTATION_CONTEXT(2) 
PARAMETRIC_REPRESENTATION_CONTEXT() REPRESENTATION_CONTEXT('2D SPACE',''
  ) );
#92 = PCURVE('',#93,#98);
#93 = PLANE('',#94);
#94 = AXIS2_PLACEMENT_3D('',#95,#96,#97);
#95 = CARTESIAN_POINT('',(-1.05187702503E-15,7.656863644838E-16,17.5));
#96 = DIRECTION('',(0.,0.,1.));
#97 = DIRECTION('',(1.,0.,-0.));
#98 = DEFINITIONAL_REPRESENTATION('',(#99),#103);
#99 = CIRCLE('',#100,15.6);
#100 = AXIS2_PLACEMENT_2D('',#101,#102);
#101 = CARTESIAN_POINT('',(1.05187702503E-15,-7.656863644838E-16));
#102 = DIRECTION('',(1.,0.));
#103 = ( GEOMETRIC_REPRESENTATION_CONTEXT(2) 
PARAMETRIC_REPRESENTATION_CONTEXT() REPRESENTATION_CONTEXT('2D SPACE',''
  ) );
#104 = ORIENTED_EDGE('',*,*,#55,.T.);
#105 = ADVANCED_FACE('',(#106,#109),#43,.F.);
#106 = FACE_BOUND('',#107,.F.);
#107 = EDGE_LOOP('',(#108));
#108 = ORIENTED_EDGE('',*,*,#21,.T.);
#109 = FACE_BOUND('',#110,.F.);
#110 = EDGE_LOOP('',(#111));
#111 = ORIENTED_EDGE('',*,*,#112,.F.);
#112 = EDGE_CURVE('',#113,#113,#115,.T.);
#113 = VERTEX_POINT('',#114);
#114 = CARTESIAN_POINT('',(14.8,4.554761126667E-16,6.2));
#115 = SURFACE_CURVE('',#116,(#121,#128),.PCURVE_S1.);
#116 = CIRCLE('',#117,14.8);
#117 = AXIS2_PLACEMENT_3D('',#118,#119,#120);
#118 = CARTESIAN_POINT('',(7.424260636468E-14,4.554761126667E-16,6.2));
#119 = DIRECTION('',(0.,0.,1.));
#120 = DIRECTION('',(1.,0.,0.));
#121 = PCURVE('',#43,#122);
#122 = DEFINITIONAL_REPRESENTATION('',(#123),#127);
#123 = CIRCLE('',#124,14.8);
#124 = AXIS2_PLACEMENT_2D('',#125,#126);
#125 = CARTESIAN_POINT('',(7.529448338971E-14,-3.102102518171E-16));
#126 = DIRECTION('',(1.,0.));
#127 = ( GEOMETRIC_REPRESENTATION_CONTEXT(2) 
PARAMETRIC_REPRESENTATION_CONTEXT() REPRESENTATION_CONTEXT('2D SPACE',''
  ) );
#128 = PCURVE('',#129,#134);
#129 = CYLINDRICAL_SURFACE('',#130,14.8);
#130 = AXIS2_PLACEMENT_3D('',#131,#132,#133);
#131 = CARTESIAN_POINT('',(7.424260636468E-14,4.554761126667E-16,6.2));
#132 = DIRECTION('',(-0.,-0.,-1.));
#133 = DIRECTION('',(1.,0.,0.));
#134 = DEFINITIONAL_REPRESENTATION('',(#135),#139);
#135 = LINE('',#136,#137);
#136 = CARTESIAN_POINT('',(-0.,0.));
#137 = VECTOR('',#138,1.);
#138 = DIRECTION('',(-1.,0.));
#139 = ( GEOMETRIC_REPRESENTATION_CONTEXT(2) 
PARAMETRIC_REPRESENTATION_CONTEXT() REPRESENTATION_CONTEXT('2D SPACE',''
  ) );
#140 = ADVANCED_FACE('',(#141,#144),#93,.T.);
#141 = FACE_BOUND('',#142,.T.);
#142 = EDGE_LOOP('',(#143));
#143 = ORIENTED_EDGE('',*,*,#78,.T.);
#144 = FACE_BOUND('',#145,.T.);
#145 = EDGE_LOOP('',(#146));
#146 = ORIENTED_EDGE('',*,*,#147,.T.);
#147 = EDGE_CURVE('',#148,#148,#150,.T.);
#148 = VERTEX_POINT('',#149);
#149 = CARTESIAN_POINT('',(5.,0.,17.5));
#150 = SURFACE_CURVE('',#151,(#156,#167),.PCURVE_S1.);
#151 = CIRCLE('',#152,5.);
#152 = AXIS2_PLACEMENT_3D('',#153,#154,#155);
#153 = CARTESIAN_POINT('',(0.,0.,17.5));
#154 = DIRECTION('',(0.,0.,-1.));
#155 = DIRECTION('',(1.,0.,0.));
#156 = PCURVE('',#93,#157);
#157 = DEFINITIONAL_REPRESENTATION('',(#158),#166);
#158 = ( BOUNDED_CURVE() B_SPLINE_CURVE(2,(#159,#160,#161,#162,#163,#164
,#165),.UNSPECIFIED.,.T.,.F.) B_SPLINE_CURVE_WITH_KNOTS((1,2,2,2,2,1),(
    -2.094395102393,0.,2.094395102393,4.188790204786,6.28318530718,
8.377580409573),.UNSPECIFIED.) CURVE() GEOMETRIC_REPRESENTATION_ITEM() 
RATIONAL_B_SPLINE_CURVE((1.,0.5,1.,0.5,1.,0.5,1.)) REPRESENTATION_ITEM(
  '') );
#159 = CARTESIAN_POINT('',(5.,-7.656863644838E-16));
#160 = CARTESIAN_POINT('',(5.,-8.660254037844));
#161 = CARTESIAN_POINT('',(-2.5,-4.330127018922));
#162 = CARTESIAN_POINT('',(-10.,-1.990333163631E-15));
#163 = CARTESIAN_POINT('',(-2.5,4.330127018922));
#164 = CARTESIAN_POINT('',(5.,8.660254037844));
#165 = CARTESIAN_POINT('',(5.,-7.656863644838E-16));
#166 = ( GEOMETRIC_REPRESENTATION_CONTEXT(2) 
PARAMETRIC_REPRESENTATION_CONTEXT() REPRESENTATION_CONTEXT('2D SPACE',''
  ) );
#167 = PCURVE('',#168,#173);
#168 = CYLINDRICAL_SURFACE('',#169,5.);
#169 = AXIS2_PLACEMENT_3D('',#170,#171,#172);
#170 = CARTESIAN_POINT('',(0.,0.,17.49));
#171 = DIRECTION('',(-0.,-0.,-1.));
#172 = DIRECTION('',(1.,0.,0.));
#173 = DEFINITIONAL_REPRESENTATION('',(#174),#178);
#174 = LINE('',#175,#176);
#175 = CARTESIAN_POINT('',(-6.28318530718,-1.E-02));
#176 = VECTOR('',#177,1.);
#177 = DIRECTION('',(1.,-0.));
#178 = ( GEOMETRIC_REPRESENTATION_CONTEXT(2) 
PARAMETRIC_REPRESENTATION_CONTEXT() REPRESENTATION_CONTEXT('2D SPACE',''
  ) );
#179 = ADVANCED_FACE('',(#180),#129,.F.);
#180 = FACE_BOUND('',#181,.T.);
#181 = EDGE_LOOP('',(#182,#183,#206,#237));
#182 = ORIENTED_EDGE('',*,*,#112,.F.);
#183 = ORIENTED_EDGE('',*,*,#184,.T.);
#184 = EDGE_CURVE('',#113,#185,#187,.T.);
#185 = VERTEX_POINT('',#186);
#186 = CARTESIAN_POINT('',(14.8,4.554761126667E-16,14.2));
#187 = SEAM_CURVE('',#188,(#192,#199),.PCURVE_S1.);
#188 = LINE('',#189,#190);
#189 = CARTESIAN_POINT('',(14.8,4.554761126667E-16,6.2));
#190 = VECTOR('',#191,1.);
#191 = DIRECTION('',(0.,0.,1.));
#192 = PCURVE('',#129,#193);
#193 = DEFINITIONAL_REPRESENTATION('',(#194),#198);
#194 = LINE('',#195,#196);
#195 = CARTESIAN_POINT('',(-6.28318530718,0.));
#196 = VECTOR('',#197,1.);
#197 = DIRECTION('',(-0.,-1.));
#198 = ( GEOMETRIC_REPRESENTATION_CONTEXT(2) 
PARAMETRIC_REPRESENTATION_CONTEXT() REPRESENTATION_CONTEXT('2D SPACE',''
  ) );
#199 = PCURVE('',#129,#200);
#200 = DEFINITIONAL_REPRESENTATION('',(#201),#205);
#201 = LINE('',#202,#203);
#202 = CARTESIAN_POINT('',(-0.,0.));
#203 = VECTOR('',#204,1.);
#204 = DIRECTION('',(-0.,-1.));
#205 = ( GEOMETRIC_REPRESENTATION_CONTEXT(2) 
PARAMETRIC_REPRESENTATION_CONTEXT() REPRESENTATION_CONTEXT('2D SPACE',''
  ) );
#206 = ORIENTED_EDGE('',*,*,#207,.F.);
#207 = EDGE_CURVE('',#185,#185,#208,.T.);
#208 = SURFACE_CURVE('',#209,(#214,#221),.PCURVE_S1.);
#209 = CIRCLE('',#210,14.8);
#210 = AXIS2_PLACEMENT_3D('',#211,#212,#213);
#211 = CARTESIAN_POINT('',(7.424260636468E-14,4.554761126667E-16,14.2));
#212 = DIRECTION('',(0.,0.,-1.));
#213 = DIRECTION('',(1.,0.,0.));
#214 = PCURVE('',#129,#215);
#215 = DEFINITIONAL_REPRESENTATION('',(#216),#220);
#216 = LINE('',#217,#218);
#217 = CARTESIAN_POINT('',(-6.28318530718,-8.));
#218 = VECTOR('',#219,1.);
#219 = DIRECTION('',(1.,-0.));
#220 = ( GEOMETRIC_REPRESENTATION_CONTEXT(2) 
PARAMETRIC_REPRESENTATION_CONTEXT() REPRESENTATION_CONTEXT('2D SPACE',''
  ) );
#221 = PCURVE('',#222,#227);
#222 = PLANE('',#223);
#223 = AXIS2_PLACEMENT_3D('',#224,#225,#226);
#224 = CARTESIAN_POINT('',(-1.05187702503E-15,7.656863644838E-16,14.2));
#225 = DIRECTION('',(0.,0.,1.));
#226 = DIRECTION('',(1.,0.,-0.));
#227 = DEFINITIONAL_REPRESENTATION('',(#228),#236);
#228 = ( BOUNDED_CURVE() B_SPLINE_CURVE(2,(#229,#230,#231,#232,#233,#234
,#235),.UNSPECIFIED.,.T.,.F.) B_SPLINE_CURVE_WITH_KNOTS((1,2,2,2,2,1),(
    -2.094395102393,0.,2.094395102393,4.188790204786,6.28318530718,
8.377580409573),.UNSPECIFIED.) CURVE() GEOMETRIC_REPRESENTATION_ITEM() 
RATIONAL_B_SPLINE_CURVE((1.,0.5,1.,0.5,1.,0.5,1.)) REPRESENTATION_ITEM(
  '') );
#229 = CARTESIAN_POINT('',(14.8,-3.102102518171E-16));
#230 = CARTESIAN_POINT('',(14.8,-25.63435195201));
#231 = CARTESIAN_POINT('',(-7.4,-12.81717597601));
#232 = CARTESIAN_POINT('',(-29.6,-3.935164777293E-15));
#233 = CARTESIAN_POINT('',(-7.4,12.81717597601));
#234 = CARTESIAN_POINT('',(14.8,25.634351952019));
#235 = CARTESIAN_POINT('',(14.8,-3.102102518171E-16));
#236 = ( GEOMETRIC_REPRESENTATION_CONTEXT(2) 
PARAMETRIC_REPRESENTATION_CONTEXT() REPRESENTATION_CONTEXT('2D SPACE',''
  ) );
#237 = ORIENTED_EDGE('',*,*,#184,.F.);
#238 = ADVANCED_FACE('',(#239),#168,.T.);
#239 = FACE_BOUND('',#240,.F.);
#240 = EDGE_LOOP('',(#241,#297,#330,#411,#439,#556,#589,#742,#770,#977,
    #998,#999));
#241 = ORIENTED_EDGE('',*,*,#242,.F.);
#242 = EDGE_CURVE('',#243,#245,#247,.T.);
#243 = VERTEX_POINT('',#244);
#244 = CARTESIAN_POINT('',(4.993070274917,0.263152483811,46.));
#245 = VERTEX_POINT('',#246);
#246 = CARTESIAN_POINT('',(5.,0.,46.419013621667));
#247 = SURFACE_CURVE('',#248,(#254,#263),.PCURVE_S1.);
#248 = B_SPLINE_CURVE_WITH_KNOTS('',4,(#249,#250,#251,#252,#253),
  .UNSPECIFIED.,.F.,.F.,(5,5),(0.,1.),.PIECEWISE_BEZIER_KNOTS.);
#249 = CARTESIAN_POINT('',(4.993070274917,0.263152483811,46.));
#250 = CARTESIAN_POINT('',(4.996534335747,0.197425195553,46.10475341069)
  );
#251 = CARTESIAN_POINT('',(4.99884477926,0.131637072132,46.209506800461)
  );
#252 = CARTESIAN_POINT('',(5.,6.58185181763E-02,46.314260216392));
#253 = CARTESIAN_POINT('',(5.,-9.756094015427E-16,46.419013621667));
#254 = PCURVE('',#168,#255);
#255 = DEFINITIONAL_REPRESENTATION('',(#256),#262);
#256 = B_SPLINE_CURVE_WITH_KNOTS('',4,(#257,#258,#259,#260,#261),
  .UNSPECIFIED.,.F.,.F.,(5,5),(0.,1.),.PIECEWISE_BEZIER_KNOTS.);
#257 = CARTESIAN_POINT('',(-5.265482457437E-02,-28.51));
#258 = CARTESIAN_POINT('',(-3.949112275591E-02,-28.61475341069));
#259 = CARTESIAN_POINT('',(-2.632741413927E-02,-28.71950680046));
#260 = CARTESIAN_POINT('',(-1.316370363526E-02,-28.82426021639));
#261 = CARTESIAN_POINT('',(0.,-28.92901362166));
#262 = ( GEOMETRIC_REPRESENTATION_CONTEXT(2) 
PARAMETRIC_REPRESENTATION_CONTEXT() REPRESENTATION_CONTEXT('2D SPACE',''
  ) );
#263 = PCURVE('',#264,#289);
#264 = B_SPLINE_SURFACE_WITH_KNOTS('',1,11,(
    (#265,#266,#267,#268,#269,#270,#271,#272,#273,#274,#275,#276)
    ,(#277,#278,#279,#280,#281,#282,#283,#284,#285,#286,#287,#288
  )),.UNSPECIFIED.,.F.,.F.,.F.,(2,2),(12,12),(0.,1.7),(0.,54.5),
  .PIECEWISE_BEZIER_KNOTS.);
#265 = CARTESIAN_POINT('',(3.794733408937,0.199995887696,46.));
#266 = CARTESIAN_POINT('',(3.919252157405,-2.162629965731,
    50.954545454552));
#267 = CARTESIAN_POINT('',(2.426489235388,-4.610558850649,
    55.909090909063));
#268 = CARTESIAN_POINT('',(-0.756248073908,-5.912468540358,
    60.863636363706));
#269 = CARTESIAN_POINT('',(-4.602308839251,-4.779971617996,
    65.818181818058));
#270 = CARTESIAN_POINT('',(-7.132611287925,-0.914973442732,
    70.77272727289));
#271 = CARTESIAN_POINT('',(-5.984287635151,3.987432969438,
    75.727272727113));
#272 = CARTESIAN_POINT('',(-2.000731013304,6.326646088837,
    80.681818181937));
#273 = CARTESIAN_POINT('',(1.948188520842,5.633272306289,85.636363636298
    ));
#274 = CARTESIAN_POINT('',(4.221651204226,3.053320165786,90.590909090934
    ));
#275 = CARTESIAN_POINT('',(4.471986124708,0.19709374012,95.545454545449)
  );
#276 = CARTESIAN_POINT('',(3.311162542514,-1.864457727343,100.5));
#277 = CARTESIAN_POINT('',(5.492377302409,0.289467732192,46.));
#278 = CARTESIAN_POINT('',(5.67260180677,-3.13012231882,50.954545454553)
  );
#279 = CARTESIAN_POINT('',(3.512023893325,-6.673177283836,
    55.909090909059));
#280 = CARTESIAN_POINT('',(-1.094569580657,-8.557520255778,
    60.863636363716));
#281 = CARTESIAN_POINT('',(-6.661236477863,-6.918379973419,
    65.818181818041));
#282 = CARTESIAN_POINT('',(-10.32351633778,-1.324303667107,
    70.77272727291));
#283 = CARTESIAN_POINT('',(-8.661468945613,5.771284561025,
    75.727272727093));
#284 = CARTESIAN_POINT('',(-2.895794887677,9.156987760162,
    80.681818181951));
#285 = CARTESIAN_POINT('',(2.819746543324,8.153420443312,85.636363636291
    ));
#286 = CARTESIAN_POINT('',(6.110284637695,4.419279187322,90.590909090937
    ));
#287 = CARTESIAN_POINT('',(6.472611496288,0.285267255437,95.545454545448
    ));
#288 = CARTESIAN_POINT('',(4.792472101008,-2.698557236944,100.5));
#289 = DEFINITIONAL_REPRESENTATION('',(#290),#296);
#290 = B_SPLINE_CURVE_WITH_KNOTS('',4,(#291,#292,#293,#294,#295),
  .UNSPECIFIED.,.F.,.F.,(5,5),(0.,1.),.PIECEWISE_BEZIER_KNOTS.);
#291 = CARTESIAN_POINT('',(1.2,0.));
#292 = CARTESIAN_POINT('',(1.2,0.10475341069));
#293 = CARTESIAN_POINT('',(1.199999429735,0.209506800352));
#294 = CARTESIAN_POINT('',(1.199998474348,0.31426021648));
#295 = CARTESIAN_POINT('',(1.199997267356,0.419013621755));
#296 = ( GEOMETRIC_REPRESENTATION_CONTEXT(2) 
PARAMETRIC_REPRESENTATION_CONTEXT() REPRESENTATION_CONTEXT('2D SPACE',''
  ) );
#297 = ORIENTED_EDGE('',*,*,#298,.F.);
#298 = EDGE_CURVE('',#299,#243,#301,.T.);
#299 = VERTEX_POINT('',#300);
#300 = CARTESIAN_POINT('',(2.89760783326,4.074784515116,46.));
#301 = SURFACE_CURVE('',#302,(#307,#314),.PCURVE_S1.);
#302 = CIRCLE('',#303,5.);
#303 = AXIS2_PLACEMENT_3D('',#304,#305,#306);
#304 = CARTESIAN_POINT('',(0.,0.,46.));
#305 = DIRECTION('',(0.,0.,-1.));
#306 = DIRECTION('',(1.,0.,0.));
#307 = PCURVE('',#168,#308);
#308 = DEFINITIONAL_REPRESENTATION('',(#309),#313);
#309 = LINE('',#310,#311);
#310 = CARTESIAN_POINT('',(-6.28318530718,-28.51));
#311 = VECTOR('',#312,1.);
#312 = DIRECTION('',(1.,-0.));
#313 = ( GEOMETRIC_REPRESENTATION_CONTEXT(2) 
PARAMETRIC_REPRESENTATION_CONTEXT() REPRESENTATION_CONTEXT('2D SPACE',''
  ) );
#314 = PCURVE('',#315,#320);
#315 = PLANE('',#316);
#316 = AXIS2_PLACEMENT_3D('',#317,#318,#319);
#317 = CARTESIAN_POINT('',(3.948915440975,2.170934634792,46.));
#318 = DIRECTION('',(3.223448027159E-16,-1.903188552131E-15,1.));
#319 = DIRECTION('',(0.,1.,1.903188552131E-15));
#320 = DEFINITIONAL_REPRESENTATION('',(#321),#329);
#321 = ( BOUNDED_CURVE() B_SPLINE_CURVE(2,(#322,#323,#324,#325,#326,#327
,#328),.UNSPECIFIED.,.T.,.F.) B_SPLINE_CURVE_WITH_KNOTS((1,2,2,2,2,1),(
    -2.094395102393,0.,2.094395102393,4.188790204786,6.28318530718,
8.377580409573),.UNSPECIFIED.) CURVE() GEOMETRIC_REPRESENTATION_ITEM() 
RATIONAL_B_SPLINE_CURVE((1.,0.5,1.,0.5,1.,0.5,1.)) REPRESENTATION_ITEM(
  '') );
#322 = CARTESIAN_POINT('',(-2.170934634792,-1.051084559025));
#323 = CARTESIAN_POINT('',(-10.83118867263,-1.051084559025));
#324 = CARTESIAN_POINT('',(-6.501061653714,6.448915440975));
#325 = CARTESIAN_POINT('',(-2.170934634792,13.948915440975));
#326 = CARTESIAN_POINT('',(2.15919238413,6.448915440975));
#327 = CARTESIAN_POINT('',(6.489319403052,-1.051084559025));
#328 = CARTESIAN_POINT('',(-2.170934634792,-1.051084559025));
#329 = ( GEOMETRIC_REPRESENTATION_CONTEXT(2) 
PARAMETRIC_REPRESENTATION_CONTEXT() REPRESENTATION_CONTEXT('2D SPACE',''
  ) );
#330 = ORIENTED_EDGE('',*,*,#331,.T.);
#331 = EDGE_CURVE('',#299,#332,#334,.T.);
#332 = VERTEX_POINT('',#333);
#333 = CARTESIAN_POINT('',(5.,0.,53.580965656065));
#334 = SURFACE_CURVE('',#335,(#350,#368),.PCURVE_S1.);
#335 = B_SPLINE_CURVE_WITH_KNOTS('',7,(#336,#337,#338,#339,#340,#341,
    #342,#343,#344,#345,#346,#347,#348,#349),.UNSPECIFIED.,.F.,.F.,(8,6,
    8),(0.,0.793206962663,1.),.UNSPECIFIED.);
#336 = CARTESIAN_POINT('',(2.89760783326,4.074784515116,46.));
#337 = CARTESIAN_POINT('',(3.337472233566,3.761993856574,46.859022033425
    ));
#338 = CARTESIAN_POINT('',(3.737980806277,3.393780713794,47.718111604747
    ));
#339 = CARTESIAN_POINT('',(4.090675483526,2.97613573456,48.577152426942)
  );
#340 = CARTESIAN_POINT('',(4.388362521605,2.5166108547,49.436159744082)
  );
#341 = CARTESIAN_POINT('',(4.625337177504,2.023983828545,50.295196841463
    ));
#342 = CARTESIAN_POINT('',(4.797649269234,1.507940712589,51.154285736951
    ));
#343 = CARTESIAN_POINT('',(4.930833447182,0.840643768579,52.237258003853
    ));
#344 = CARTESIAN_POINT('',(4.953844261802,0.701747165158,52.461209231382
    ));
#345 = CARTESIAN_POINT('',(4.972288673589,0.562124967556,52.685160429967
    ));
#346 = CARTESIAN_POINT('',(4.986139878466,0.421957473496,52.909111628845
    ));
#347 = CARTESIAN_POINT('',(4.995379972611,0.281426109853,53.133062909831
    ));
#348 = CARTESIAN_POINT('',(5.000000000009,0.140712911474,53.357014298619
    ));
#349 = CARTESIAN_POINT('',(5.,-1.170704475912E-15,53.580965656065));
#350 = PCURVE('',#168,#351);
#351 = DEFINITIONAL_REPRESENTATION('',(#352),#367);
#352 = B_SPLINE_CURVE_WITH_KNOTS('',7,(#353,#354,#355,#356,#357,#358,
    #359,#360,#361,#362,#363,#364,#365,#366),.UNSPECIFIED.,.F.,.F.,(8,6,
    8),(0.,0.793206962663,1.),.UNSPECIFIED.);
#353 = CARTESIAN_POINT('',(-0.952654824574,-28.51));
#354 = CARTESIAN_POINT('',(-0.844706932195,-29.36902203342));
#355 = CARTESIAN_POINT('',(-0.736750016066,-30.22811160474));
#356 = CARTESIAN_POINT('',(-0.628802293852,-31.08715242694));
#357 = CARTESIAN_POINT('',(-0.520856163528,-31.94615974408));
#358 = CARTESIAN_POINT('',(-0.412905447089,-32.80519684146));
#359 = CARTESIAN_POINT('',(-0.304947786413,-33.66428573695));
#360 = CARTESIAN_POINT('',(-0.168856164814,-34.74725800385));
#361 = CARTESIAN_POINT('',(-0.140713372746,-34.97120923138));
#362 = CARTESIAN_POINT('',(-0.112570616039,-35.19516042996));
#363 = CARTESIAN_POINT('',(-8.442790021629E-02,-35.41911162884));
#364 = CARTESIAN_POINT('',(-5.62852219451E-02,-35.64306290983));
#365 = CARTESIAN_POINT('',(-2.814258229485E-02,-35.86701429861));
#366 = CARTESIAN_POINT('',(0.,-36.09096565606));
#367 = ( GEOMETRIC_REPRESENTATION_CONTEXT(2) 
PARAMETRIC_REPRESENTATION_CONTEXT() REPRESENTATION_CONTEXT('2D SPACE',''
  ) );
#368 = PCURVE('',#369,#394);
#369 = B_SPLINE_SURFACE_WITH_KNOTS('',1,11,(
    (#370,#371,#372,#373,#374,#375,#376,#377,#378,#379,#380,#381)
    ,(#382,#383,#384,#385,#386,#387,#388,#389,#390,#391,#392,#393
  )),.UNSPECIFIED.,.F.,.F.,.F.,(2,2),(12,12),(0.,1.7),(0.,54.5),
  .PIECEWISE_BEZIER_KNOTS.);
#370 = CARTESIAN_POINT('',(3.187368616586,4.482262966627,46.));
#371 = CARTESIAN_POINT('',(5.978054871876,2.497786407559,50.954545454552
    ));
#372 = CARTESIAN_POINT('',(7.410388400038,-1.397050696773,
    55.909090909064));
#373 = CARTESIAN_POINT('',(6.022940533733,-6.17684570166,60.863636363704
    ));
#374 = CARTESIAN_POINT('',(1.278662208556,-9.518459740261,
    65.818181818061));
#375 = CARTESIAN_POINT('',(-5.379837964207,-8.909888509861,
    70.772727272885));
#376 = CARTESIAN_POINT('',(-9.904857936231,-3.197273689139,
    75.727272727116));
#377 = CARTESIAN_POINT('',(-8.97296989191,3.423720810767,80.681818181936
    ));
#378 = CARTESIAN_POINT('',(-4.634011079427,7.277030768781,
    85.636363636298));
#379 = CARTESIAN_POINT('',(0.336473531177,7.5334183776,90.590909090935)
  );
#380 = CARTESIAN_POINT('',(3.799982309217,5.247495730208,95.545454545449
    ));
#381 = CARTESIAN_POINT('',(5.092900931514,2.076622281925,100.5));
#382 = CARTESIAN_POINT('',(2.202181953278,3.096836231488,46.));
#383 = CARTESIAN_POINT('',(4.130292456933,1.725743336132,50.954545454551
    ));
#384 = CARTESIAN_POINT('',(5.119904712754,-0.965235026861,
    55.909090909069));
#385 = CARTESIAN_POINT('',(4.161304368761,-4.267638848419,
    60.863636363692));
#386 = CARTESIAN_POINT('',(0.883439344094,-6.576390365999,
    65.818181818083));
#387 = CARTESIAN_POINT('',(-3.716978957089,-6.155922970449,
    70.772727272858));
#388 = CARTESIAN_POINT('',(-6.843356392305,-2.209025457951,
    75.727272727143));
#389 = CARTESIAN_POINT('',(-6.199506470774,2.365479832894,
    80.681818181916));
#390 = CARTESIAN_POINT('',(-3.20168038215,5.027766712975,85.636363636309
    ));
#391 = CARTESIAN_POINT('',(0.23247262154,5.204907242705,90.590909090931)
  );
#392 = CARTESIAN_POINT('',(2.625442322732,3.625542504507,95.54545454545)
  );
#393 = CARTESIAN_POINT('',(3.518731552682,1.434757212966,100.5));
#394 = DEFINITIONAL_REPRESENTATION('',(#395),#410);
#395 = B_SPLINE_CURVE_WITH_KNOTS('',7,(#396,#397,#398,#399,#400,#401,
    #402,#403,#404,#405,#406,#407,#408,#409),.UNSPECIFIED.,.F.,.F.,(8,6,
    8),(0.,0.793206962663,1.),.UNSPECIFIED.);
#396 = CARTESIAN_POINT('',(0.5,0.));
#397 = CARTESIAN_POINT('',(0.5,0.859022033424));
#398 = CARTESIAN_POINT('',(0.500033669488,1.718111604746));
#399 = CARTESIAN_POINT('',(0.500036844002,2.577152426941));
#400 = CARTESIAN_POINT('',(0.500022893615,3.436159744081));
#401 = CARTESIAN_POINT('',(0.500007930241,4.295196841463));
#402 = CARTESIAN_POINT('',(0.499996824827,5.154285736951));
#403 = CARTESIAN_POINT('',(0.499989303735,6.237258003853));
#404 = CARTESIAN_POINT('',(0.499988094897,6.461209232073));
#405 = CARTESIAN_POINT('',(0.499987248724,6.685160430072));
#406 = CARTESIAN_POINT('',(0.499986759329,6.909111627949));
#407 = CARTESIAN_POINT('',(0.499986603025,7.133062909135));
#408 = CARTESIAN_POINT('',(0.499986742598,7.357014299595));
#409 = CARTESIAN_POINT('',(0.499987131586,7.580965657042));
#410 = ( GEOMETRIC_REPRESENTATION_CONTEXT(2) 
PARAMETRIC_REPRESENTATION_CONTEXT() REPRESENTATION_CONTEXT('2D SPACE',''
  ) );
#411 = ORIENTED_EDGE('',*,*,#412,.T.);
#412 = EDGE_CURVE('',#332,#413,#415,.T.);
#413 = VERTEX_POINT('',#414);
#414 = CARTESIAN_POINT('',(5.,0.,71.419014889202));
#415 = SURFACE_CURVE('',#416,(#420,#427),.PCURVE_S1.);
#416 = LINE('',#417,#418);
#417 = CARTESIAN_POINT('',(5.,0.,17.49));
#418 = VECTOR('',#419,1.);
#419 = DIRECTION('',(0.,0.,1.));
#420 = PCURVE('',#168,#421);
#421 = DEFINITIONAL_REPRESENTATION('',(#422),#426);
#422 = LINE('',#423,#424);
#423 = CARTESIAN_POINT('',(-0.,0.));
#424 = VECTOR('',#425,1.);
#425 = DIRECTION('',(-0.,-1.));
#426 = ( GEOMETRIC_REPRESENTATION_CONTEXT(2) 
PARAMETRIC_REPRESENTATION_CONTEXT() REPRESENTATION_CONTEXT('2D SPACE',''
  ) );
#427 = PCURVE('',#428,#433);
#428 = CYLINDRICAL_SURFACE('',#429,5.);
#429 = AXIS2_PLACEMENT_3D('',#430,#431,#432);
#430 = CARTESIAN_POINT('',(0.,0.,17.49));
#431 = DIRECTION('',(-0.,-0.,-1.));
#432 = DIRECTION('',(1.,0.,0.));
#433 = DEFINITIONAL_REPRESENTATION('',(#434),#438);
#434 = LINE('',#435,#436);
#435 = CARTESIAN_POINT('',(-6.28318530718,0.));
#436 = VECTOR('',#437,1.);
#437 = DIRECTION('',(-0.,-1.));
#438 = ( GEOMETRIC_REPRESENTATION_CONTEXT(2) 
PARAMETRIC_REPRESENTATION_CONTEXT() REPRESENTATION_CONTEXT('2D SPACE',''
  ) );
#439 = ORIENTED_EDGE('',*,*,#440,.F.);
#440 = EDGE_CURVE('',#441,#413,#443,.T.);
#441 = VERTEX_POINT('',#442);
#442 = CARTESIAN_POINT('',(-4.993070274917,-0.263152483811,46.));
#443 = SURFACE_CURVE('',#444,(#471,#501),.PCURVE_S1.);
#444 = B_SPLINE_CURVE_WITH_KNOTS('',7,(#445,#446,#447,#448,#449,#450,
    #451,#452,#453,#454,#455,#456,#457,#458,#459,#460,#461,#462,#463,
    #464,#465,#466,#467,#468,#469,#470),.UNSPECIFIED.,.F.,.F.,(8,6,6,6,8
    ),(0.,0.302306691941,0.607329239219,0.806504169906,1.),
  .UNSPECIFIED.);
#445 = CARTESIAN_POINT('',(-4.993070274917,-0.263152483811,46.));
#446 = CARTESIAN_POINT('',(-5.029370162673,0.425603662088,
    47.097710818886));
#447 = CARTESIAN_POINT('',(-4.954834117952,1.120352272905,
    48.195654816498));
#448 = CARTESIAN_POINT('',(-4.768234547194,1.799397788236,
    49.293423280204));
#449 = CARTESIAN_POINT('',(-4.473797527432,2.441138560207,
    50.391077669518));
#450 = CARTESIAN_POINT('',(-4.080699165824,3.025470494902,
    51.488837291507));
#451 = CARTESIAN_POINT('',(-3.60263682636,3.535068807746,52.586780684502
    ));
#452 = CARTESIAN_POINT('',(-2.50612898009,4.38219200109,54.792065648873)
  );
#453 = CARTESIAN_POINT('',(-1.886221423799,4.718316067191,
    55.899884829346));
#454 = CARTESIAN_POINT('',(-1.214699990375,4.951404567437,
    57.007513822756));
#455 = CARTESIAN_POINT('',(-0.512368391198,5.072416975986,58.11503512582
    ));
#456 = CARTESIAN_POINT('',(0.198449841851,5.077497350365,59.22266087299)
  );
#457 = CARTESIAN_POINT('',(0.895108743497,4.968206729328,60.330477752598
    ));
#458 = CARTESIAN_POINT('',(1.988291083777,4.610119039155,62.161277599179
    ));
#459 = CARTESIAN_POINT('',(2.405154143571,4.422867243266,62.884533546153
    ));
#460 = CARTESIAN_POINT('',(2.801175891198,4.191732605037,63.607767990021
    ));
#461 = CARTESIAN_POINT('',(3.170842819856,3.919561343784,64.330989106132
    ));
#462 = CARTESIAN_POINT('',(3.509148188903,3.610040566353,65.054224257266
    ));
#463 = CARTESIAN_POINT('',(3.811738860929,3.267589553573,65.777481214566
    ));
#464 = CARTESIAN_POINT('',(4.330852033426,2.537441144624,67.203316548712
    ));
#465 = CARTESIAN_POINT('',(4.54960173349,2.151285387192,67.905948288058)
  );
#466 = CARTESIAN_POINT('',(4.728021040039,1.743369023123,68.608561620355
    ));
#467 = CARTESIAN_POINT('',(4.863573321875,1.318777492876,69.311163260753
    ));
#468 = CARTESIAN_POINT('',(4.954526256368,0.882936191871,70.013776591359
    ));
#469 = CARTESIAN_POINT('',(4.999999999991,0.441460442656,70.716408293016
    ));
#470 = CARTESIAN_POINT('',(5.,-9.436895709314E-16,71.419014889202));
#471 = PCURVE('',#168,#472);
#472 = DEFINITIONAL_REPRESENTATION('',(#473),#500);
#473 = B_SPLINE_CURVE_WITH_KNOTS('',7,(#474,#475,#476,#477,#478,#479,
    #480,#481,#482,#483,#484,#485,#486,#487,#488,#489,#490,#491,#492,
    #493,#494,#495,#496,#497,#498,#499),.UNSPECIFIED.,.F.,.F.,(8,6,6,6,8
    ),(0.,0.302306691941,0.607329239219,0.806504169906,1.),
  .UNSPECIFIED.);
#474 = CARTESIAN_POINT('',(-3.194247478164,-28.51));
#475 = CARTESIAN_POINT('',(-3.056305068389,-29.60771081888));
#476 = CARTESIAN_POINT('',(-2.918332579171,-30.70565481649));
#477 = CARTESIAN_POINT('',(-2.780388215402,-31.8034232802));
#478 = CARTESIAN_POINT('',(-2.642449143127,-32.90107766951));
#479 = CARTESIAN_POINT('',(-2.504498694684,-33.9988372915));
#480 = CARTESIAN_POINT('',(-2.366525632199,-35.0967806845));
#481 = CARTESIAN_POINT('',(-2.089401316295,-37.30206564887));
#482 = CARTESIAN_POINT('',(-1.950189935847,-38.40988482934));
#483 = CARTESIAN_POINT('',(-1.81100395074,-39.51751382275));
#484 = CARTESIAN_POINT('',(-1.671831058515,-40.62503512581));
#485 = CARTESIAN_POINT('',(-1.53264297091,-41.73266087299));
#486 = CARTESIAN_POINT('',(-1.393429718318,-42.84047775259));
#487 = CARTESIAN_POINT('',(-1.163362387047,-44.67127759917));
#488 = CARTESIAN_POINT('',(-1.072474283625,-45.39453354615));
#489 = CARTESIAN_POINT('',(-0.981588897361,-46.11776799002));
#490 = CARTESIAN_POINT('',(-0.890705458816,-46.84098910613));
#491 = CARTESIAN_POINT('',(-0.799820653587,-47.56422425726));
#492 = CARTESIAN_POINT('',(-0.708933459915,-48.28748121456));
#493 = CARTESIAN_POINT('',(-0.529758106147,-49.71331654871));
#494 = CARTESIAN_POINT('',(-0.441463225602,-50.41594828805));
#495 = CARTESIAN_POINT('',(-0.353170796298,-51.11856162035));
#496 = CARTESIAN_POINT('',(-0.26487980591,-51.82116326075));
#497 = CARTESIAN_POINT('',(-0.176587192822,-52.52377659135));
#498 = CARTESIAN_POINT('',(-8.829208853114E-02,-53.22640829301));
#499 = CARTESIAN_POINT('',(0.,-53.9290148892));
#500 = ( GEOMETRIC_REPRESENTATION_CONTEXT(2) 
PARAMETRIC_REPRESENTATION_CONTEXT() REPRESENTATION_CONTEXT('2D SPACE',''
  ) );
#501 = PCURVE('',#502,#527);
#502 = B_SPLINE_SURFACE_WITH_KNOTS('',1,11,(
    (#503,#504,#505,#506,#507,#508,#509,#510,#511,#512,#513,#514)
    ,(#515,#516,#517,#518,#519,#520,#521,#522,#523,#524,#525,#526
  )),.UNSPECIFIED.,.F.,.F.,.F.,(2,2),(12,12),(0.,1.7),(0.,54.5),
  .PIECEWISE_BEZIER_KNOTS.);
#503 = CARTESIAN_POINT('',(-3.794733408937,-0.199995887696,46.));
#504 = CARTESIAN_POINT('',(-3.919252157405,2.162629965731,
    50.954545454551));
#505 = CARTESIAN_POINT('',(-2.426489235388,4.61055885065,55.909090909068
    ));
#506 = CARTESIAN_POINT('',(0.756248073909,5.912468540357,60.863636363695
    ));
#507 = CARTESIAN_POINT('',(4.602308839251,4.779971617997,65.81818181808)
  );
#508 = CARTESIAN_POINT('',(7.132611287926,0.914973442731,70.772727272861
    ));
#509 = CARTESIAN_POINT('',(5.98428763515,-3.987432969437,75.727272727142
    ));
#510 = CARTESIAN_POINT('',(2.000731013305,-6.326646088838,
    80.681818181916));
#511 = CARTESIAN_POINT('',(-1.948188520843,-5.633272306289,
    85.636363636309));
#512 = CARTESIAN_POINT('',(-4.221651204225,-3.053320165786,
    90.590909090931));
#513 = CARTESIAN_POINT('',(-4.471986124708,-0.19709374012,
    95.545454545449));
#514 = CARTESIAN_POINT('',(-3.311162542514,1.864457727343,100.5));
#515 = CARTESIAN_POINT('',(-5.492377302409,-0.289467732192,46.));
#516 = CARTESIAN_POINT('',(-5.67260180677,3.13012231882,50.954545454551)
  );
#517 = CARTESIAN_POINT('',(-3.512023893325,6.673177283835,
    55.909090909069));
#518 = CARTESIAN_POINT('',(1.094569580658,8.55752025578,60.863636363691)
  );
#519 = CARTESIAN_POINT('',(6.661236477862,6.918379973417,65.818181818085
    ));
#520 = CARTESIAN_POINT('',(10.323516337789,1.324303667109,
    70.772727272855));
#521 = CARTESIAN_POINT('',(8.66146894561,-5.771284561027,75.727272727146
    ));
#522 = CARTESIAN_POINT('',(2.89579488768,-9.156987760161,80.681818181915
    ));
#523 = CARTESIAN_POINT('',(-2.819746543326,-8.153420443312,
    85.636363636309));
#524 = CARTESIAN_POINT('',(-6.110284637694,-4.419279187322,
    90.590909090931));
#525 = CARTESIAN_POINT('',(-6.472611496289,-0.285267255437,
    95.545454545449));
#526 = CARTESIAN_POINT('',(-4.792472101008,2.698557236944,100.5));
#527 = DEFINITIONAL_REPRESENTATION('',(#528),#555);
#528 = B_SPLINE_CURVE_WITH_KNOTS('',7,(#529,#530,#531,#532,#533,#534,
    #535,#536,#537,#538,#539,#540,#541,#542,#543,#544,#545,#546,#547,
    #548,#549,#550,#551,#552,#553,#554),.UNSPECIFIED.,.F.,.F.,(8,6,6,6,8
    ),(0.,0.302306691941,0.607329239219,0.806504169906,1.),
  .UNSPECIFIED.);
#529 = CARTESIAN_POINT('',(1.2,0.));
#530 = CARTESIAN_POINT('',(1.2,1.097710818885));
#531 = CARTESIAN_POINT('',(1.199944857171,2.195654816497));
#532 = CARTESIAN_POINT('',(1.19996957574,3.293423280204));
#533 = CARTESIAN_POINT('',(1.199997747623,4.391077669517));
#534 = CARTESIAN_POINT('',(1.200011655763,5.488837291507));
#535 = CARTESIAN_POINT('',(1.200015045352,6.586780684502));
#536 = CARTESIAN_POINT('',(1.20001026663,8.792065648873));
#537 = CARTESIAN_POINT('',(1.200002129769,9.899884829346));
#538 = CARTESIAN_POINT('',(1.199993622731,11.007513822755));
#539 = CARTESIAN_POINT('',(1.19999488883,12.115035125821));
#540 = CARTESIAN_POINT('',(1.199998214757,13.22266087299));
#541 = CARTESIAN_POINT('',(1.200000191143,14.330477752598));
#542 = CARTESIAN_POINT('',(1.200000036806,16.161277599179));
#543 = CARTESIAN_POINT('',(1.199999103734,16.884533546153));
#544 = CARTESIAN_POINT('',(1.199997064308,17.607767990022));
#545 = CARTESIAN_POINT('',(1.199994401636,18.330989106132));
#546 = CARTESIAN_POINT('',(1.199991993235,19.054224257266));
#547 = CARTESIAN_POINT('',(1.199990665261,19.777481214566));
#548 = CARTESIAN_POINT('',(1.199990583739,21.203316548712));
#549 = CARTESIAN_POINT('',(1.199991762067,21.90594828842));
#550 = CARTESIAN_POINT('',(1.199994411769,22.60856161984));
#551 = CARTESIAN_POINT('',(1.199998304091,23.311163260549));
#552 = CARTESIAN_POINT('',(1.200002717857,24.013776592148));
#553 = CARTESIAN_POINT('',(1.200006723717,24.716408292706));
#554 = CARTESIAN_POINT('',(1.200009763427,25.419014888892));
#555 = ( GEOMETRIC_REPRESENTATION_CONTEXT(2) 
PARAMETRIC_REPRESENTATION_CONTEXT() REPRESENTATION_CONTEXT('2D SPACE',''
  ) );
#556 = ORIENTED_EDGE('',*,*,#557,.F.);
#557 = EDGE_CURVE('',#558,#441,#560,.T.);
#558 = VERTEX_POINT('',#559);
#559 = CARTESIAN_POINT('',(-2.89760783326,-4.074784515116,46.));
#560 = SURFACE_CURVE('',#561,(#566,#573),.PCURVE_S1.);
#561 = CIRCLE('',#562,5.);
#562 = AXIS2_PLACEMENT_3D('',#563,#564,#565);
#563 = CARTESIAN_POINT('',(0.,0.,46.));
#564 = DIRECTION('',(0.,0.,-1.));
#565 = DIRECTION('',(1.,0.,0.));
#566 = PCURVE('',#168,#567);
#567 = DEFINITIONAL_REPRESENTATION('',(#568),#572);
#568 = LINE('',#569,#570);
#569 = CARTESIAN_POINT('',(-6.28318530718,-28.51));
#570 = VECTOR('',#571,1.);
#571 = DIRECTION('',(1.,-0.));
#572 = ( GEOMETRIC_REPRESENTATION_CONTEXT(2) 
PARAMETRIC_REPRESENTATION_CONTEXT() REPRESENTATION_CONTEXT('2D SPACE',''
  ) );
#573 = PCURVE('',#574,#579);
#574 = PLANE('',#575);
#575 = AXIS2_PLACEMENT_3D('',#576,#577,#578);
#576 = CARTESIAN_POINT('',(-3.948915440975,-2.170934634792,46.));
#577 = DIRECTION('',(-7.848186867761E-16,5.199719494247E-16,1.));
#578 = DIRECTION('',(1.,0.,7.848186867761E-16));
#579 = DEFINITIONAL_REPRESENTATION('',(#580),#588);
#580 = ( BOUNDED_CURVE() B_SPLINE_CURVE(2,(#581,#582,#583,#584,#585,#586
,#587),.UNSPECIFIED.,.T.,.F.) B_SPLINE_CURVE_WITH_KNOTS((1,2,2,2,2,1),(
    -2.094395102393,0.,2.094395102393,4.188790204786,6.28318530718,
8.377580409573),.UNSPECIFIED.) CURVE() GEOMETRIC_REPRESENTATION_ITEM() 
RATIONAL_B_SPLINE_CURVE((1.,0.5,1.,0.5,1.,0.5,1.)) REPRESENTATION_ITEM(
  '') );
#581 = CARTESIAN_POINT('',(8.948915440975,2.170934634792));
#582 = CARTESIAN_POINT('',(8.948915440975,-6.489319403052));
#583 = CARTESIAN_POINT('',(1.448915440975,-2.15919238413));
#584 = CARTESIAN_POINT('',(-6.051084559025,2.170934634792));
#585 = CARTESIAN_POINT('',(1.448915440975,6.501061653714));
#586 = CARTESIAN_POINT('',(8.948915440975,10.831188672636));
#587 = CARTESIAN_POINT('',(8.948915440975,2.170934634792));
#588 = ( GEOMETRIC_REPRESENTATION_CONTEXT(2) 
PARAMETRIC_REPRESENTATION_CONTEXT() REPRESENTATION_CONTEXT('2D SPACE',''
  ) );
#589 = ORIENTED_EDGE('',*,*,#590,.T.);
#590 = EDGE_CURVE('',#558,#591,#593,.T.);
#591 = VERTEX_POINT('',#592);
#592 = CARTESIAN_POINT('',(5.,0.,78.580998311281));
#593 = SURFACE_CURVE('',#594,(#633,#675),.PCURVE_S1.);
#594 = B_SPLINE_CURVE_WITH_KNOTS('',7,(#595,#596,#597,#598,#599,#600,
    #601,#602,#603,#604,#605,#606,#607,#608,#609,#610,#611,#612,#613,
    #614,#615,#616,#617,#618,#619,#620,#621,#622,#623,#624,#625,#626,
    #627,#628,#629,#630,#631,#632),.UNSPECIFIED.,.F.,.F.,(8,6,6,6,6,6,8)
  ,(0.,0.235852473272,0.473823790348,0.580705085303,0.629216998193,
    0.808400549495,1.),.UNSPECIFIED.);
#595 = CARTESIAN_POINT('',(-2.89760783326,-4.074784515116,46.));
#596 = CARTESIAN_POINT('',(-3.45969342497,-3.675081510587,
    47.097710811817));
#597 = CARTESIAN_POINT('',(-3.957576356062,-3.184832762833,
    48.195654802357));
#598 = CARTESIAN_POINT('',(-4.3734988262,-2.616562841164,49.293423258985
    ));
#599 = CARTESIAN_POINT('',(-4.693166655181,-1.987009944723,
    50.391077641247));
#600 = CARTESIAN_POINT('',(-4.90653572506,-1.315858869959,
    51.488837256153));
#601 = CARTESIAN_POINT('',(-5.008549483874,-0.624608388994,
    52.58678064208));
#602 = CARTESIAN_POINT('',(-4.990523678262,0.760895920943,
    54.792065583986));
#603 = CARTESIAN_POINT('',(-4.868477995402,1.455424252453,
    55.899884749055));
#604 = CARTESIAN_POINT('',(-4.633638083622,2.126335189668,
    57.007513727058));
#605 = CARTESIAN_POINT('',(-4.291854049656,2.751712945565,
    58.115035014744));
#606 = CARTESIAN_POINT('',(-3.853981959239,3.311674005298,59.22266074651
    ));
#607 = CARTESIAN_POINT('',(-3.335321572856,3.789449532611,
    60.330477610711));
#608 = CARTESIAN_POINT('',(-2.493681852873,4.345025262904,
    61.935499802442));
#609 = CARTESIAN_POINT('',(-2.220269034758,4.49819447735,62.432953928887
    ));
#610 = CARTESIAN_POINT('',(-1.935964213041,4.631238265385,
    62.930404756319));
#611 = CARTESIAN_POINT('',(-1.642553172908,4.743241905914,
    63.427853547509));
#612 = CARTESIAN_POINT('',(-1.341912459261,4.833489192005,
    63.925304531117));
#613 = CARTESIAN_POINT('',(-1.03598302192,4.901472423655,64.422758942808
    ));
#614 = CARTESIAN_POINT('',(-0.58638456549,4.967522426584,65.145994664043
    ));
#615 = CARTESIAN_POINT('',(-0.445342790834,4.983496263829,
    65.371780376924));
#616 = CARTESIAN_POINT('',(-0.303803189852,4.994796790291,65.59756605839
    ));
#617 = CARTESIAN_POINT('',(-0.161951651453,5.00140609468,65.823351730468
    ));
#618 = CARTESIAN_POINT('',(-1.997475993638E-02,5.003315500064,
    66.049137470789));
#619 = CARTESIAN_POINT('',(0.121940745533,5.000525587518,66.27492329953)
  );
#620 = CARTESIAN_POINT('',(0.786872425228,4.965420434753,67.334671141355
    ));
#621 = CARTESIAN_POINT('',(1.306794528892,4.873815725857,68.168691790724
    ));
#622 = CARTESIAN_POINT('',(1.813919848307,4.718716637375,69.002668537099
    ));
#623 = CARTESIAN_POINT('',(2.298970159956,4.502369461125,69.836617363757
    ));
#624 = CARTESIAN_POINT('',(2.753200362609,4.228674114198,70.670593903064
    ));
#625 = CARTESIAN_POINT('',(3.168737697312,3.903033561209,71.504614309373
    ));
#626 = CARTESIAN_POINT('',(3.934719304188,3.135589665138,73.230323777173
    ));
#627 = CARTESIAN_POINT('',(4.278725233516,2.687233824344,74.122153861757
    ));
#628 = CARTESIAN_POINT('',(4.562719889779,2.195274498874,75.013920810742
    ));
#629 = CARTESIAN_POINT('',(4.78022064538,1.669469215505,75.905651028689)
  );
#630 = CARTESIAN_POINT('',(4.926748575926,1.120649814775,76.797418826811
    ));
#631 = CARTESIAN_POINT('',(4.99999999999,0.560299198764,77.689249834939)
  );
#632 = CARTESIAN_POINT('',(5.,-1.7763568394E-15,78.580998311281));
#633 = PCURVE('',#168,#634);
#634 = DEFINITIONAL_REPRESENTATION('',(#635),#674);
#635 = B_SPLINE_CURVE_WITH_KNOTS('',7,(#636,#637,#638,#639,#640,#641,
    #642,#643,#644,#645,#646,#647,#648,#649,#650,#651,#652,#653,#654,
    #655,#656,#657,#658,#659,#660,#661,#662,#663,#664,#665,#666,#667,
    #668,#669,#670,#671,#672,#673),.UNSPECIFIED.,.F.,.F.,(8,6,6,6,6,6,8)
  ,(0.,0.235852473272,0.473823790348,0.580705085303,0.629216998193,
    0.808400549495,1.),.UNSPECIFIED.);
#636 = CARTESIAN_POINT('',(-4.094247478164,-28.51));
#637 = CARTESIAN_POINT('',(-3.956305069277,-29.60771081181));
#638 = CARTESIAN_POINT('',(-3.818332580948,-30.70565480235));
#639 = CARTESIAN_POINT('',(-3.680388218068,-31.80342325898));
#640 = CARTESIAN_POINT('',(-3.542449146679,-32.90107764124));
#641 = CARTESIAN_POINT('',(-3.404498699127,-33.99883725615));
#642 = CARTESIAN_POINT('',(-3.26652563753,-35.09678064208));
#643 = CARTESIAN_POINT('',(-2.989401324449,-37.30206558398));
#644 = CARTESIAN_POINT('',(-2.850189945937,-38.40988474905));
#645 = CARTESIAN_POINT('',(-2.711003962767,-39.51751372705));
#646 = CARTESIAN_POINT('',(-2.571831072472,-40.62503501474));
#647 = CARTESIAN_POINT('',(-2.432642986804,-41.7326607465));
#648 = CARTESIAN_POINT('',(-2.293429736148,-42.84047761071));
#649 = CARTESIAN_POINT('',(-2.091734737663,-44.44549980244));
#650 = CARTESIAN_POINT('',(-2.029222106326,-44.94295392888));
#651 = CARTESIAN_POINT('',(-1.966709868667,-45.44040475631));
#652 = CARTESIAN_POINT('',(-1.904197939808,-45.9378535475));
#653 = CARTESIAN_POINT('',(-1.84168585021,-46.43530453111));
#654 = CARTESIAN_POINT('',(-1.779173482099,-46.9327589428));
#655 = CARTESIAN_POINT('',(-1.688288637398,-47.65599466404));
#656 = CARTESIAN_POINT('',(-1.659915486176,-47.88178037692));
#657 = CARTESIAN_POINT('',(-1.631542371165,-48.10756605839));
#658 = CARTESIAN_POINT('',(-1.603169288898,-48.33335173046));
#659 = CARTESIAN_POINT('',(-1.57479622789,-48.55913747078));
#660 = CARTESIAN_POINT('',(-1.546423183014,-48.78492329953));
#661 = CARTESIAN_POINT('',(-1.413251637944,-49.84467114135));
#662 = CARTESIAN_POINT('',(-1.308446070565,-50.67869179072));
#663 = CARTESIAN_POINT('',(-1.203646193337,-51.51266853709));
#664 = CARTESIAN_POINT('',(-1.098849685691,-52.34661736375));
#665 = CARTESIAN_POINT('',(-0.994049388542,-53.18059390306));
#666 = CARTESIAN_POINT('',(-0.889243327855,-54.01461430937));
#667 = CARTESIAN_POINT('',(-0.672384114937,-55.74032377717));
#668 = CARTESIAN_POINT('',(-0.560313224492,-56.63215386175));
#669 = CARTESIAN_POINT('',(-0.448250293379,-57.52392081074));
#670 = CARTESIAN_POINT('',(-0.336192278763,-58.41565102868));
#671 = CARTESIAN_POINT('',(-0.224129953327,-59.30741882681));
#672 = CARTESIAN_POINT('',(-0.112059839753,-60.19924983493));
#673 = CARTESIAN_POINT('',(0.,-61.09099831128));
#674 = ( GEOMETRIC_REPRESENTATION_CONTEXT(2) 
PARAMETRIC_REPRESENTATION_CONTEXT() REPRESENTATION_CONTEXT('2D SPACE',''
  ) );
#675 = PCURVE('',#676,#701);
#676 = B_SPLINE_SURFACE_WITH_KNOTS('',1,11,(
    (#677,#678,#679,#680,#681,#682,#683,#684,#685,#686,#687,#688)
    ,(#689,#690,#691,#692,#693,#694,#695,#696,#697,#698,#699,#700
  )),.UNSPECIFIED.,.F.,.F.,.F.,(2,2),(12,12),(0.,1.7),(0.,54.5),
  .PIECEWISE_BEZIER_KNOTS.);
#677 = CARTESIAN_POINT('',(-3.187368616586,-4.482262966627,46.));
#678 = CARTESIAN_POINT('',(-5.978054871876,-2.497786407559,
    50.954545454551));
#679 = CARTESIAN_POINT('',(-7.410388400039,1.397050696773,
    55.909090909068));
#680 = CARTESIAN_POINT('',(-6.022940533732,6.17684570166,60.863636363695
    ));
#681 = CARTESIAN_POINT('',(-1.278662208557,9.518459740261,65.81818181808
    ));
#682 = CARTESIAN_POINT('',(5.379837964208,8.909888509862,70.772727272861
    ));
#683 = CARTESIAN_POINT('',(9.90485793623,3.197273689139,75.727272727142)
  );
#684 = CARTESIAN_POINT('',(8.972969891911,-3.423720810767,
    80.681818181916));
#685 = CARTESIAN_POINT('',(4.634011079426,-7.277030768781,
    85.636363636309));
#686 = CARTESIAN_POINT('',(-0.336473531177,-7.5334183776,90.590909090931
    ));
#687 = CARTESIAN_POINT('',(-3.799982309217,-5.247495730208,
    95.545454545449));
#688 = CARTESIAN_POINT('',(-5.092900931514,-2.076622281925,100.5));
#689 = CARTESIAN_POINT('',(-2.202181953278,-3.096836231488,46.));
#690 = CARTESIAN_POINT('',(-4.130292456933,-1.725743336132,
    50.954545454551));
#691 = CARTESIAN_POINT('',(-5.119904712753,0.965235026861,
    55.909090909065));
#692 = CARTESIAN_POINT('',(-4.161304368762,4.267638848419,
    60.863636363701));
#693 = CARTESIAN_POINT('',(-0.883439344092,6.576390365999,
    65.818181818068));
#694 = CARTESIAN_POINT('',(3.716978957087,6.155922970449,70.772727272876
    ));
#695 = CARTESIAN_POINT('',(6.843356392306,2.209025457951,75.727272727124
    ));
#696 = CARTESIAN_POINT('',(6.199506470773,-2.365479832894,
    80.681818181931));
#697 = CARTESIAN_POINT('',(3.20168038215,-5.027766712975,85.636363636299
    ));
#698 = CARTESIAN_POINT('',(-0.232472621541,-5.204907242705,
    90.590909090935));
#699 = CARTESIAN_POINT('',(-2.625442322732,-3.625542504507,
    95.545454545448));
#700 = CARTESIAN_POINT('',(-3.518731552682,-1.434757212966,100.5));
#701 = DEFINITIONAL_REPRESENTATION('',(#702),#741);
#702 = B_SPLINE_CURVE_WITH_KNOTS('',7,(#703,#704,#705,#706,#707,#708,
    #709,#710,#711,#712,#713,#714,#715,#716,#717,#718,#719,#720,#721,
    #722,#723,#724,#725,#726,#727,#728,#729,#730,#731,#732,#733,#734,
    #735,#736,#737,#738,#739,#740),.UNSPECIFIED.,.F.,.F.,(8,6,6,6,6,6,8)
  ,(0.,0.235852473272,0.473823790348,0.580705085303,0.629216998193,
    0.808400549495,1.),.UNSPECIFIED.);
#703 = CARTESIAN_POINT('',(0.5,0.));
#704 = CARTESIAN_POINT('',(0.5,1.097710811816));
#705 = CARTESIAN_POINT('',(0.500055142829,2.195654802356));
#706 = CARTESIAN_POINT('',(0.50003042426,3.293423258985));
#707 = CARTESIAN_POINT('',(0.500002252378,4.391077641247));
#708 = CARTESIAN_POINT('',(0.499988344238,5.488837256153));
#709 = CARTESIAN_POINT('',(0.499984954648,6.58678064208));
#710 = CARTESIAN_POINT('',(0.499989733369,8.792065583986));
#711 = CARTESIAN_POINT('',(0.499997870231,9.899884749056));
#712 = CARTESIAN_POINT('',(0.500006377268,11.007513727056));
#713 = CARTESIAN_POINT('',(0.50000511117,12.115035014746));
#714 = CARTESIAN_POINT('',(0.500001785243,13.222660746509));
#715 = CARTESIAN_POINT('',(0.499999808857,14.330477610711));
#716 = CARTESIAN_POINT('',(0.49999994416,15.935499802442));
#717 = CARTESIAN_POINT('',(0.500000398805,16.432953928887));
#718 = CARTESIAN_POINT('',(0.500001343135,16.930404756319));
#719 = CARTESIAN_POINT('',(0.5000026894,17.427853547509));
#720 = CARTESIAN_POINT('',(0.500004244765,17.925304531117));
#721 = CARTESIAN_POINT('',(0.500005770948,18.422758942808));
#722 = CARTESIAN_POINT('',(0.500007621624,19.145994664044));
#723 = CARTESIAN_POINT('',(0.500008147811,19.371780376924));
#724 = CARTESIAN_POINT('',(0.500008602248,19.59756605839));
#725 = CARTESIAN_POINT('',(0.500008966328,19.823351730468));
#726 = CARTESIAN_POINT('',(0.500009224072,20.049137470789));
#727 = CARTESIAN_POINT('',(0.50000936318,20.27492329953));
#728 = CARTESIAN_POINT('',(0.500009423772,21.334671141355));
#729 = CARTESIAN_POINT('',(0.500007764963,22.168691790723));
#730 = CARTESIAN_POINT('',(0.50000392782,23.002668537099));
#731 = CARTESIAN_POINT('',(0.499998530719,23.836617363757));
#732 = CARTESIAN_POINT('',(0.499993052598,24.670593903064));
#733 = CARTESIAN_POINT('',(0.499989088903,25.504614309373));
#734 = CARTESIAN_POINT('',(0.499984959067,27.230323777173));
#735 = CARTESIAN_POINT('',(0.499985095818,28.122153861231));
#736 = CARTESIAN_POINT('',(0.49998816595,29.01392081244));
#737 = CARTESIAN_POINT('',(0.499993829964,29.905651026319));
#738 = CARTESIAN_POINT('',(0.499999851212,30.797418828414));
#739 = CARTESIAN_POINT('',(0.500004497869,31.68924983465));
#740 = CARTESIAN_POINT('',(0.500007232296,32.580998310992));
#741 = ( GEOMETRIC_REPRESENTATION_CONTEXT(2) 
PARAMETRIC_REPRESENTATION_CONTEXT() REPRESENTATION_CONTEXT('2D SPACE',''
  ) );
#742 = ORIENTED_EDGE('',*,*,#743,.T.);
#743 = EDGE_CURVE('',#591,#744,#746,.T.);
#744 = VERTEX_POINT('',#745);
#745 = CARTESIAN_POINT('',(5.,0.,96.41900733814));
#746 = SURFACE_CURVE('',#747,(#751,#758),.PCURVE_S1.);
#747 = LINE('',#748,#749);
#748 = CARTESIAN_POINT('',(5.,0.,17.49));
#749 = VECTOR('',#750,1.);
#750 = DIRECTION('',(0.,0.,1.));
#751 = PCURVE('',#168,#752);
#752 = DEFINITIONAL_REPRESENTATION('',(#753),#757);
#753 = LINE('',#754,#755);
#754 = CARTESIAN_POINT('',(-0.,0.));
#755 = VECTOR('',#756,1.);
#756 = DIRECTION('',(-0.,-1.));
#757 = ( GEOMETRIC_REPRESENTATION_CONTEXT(2) 
PARAMETRIC_REPRESENTATION_CONTEXT() REPRESENTATION_CONTEXT('2D SPACE',''
  ) );
#758 = PCURVE('',#759,#764);
#759 = CYLINDRICAL_SURFACE('',#760,5.);
#760 = AXIS2_PLACEMENT_3D('',#761,#762,#763);
#761 = CARTESIAN_POINT('',(0.,0.,17.49));
#762 = DIRECTION('',(-0.,-0.,-1.));
#763 = DIRECTION('',(1.,0.,0.));
#764 = DEFINITIONAL_REPRESENTATION('',(#765),#769);
#765 = LINE('',#766,#767);
#766 = CARTESIAN_POINT('',(-6.28318530718,0.));
#767 = VECTOR('',#768,1.);
#768 = DIRECTION('',(-0.,-1.));
#769 = ( GEOMETRIC_REPRESENTATION_CONTEXT(2) 
PARAMETRIC_REPRESENTATION_CONTEXT() REPRESENTATION_CONTEXT('2D SPACE',''
  ) );
#770 = ORIENTED_EDGE('',*,*,#771,.F.);
#771 = EDGE_CURVE('',#245,#744,#772,.T.);
#772 = SURFACE_CURVE('',#773,(#839,#908),.PCURVE_S1.);
#773 = B_SPLINE_CURVE_WITH_KNOTS('',8,(#774,#775,#776,#777,#778,#779,
    #780,#781,#782,#783,#784,#785,#786,#787,#788,#789,#790,#791,#792,
    #793,#794,#795,#796,#797,#798,#799,#800,#801,#802,#803,#804,#805,
    #806,#807,#808,#809,#810,#811,#812,#813,#814,#815,#816,#817,#818,
    #819,#820,#821,#822,#823,#824,#825,#826,#827,#828,#829,#830,#831,
    #832,#833,#834,#835,#836,#837,#838),.UNSPECIFIED.,.F.,.F.,(9,7,7,7,7
    ,7,7,7,7,9),(0.,0.149670158719,0.300381419163,0.370028876317,
    0.40164087281,0.533664160359,0.672671464904,0.773654377947,
    0.967937309999,1.),.UNSPECIFIED.);
#774 = CARTESIAN_POINT('',(5.,-8.881784197001E-16,46.419013621667));
#775 = CARTESIAN_POINT('',(4.999999999997,-0.587715417345,47.35439158224
    ));
#776 = CARTESIAN_POINT('',(4.921049139454,-1.175525799938,
    48.289924023324));
#777 = CARTESIAN_POINT('',(4.763103747491,-1.750907686947,49.22538474006
    ));
#778 = CARTESIAN_POINT('',(4.528555721079,-2.301487029609,
    50.160756738298));
#779 = CARTESIAN_POINT('',(4.222059327788,-2.815510665861,
    51.096126187742));
#780 = CARTESIAN_POINT('',(3.850358704016,-3.282276001949,
    52.031582139849));
#781 = CARTESIAN_POINT('',(3.422061948426,-3.692546704437,
    52.967113201319));
#782 = CARTESIAN_POINT('',(2.469251094168,-4.387827503913,
    54.844377979781));
#783 = CARTESIAN_POINT('',(1.943929045714,-4.672063372514,
    55.786423498156));
#784 = CARTESIAN_POINT('',(1.381639340367,-4.884115937729,
    56.728393039458));
#785 = CARTESIAN_POINT('',(0.794054969489,-5.018520969756,57.6702745485)
  );
#786 = CARTESIAN_POINT('',(0.193674947343,-5.072083361431,
    58.612154888239));
#787 = CARTESIAN_POINT('',(-0.406623146106,-5.043977800218,
    59.554121875811));
#788 = CARTESIAN_POINT('',(-0.994041930611,-4.935799730602,
    60.496165450096));
#789 = CARTESIAN_POINT('',(-1.816349004167,-4.666441155698,
    61.873318745575));
#790 = CARTESIAN_POINT('',(-2.07093110273,-4.565058985438,
    62.308590593467));
#791 = CARTESIAN_POINT('',(-2.319005225152,-4.447817523027,
    62.743860924849));
#792 = CARTESIAN_POINT('',(-2.559420394693,-4.315209561536,
    63.179129413356));
#793 = CARTESIAN_POINT('',(-2.791072150548,-4.167826944624,
    63.61439796043));
#794 = CARTESIAN_POINT('',(-3.012911626606,-4.006355154226,
    64.049668460733));
#795 = CARTESIAN_POINT('',(-3.223954630204,-3.831567898243,
    64.484940567573));
#796 = CARTESIAN_POINT('',(-3.513766555285,-3.559333294364,
    65.117771856279));
#797 = CARTESIAN_POINT('',(-3.601830952994,-3.471777849354,
    65.315334340649));
#798 = CARTESIAN_POINT('',(-3.687398896809,-3.381735228431,
    65.512896819785));
#799 = CARTESIAN_POINT('',(-3.770388592893,-3.289288643614,
    65.710459286374));
#800 = CARTESIAN_POINT('',(-3.850721603726,-3.19452450046,
    65.908021775033));
#801 = CARTESIAN_POINT('',(-3.928322981049,-3.097532244788,
    66.105584319919));
#802 = CARTESIAN_POINT('',(-4.003121398808,-2.998404209417,
    66.30314691233));
#803 = CARTESIAN_POINT('',(-4.375446514988,-2.474717674664,
    67.325803084508));
#804 = CARTESIAN_POINT('',(-4.625806012177,-2.01656347752,
    68.150978372864));
#805 = CARTESIAN_POINT('',(-4.82114562546,-1.529743230102,
    68.976114973527));
#806 = CARTESIAN_POINT('',(-4.957713293402,-1.022020320658,
    69.801206193205));
#807 = CARTESIAN_POINT('',(-5.033079015462,-0.501679320756,
    70.626297228482));
#808 = CARTESIAN_POINT('',(-5.046196558783,2.270882964997E-02,
    71.451433406553));
#809 = CARTESIAN_POINT('',(-4.997441880418,0.542527328113,
    72.276608259698));
#810 = CARTESIAN_POINT('',(-4.774072748309,1.583091161062,
    73.970441586381));
#811 = CARTESIAN_POINT('',(-4.592910884209,2.102551689723,
    74.839287643671));
#812 = CARTESIAN_POINT('',(-4.347221277093,2.597988226865,
    75.708083055509));
#813 = CARTESIAN_POINT('',(-4.040823592928,3.060066689815,76.57682007528
    ));
#814 = CARTESIAN_POINT('',(-3.679098555837,3.480244430376,
    77.445557531244));
#815 = CARTESIAN_POINT('',(-3.268811099271,3.851028618486,
    78.314353912877));
#816 = CARTESIAN_POINT('',(-2.817908184208,4.166214089171,
    79.183200724979));
#817 = CARTESIAN_POINT('',(-1.984629337816,4.606352657171,
    80.683044384494));
#818 = CARTESIAN_POINT('',(-1.617204183865,4.759781114209,
    81.314168649745));
#819 = CARTESIAN_POINT('',(-1.236356531008,4.879648648378,
    81.945282987619));
#820 = CARTESIAN_POINT('',(-0.845675199075,4.964610751642,
    82.576385023188));
#821 = CARTESIAN_POINT('',(-0.448896666642,5.013785413516,
    83.207486797677));
#822 = CARTESIAN_POINT('',(-4.983900721443E-02,5.026767077047,
    83.838600453313));
#823 = CARTESIAN_POINT('',(0.347665252114,5.003635731539,84.46972385643)
  );
#824 = CARTESIAN_POINT('',(1.494344648481,4.832075992034,86.315015787851
    ));
#825 = CARTESIAN_POINT('',(2.22951759419,4.587568809431,87.529774411819)
  );
#826 = CARTESIAN_POINT('',(2.918022619628,4.215309396606,88.744243738865
    ));
#827 = CARTESIAN_POINT('',(3.533982362097,3.726171163593,89.958400308968
    ));
#828 = CARTESIAN_POINT('',(4.055018571648,3.136956932767,91.172559104142
    ));
#829 = CARTESIAN_POINT('',(4.463185915751,2.469112453588,92.387028583792
    ));
#830 = CARTESIAN_POINT('',(4.746246854764,1.747903236291,93.60178713484)
  );
#831 = CARTESIAN_POINT('',(4.924084069269,0.877067640373,95.016355355786
    ));
#832 = CARTESIAN_POINT('',(4.945725431946,0.752985554208,95.216734206875
    ));
#833 = CARTESIAN_POINT('',(4.963792491417,0.628297725132,95.417113028866
    ));
#834 = CARTESIAN_POINT('',(4.978265713261,0.503124362376,95.617491823493
    ));
#835 = CARTESIAN_POINT('',(4.989130420493,0.377586385966,95.817870636423
    ));
#836 = CARTESIAN_POINT('',(4.996376815173,0.251805205912,96.018249511419
    ));
#837 = CARTESIAN_POINT('',(5.000000000018,0.125902501404,96.218628444509
    ));
#838 = CARTESIAN_POINT('',(5.,-2.6645352591E-15,96.41900733814));
#839 = PCURVE('',#168,#840);
#840 = DEFINITIONAL_REPRESENTATION('',(#841),#907);
#841 = B_SPLINE_CURVE_WITH_KNOTS('',8,(#842,#843,#844,#845,#846,#847,
    #848,#849,#850,#851,#852,#853,#854,#855,#856,#857,#858,#859,#860,
    #861,#862,#863,#864,#865,#866,#867,#868,#869,#870,#871,#872,#873,
    #874,#875,#876,#877,#878,#879,#880,#881,#882,#883,#884,#885,#886,
    #887,#888,#889,#890,#891,#892,#893,#894,#895,#896,#897,#898,#899,
    #900,#901,#902,#903,#904,#905,#906),.UNSPECIFIED.,.F.,.F.,(9,7,7,7,7
    ,7,7,7,7,9),(0.,0.149670158719,0.300381419163,0.370028876317,
    0.40164087281,0.533664160359,0.672671464904,0.773654377947,
    0.967937309999,1.),.UNSPECIFIED.);
#842 = CARTESIAN_POINT('',(-6.28318530718,-28.92901362166));
#843 = CARTESIAN_POINT('',(-6.165642223711,-29.86439158224));
#844 = CARTESIAN_POINT('',(-6.048080185309,-30.79992402332));
#845 = CARTESIAN_POINT('',(-5.93052893069,-31.73538474006));
#846 = CARTESIAN_POINT('',(-5.812986048623,-32.67075673829));
#847 = CARTESIAN_POINT('',(-5.695441546467,-33.60612618773));
#848 = CARTESIAN_POINT('',(-5.577887231856,-34.54158213985));
#849 = CARTESIAN_POINT('',(-5.460324120451,-35.47711320131));
#850 = CARTESIAN_POINT('',(-5.224420418562,-37.35437797978));
#851 = CARTESIAN_POINT('',(-5.106040584186,-38.29642349815));
#852 = CARTESIAN_POINT('',(-4.987671221138,-39.23839303946));
#853 = CARTESIAN_POINT('',(-4.869312942792,-40.1802745485));
#854 = CARTESIAN_POINT('',(-4.750953891498,-41.12215488823));
#855 = CARTESIAN_POINT('',(-4.632582741842,-42.06412187581));
#856 = CARTESIAN_POINT('',(-4.514201239298,-43.00616545009));
#857 = CARTESIAN_POINT('',(-4.3411413693,-44.38331874557));
#858 = CARTESIAN_POINT('',(-4.286442893096,-44.81859059346));
#859 = CARTESIAN_POINT('',(-4.231744582625,-45.25386092484));
#860 = CARTESIAN_POINT('',(-4.177046524973,-45.68912941335));
#861 = CARTESIAN_POINT('',(-4.122348522844,-46.12439796043));
#862 = CARTESIAN_POINT('',(-4.067650370718,-46.55966846073));
#863 = CARTESIAN_POINT('',(-4.01295213101,-46.99494056757));
#864 = CARTESIAN_POINT('',(-3.933427887796,-47.62777185627));
#865 = CARTESIAN_POINT('',(-3.908601378318,-47.82533434064));
#866 = CARTESIAN_POINT('',(-3.883774893631,-48.02289681978));
#867 = CARTESIAN_POINT('',(-3.858948434368,-48.22045928637));
#868 = CARTESIAN_POINT('',(-3.834121995357,-48.41802177503));
#869 = CARTESIAN_POINT('',(-3.809295571008,-48.61558431991));
#870 = CARTESIAN_POINT('',(-3.78446916071,-48.81314691233));
#871 = CARTESIAN_POINT('',(-3.655958681944,-49.8358030845));
#872 = CARTESIAN_POINT('',(-3.552264640375,-50.66097837286));
#873 = CARTESIAN_POINT('',(-3.448575631644,-51.48611497352));
#874 = CARTESIAN_POINT('',(-3.34489223661,-52.3112061932));
#875 = CARTESIAN_POINT('',(-3.24120858144,-53.13629722848));
#876 = CARTESIAN_POINT('',(-3.137518952283,-53.96143340655));
#877 = CARTESIAN_POINT('',(-3.033824309467,-54.78660825969));
#878 = CARTESIAN_POINT('',(-2.820970664009,-56.48044158638));
#879 = CARTESIAN_POINT('',(-2.711788089409,-57.34928764367));
#880 = CARTESIAN_POINT('',(-2.602612013601,-58.21808305551));
#881 = CARTESIAN_POINT('',(-2.493443611729,-59.08682007528));
#882 = CARTESIAN_POINT('',(-2.384275496947,-59.95555753124));
#883 = CARTESIAN_POINT('',(-2.275100097523,-60.82435391287));
#884 = CARTESIAN_POINT('',(-2.16591816527,-61.69320072497));
#885 = CARTESIAN_POINT('',(-1.97744263955,-63.19304438449));
#886 = CARTESIAN_POINT('',(-1.898133200599,-63.82416864974));
#887 = CARTESIAN_POINT('',(-1.818824757595,-64.45528298761));
#888 = CARTESIAN_POINT('',(-1.739517576667,-65.08638502318));
#889 = CARTESIAN_POINT('',(-1.660210183048,-65.71748679767));
#890 = CARTESIAN_POINT('',(-1.580901163606,-66.34860045331));
#891 = CARTESIAN_POINT('',(-1.501590941689,-66.97972385643));
#892 = CARTESIAN_POINT('',(-1.269702487274,-68.82501578785));
#893 = CARTESIAN_POINT('',(-1.117050516597,-70.03977441182));
#894 = CARTESIAN_POINT('',(-0.964436399648,-71.25424373884));
#895 = CARTESIAN_POINT('',(-0.811863777353,-72.46840030899));
#896 = CARTESIAN_POINT('',(-0.659292213935,-73.68255910412));
#897 = CARTESIAN_POINT('',(-0.506678105898,-74.89702858379));
#898 = CARTESIAN_POINT('',(-0.354025731067,-76.11178713484));
#899 = CARTESIAN_POINT('',(-0.176264013031,-77.52635535578));
#900 = CARTESIAN_POINT('',(-0.151083397511,-77.72673420687));
#901 = CARTESIAN_POINT('',(-0.125902786678,-77.92711302886));
#902 = CARTESIAN_POINT('',(-0.100722188716,-78.12749182349));
#903 = CARTESIAN_POINT('',(-7.554160618637E-02,-78.32787063642));
#904 = CARTESIAN_POINT('',(-5.03610411488E-02,-78.52824951141));
#905 = CARTESIAN_POINT('',(-2.51805002808E-02,-78.7286284445));
#906 = CARTESIAN_POINT('',(0.,-78.92900733814));
#907 = ( GEOMETRIC_REPRESENTATION_CONTEXT(2) 
PARAMETRIC_REPRESENTATION_CONTEXT() REPRESENTATION_CONTEXT('2D SPACE',''
  ) );
#908 = PCURVE('',#264,#909);
#909 = DEFINITIONAL_REPRESENTATION('',(#910),#976);
#910 = B_SPLINE_CURVE_WITH_KNOTS('',8,(#911,#912,#913,#914,#915,#916,
    #917,#918,#919,#920,#921,#922,#923,#924,#925,#926,#927,#928,#929,
    #930,#931,#932,#933,#934,#935,#936,#937,#938,#939,#940,#941,#942,
    #943,#944,#945,#946,#947,#948,#949,#950,#951,#952,#953,#954,#955,
    #956,#957,#958,#959,#960,#961,#962,#963,#964,#965,#966,#967,#968,
    #969,#970,#971,#972,#973,#974,#975),.UNSPECIFIED.,.F.,.F.,(9,7,7,7,7
    ,7,7,7,7,9),(0.,0.149670158719,0.300381419163,0.370028876317,
    0.40164087281,0.533664160359,0.672671464904,0.773654377947,
    0.967937309999,1.),.UNSPECIFIED.);
#911 = CARTESIAN_POINT('',(1.199997267356,0.419013621755));
#912 = CARTESIAN_POINT('',(1.199986489723,1.354391582327));
#913 = CARTESIAN_POINT('',(1.199958346094,2.289924022979));
#914 = CARTESIAN_POINT('',(1.199967337265,3.225384740328));
#915 = CARTESIAN_POINT('',(1.199990325607,4.1607567384));
#916 = CARTESIAN_POINT('',(1.200006811234,5.096126187479));
#917 = CARTESIAN_POINT('',(1.200014197449,6.031582139969));
#918 = CARTESIAN_POINT('',(1.200014893546,6.967113201319));
#919 = CARTESIAN_POINT('',(1.200009293172,8.844377979781));
#920 = CARTESIAN_POINT('',(1.20000298604,9.786423498155));
#921 = CARTESIAN_POINT('',(1.199996483355,10.72839303946));
#922 = CARTESIAN_POINT('',(1.199994468767,11.6702745485));
#923 = CARTESIAN_POINT('',(1.199996354744,12.612154888237));
#924 = CARTESIAN_POINT('',(1.199998788311,13.554121875812));
#925 = CARTESIAN_POINT('',(1.200000177175,14.496165450096));
#926 = CARTESIAN_POINT('',(1.200000061081,15.873318745575));
#927 = CARTESIAN_POINT('',(1.199999714856,16.308590593467));
#928 = CARTESIAN_POINT('',(1.199999010988,16.743860924849));
#929 = CARTESIAN_POINT('',(1.199997983732,17.179129413356));
#930 = CARTESIAN_POINT('',(1.199996727337,17.61439796043));
#931 = CARTESIAN_POINT('',(1.199995373689,18.049668460733));
#932 = CARTESIAN_POINT('',(1.199994069936,18.484940567573));
#933 = CARTESIAN_POINT('',(1.199992450595,19.117771856279));
#934 = CARTESIAN_POINT('',(1.199991983735,19.315334340649));
#935 = CARTESIAN_POINT('',(1.199991568165,19.512896819785));
#936 = CARTESIAN_POINT('',(1.199991215711,19.710459286374));
#937 = CARTESIAN_POINT('',(1.199990937017,19.908021775033));
#938 = CARTESIAN_POINT('',(1.199990741151,20.105584319919));
#939 = CARTESIAN_POINT('',(1.199990635206,20.30314691233));
#940 = CARTESIAN_POINT('',(1.199990576736,21.325803084508));
#941 = CARTESIAN_POINT('',(1.199992182336,22.150978372865));
#942 = CARTESIAN_POINT('',(1.199995781421,22.976114973525));
#943 = CARTESIAN_POINT('',(1.200001085151,23.801206193205));
#944 = CARTESIAN_POINT('',(1.200006751346,24.626297228484));
#945 = CARTESIAN_POINT('',(1.200011214527,25.451433406552));
#946 = CARTESIAN_POINT('',(1.200013654261,26.276608259698));
#947 = CARTESIAN_POINT('',(1.200014335954,27.970441586381));
#948 = CARTESIAN_POINT('',(1.200012348595,28.839287643669));
#949 = CARTESIAN_POINT('',(1.200007930193,29.708083055512));
#950 = CARTESIAN_POINT('',(1.200001876122,30.57682007528));
#951 = CARTESIAN_POINT('',(1.199996058416,31.445557531242));
#952 = CARTESIAN_POINT('',(1.199992150472,32.314353912879));
#953 = CARTESIAN_POINT('',(1.199990483608,33.183200724979));
#954 = CARTESIAN_POINT('',(1.199990736093,34.683044384494));
#955 = CARTESIAN_POINT('',(1.199991791928,35.314168649745));
#956 = CARTESIAN_POINT('',(1.19999365744,35.945282987619));
#957 = CARTESIAN_POINT('',(1.199995889115,36.576385023188));
#958 = CARTESIAN_POINT('',(1.199997955602,37.207486797677));
#959 = CARTESIAN_POINT('',(1.199999419054,37.838600453313));
#960 = CARTESIAN_POINT('',(1.200000082028,38.46972385643));
#961 = CARTESIAN_POINT('',(1.200000134471,40.315015787851));
#962 = CARTESIAN_POINT('',(1.19999766675,41.529774411832));
#963 = CARTESIAN_POINT('',(1.19999430224,42.744243738826));
#964 = CARTESIAN_POINT('',(1.19999202208,43.958400309021));
#965 = CARTESIAN_POINT('',(1.200005188735,45.172559104106));
#966 = CARTESIAN_POINT('',(1.200018919651,46.387028583802));
#967 = CARTESIAN_POINT('',(1.200017253462,47.601787134839));
#968 = CARTESIAN_POINT('',(1.200004772558,49.016355355786));
#969 = CARTESIAN_POINT('',(1.200002756152,49.216734208028));
#970 = CARTESIAN_POINT('',(1.200000513813,49.417113029582));
#971 = CARTESIAN_POINT('',(1.199998085011,49.617491822602));
#972 = CARTESIAN_POINT('',(1.199995524128,49.817870634592));
#973 = CARTESIAN_POINT('',(1.199992898416,50.018249510823));
#974 = CARTESIAN_POINT('',(1.199990285947,50.218628446737));
#975 = CARTESIAN_POINT('',(1.199987773567,50.419007340368));
#976 = ( GEOMETRIC_REPRESENTATION_CONTEXT(2) 
PARAMETRIC_REPRESENTATION_CONTEXT() REPRESENTATION_CONTEXT('2D SPACE',''
  ) );
#977 = ORIENTED_EDGE('',*,*,#978,.F.);
#978 = EDGE_CURVE('',#148,#245,#979,.T.);
#979 = SEAM_CURVE('',#980,(#984,#991),.PCURVE_S1.);
#980 = LINE('',#981,#982);
#981 = CARTESIAN_POINT('',(5.,0.,17.49));
#982 = VECTOR('',#983,1.);
#983 = DIRECTION('',(0.,0.,1.));
#984 = PCURVE('',#168,#985);
#985 = DEFINITIONAL_REPRESENTATION('',(#986),#990);
#986 = LINE('',#987,#988);
#987 = CARTESIAN_POINT('',(-6.28318530718,0.));
#988 = VECTOR('',#989,1.);
#989 = DIRECTION('',(-0.,-1.));
#990 = ( GEOMETRIC_REPRESENTATION_CONTEXT(2) 
PARAMETRIC_REPRESENTATION_CONTEXT() REPRESENTATION_CONTEXT('2D SPACE',''
  ) );
#991 = PCURVE('',#168,#992);
#992 = DEFINITIONAL_REPRESENTATION('',(#993),#997);
#993 = LINE('',#994,#995);
#994 = CARTESIAN_POINT('',(-0.,0.));
#995 = VECTOR('',#996,1.);
#996 = DIRECTION('',(-0.,-1.));
#997 = ( GEOMETRIC_REPRESENTATION_CONTEXT(2) 
PARAMETRIC_REPRESENTATION_CONTEXT() REPRESENTATION_CONTEXT('2D SPACE',''
  ) );
#998 = ORIENTED_EDGE('',*,*,#147,.T.);
#999 = ORIENTED_EDGE('',*,*,#978,.T.);
#1000 = ADVANCED_FACE('',(#1001,#1004,#1039),#222,.F.);
#1001 = FACE_BOUND('',#1002,.F.);
#1002 = EDGE_LOOP('',(#1003));
#1003 = ORIENTED_EDGE('',*,*,#207,.F.);
#1004 = FACE_BOUND('',#1005,.F.);
#1005 = EDGE_LOOP('',(#1006));
#1006 = ORIENTED_EDGE('',*,*,#1007,.T.);
#1007 = EDGE_CURVE('',#1008,#1008,#1010,.T.);
#1008 = VERTEX_POINT('',#1009);
#1009 = CARTESIAN_POINT('',(2.1,0.,14.2));
#1010 = SURFACE_CURVE('',#1011,(#1016,#1027),.PCURVE_S1.);
#1011 = CIRCLE('',#1012,2.1);
#1012 = AXIS2_PLACEMENT_3D('',#1013,#1014,#1015);
#1013 = CARTESIAN_POINT('',(0.,0.,14.2));
#1014 = DIRECTION('',(0.,0.,-1.));
#1015 = DIRECTION('',(1.,0.,0.));
#1016 = PCURVE('',#222,#1017);
#1017 = DEFINITIONAL_REPRESENTATION('',(#1018),#1026);
#1018 = ( BOUNDED_CURVE() B_SPLINE_CURVE(2,(#1019,#1020,#1021,#1022,
#1023,#1024,#1025),.UNSPECIFIED.,.T.,.F.) B_SPLINE_CURVE_WITH_KNOTS((1,2
    ,2,2,2,1),(-2.094395102393,0.,2.094395102393,4.188790204786,
6.28318530718,8.377580409573),.UNSPECIFIED.) CURVE() 
GEOMETRIC_REPRESENTATION_ITEM() RATIONAL_B_SPLINE_CURVE((1.,0.5,1.,0.5,
1.,0.5,1.)) REPRESENTATION_ITEM('') );
#1019 = CARTESIAN_POINT('',(2.1,-7.656863644838E-16));
#1020 = CARTESIAN_POINT('',(2.1,-3.637306695895));
#1021 = CARTESIAN_POINT('',(-1.05,-1.818653347947));
#1022 = CARTESIAN_POINT('',(-4.2,-1.280038020126E-15));
#1023 = CARTESIAN_POINT('',(-1.05,1.818653347947));
#1024 = CARTESIAN_POINT('',(2.1,3.637306695895));
#1025 = CARTESIAN_POINT('',(2.1,-7.656863644838E-16));
#1026 = ( GEOMETRIC_REPRESENTATION_CONTEXT(2) 
PARAMETRIC_REPRESENTATION_CONTEXT() REPRESENTATION_CONTEXT('2D SPACE',''
  ) );
#1027 = PCURVE('',#1028,#1033);
#1028 = CYLINDRICAL_SURFACE('',#1029,2.1);
#1029 = AXIS2_PLACEMENT_3D('',#1030,#1031,#1032);
#1030 = CARTESIAN_POINT('',(0.,0.,5.2));
#1031 = DIRECTION('',(-0.,-0.,-1.));
#1032 = DIRECTION('',(1.,0.,0.));
#1033 = DEFINITIONAL_REPRESENTATION('',(#1034),#1038);
#1034 = LINE('',#1035,#1036);
#1035 = CARTESIAN_POINT('',(-6.28318530718,-9.));
#1036 = VECTOR('',#1037,1.);
#1037 = DIRECTION('',(1.,-0.));
#1038 = ( GEOMETRIC_REPRESENTATION_CONTEXT(2) 
PARAMETRIC_REPRESENTATION_CONTEXT() REPRESENTATION_CONTEXT('2D SPACE',''
  ) );
#1039 = FACE_BOUND('',#1040,.F.);
#1040 = EDGE_LOOP('',(#1041));
#1041 = ORIENTED_EDGE('',*,*,#1042,.T.);
#1042 = EDGE_CURVE('',#1043,#1043,#1045,.T.);
#1043 = VERTEX_POINT('',#1044);
#1044 = CARTESIAN_POINT('',(13.7,0.,14.2));
#1045 = SURFACE_CURVE('',#1046,(#1051,#1062),.PCURVE_S1.);
#1046 = CIRCLE('',#1047,1.5);
#1047 = AXIS2_PLACEMENT_3D('',#1048,#1049,#1050);
#1048 = CARTESIAN_POINT('',(12.2,0.,14.2));
#1049 = DIRECTION('',(0.,0.,-1.));
#1050 = DIRECTION('',(1.,0.,0.));
#1051 = PCURVE('',#222,#1052);
#1052 = DEFINITIONAL_REPRESENTATION('',(#1053),#1061);
#1053 = ( BOUNDED_CURVE() B_SPLINE_CURVE(2,(#1054,#1055,#1056,#1057,
#1058,#1059,#1060),.UNSPECIFIED.,.T.,.F.) B_SPLINE_CURVE_WITH_KNOTS((1,2
    ,2,2,2,1),(-2.094395102393,0.,2.094395102393,4.188790204786,
6.28318530718,8.377580409573),.UNSPECIFIED.) CURVE() 
GEOMETRIC_REPRESENTATION_ITEM() RATIONAL_B_SPLINE_CURVE((1.,0.5,1.,0.5,
1.,0.5,1.)) REPRESENTATION_ITEM('') );
#1054 = CARTESIAN_POINT('',(13.7,-7.656863644838E-16));
#1055 = CARTESIAN_POINT('',(13.7,-2.598076211353));
#1056 = CARTESIAN_POINT('',(11.45,-1.299038105677));
#1057 = CARTESIAN_POINT('',(9.2,-1.133080404228E-15));
#1058 = CARTESIAN_POINT('',(11.45,1.299038105677));
#1059 = CARTESIAN_POINT('',(13.7,2.598076211353));
#1060 = CARTESIAN_POINT('',(13.7,-7.656863644838E-16));
#1061 = ( GEOMETRIC_REPRESENTATION_CONTEXT(2) 
PARAMETRIC_REPRESENTATION_CONTEXT() REPRESENTATION_CONTEXT('2D SPACE',''
  ) );
#1062 = PCURVE('',#1063,#1068);
#1063 = CYLINDRICAL_SURFACE('',#1064,1.5);
#1064 = AXIS2_PLACEMENT_3D('',#1065,#1066,#1067);
#1065 = CARTESIAN_POINT('',(12.2,0.,6.4));
#1066 = DIRECTION('',(-0.,-0.,-1.));
#1067 = DIRECTION('',(1.,0.,0.));
#1068 = DEFINITIONAL_REPRESENTATION('',(#1069),#1073);
#1069 = LINE('',#1070,#1071);
#1070 = CARTESIAN_POINT('',(-6.28318530718,-7.8));
#1071 = VECTOR('',#1072,1.);
#1072 = DIRECTION('',(1.,-0.));
#1073 = ( GEOMETRIC_REPRESENTATION_CONTEXT(2) 
PARAMETRIC_REPRESENTATION_CONTEXT() REPRESENTATION_CONTEXT('2D SPACE',''
  ) );
#1074 = ADVANCED_FACE('',(#1075),#264,.F.);
#1075 = FACE_BOUND('',#1076,.F.);
#1076 = EDGE_LOOP('',(#1077,#1195,#1214,#1215,#1216,#1260));
#1077 = ORIENTED_EDGE('',*,*,#1078,.F.);
#1078 = EDGE_CURVE('',#1079,#1081,#1083,.T.);
#1079 = VERTEX_POINT('',#1080);
#1080 = CARTESIAN_POINT('',(3.794733408937,0.199995887696,46.));
#1081 = VERTEX_POINT('',#1082);
#1082 = CARTESIAN_POINT('',(3.421701567341,-1.652870188566,100.));
#1083 = SURFACE_CURVE('',#1084,(#1097,#1104),.PCURVE_S1.);
#1084 = B_SPLINE_CURVE_WITH_KNOTS('',11,(#1085,#1086,#1087,#1088,#1089,
    #1090,#1091,#1092,#1093,#1094,#1095,#1096),.UNSPECIFIED.,.F.,.F.,(12
    ,12),(0.,54.5),.PIECEWISE_BEZIER_KNOTS.);
#1085 = CARTESIAN_POINT('',(3.794733408937,0.199995887696,46.));
#1086 = CARTESIAN_POINT('',(3.919252157405,-2.162629965731,
    50.954545454552));
#1087 = CARTESIAN_POINT('',(2.426489235388,-4.610558850649,
    55.909090909063));
#1088 = CARTESIAN_POINT('',(-0.756248073908,-5.912468540358,
    60.863636363706));
#1089 = CARTESIAN_POINT('',(-4.602308839251,-4.779971617996,
    65.818181818058));
#1090 = CARTESIAN_POINT('',(-7.132611287925,-0.914973442732,
    70.77272727289));
#1091 = CARTESIAN_POINT('',(-5.984287635151,3.987432969438,
    75.727272727113));
#1092 = CARTESIAN_POINT('',(-2.000731013304,6.326646088837,
    80.681818181937));
#1093 = CARTESIAN_POINT('',(1.948188520842,5.633272306289,
    85.636363636298));
#1094 = CARTESIAN_POINT('',(4.221651204226,3.053320165786,
    90.590909090934));
#1095 = CARTESIAN_POINT('',(4.471986124708,0.19709374012,95.545454545449
    ));
#1096 = CARTESIAN_POINT('',(3.311162542514,-1.864457727343,100.5));
#1097 = PCURVE('',#264,#1098);
#1098 = DEFINITIONAL_REPRESENTATION('',(#1099),#1103);
#1099 = LINE('',#1100,#1101);
#1100 = CARTESIAN_POINT('',(0.,0.));
#1101 = VECTOR('',#1102,1.);
#1102 = DIRECTION('',(0.,1.));
#1103 = ( GEOMETRIC_REPRESENTATION_CONTEXT(2) 
PARAMETRIC_REPRESENTATION_CONTEXT() REPRESENTATION_CONTEXT('2D SPACE',''
  ) );
#1104 = PCURVE('',#1105,#1190);
#1105 = ( BOUNDED_SURFACE() B_SPLINE_SURFACE(6,11,(
    (#1106,#1107,#1108,#1109,#1110,#1111,#1112,#1113,#1114,#1115,#1116
      ,#1117)
    ,(#1118,#1119,#1120,#1121,#1122,#1123,#1124,#1125,#1126,#1127,#1128
      ,#1129)
    ,(#1130,#1131,#1132,#1133,#1134,#1135,#1136,#1137,#1138,#1139,#1140
      ,#1141)
    ,(#1142,#1143,#1144,#1145,#1146,#1147,#1148,#1149,#1150,#1151,#1152
      ,#1153)
    ,(#1154,#1155,#1156,#1157,#1158,#1159,#1160,#1161,#1162,#1163,#1164
      ,#1165)
    ,(#1166,#1167,#1168,#1169,#1170,#1171,#1172,#1173,#1174,#1175,#1176
      ,#1177)
    ,(#1178,#1179,#1180,#1181,#1182,#1183,#1184,#1185,#1186,#1187,#1188
,#1189
    )),.UNSPECIFIED.,.F.,.F.,.F.) B_SPLINE_SURFACE_WITH_KNOTS((7,7),(12,
    12),(0.,0.9),(0.,54.5),.PIECEWISE_BEZIER_KNOTS.) 
GEOMETRIC_REPRESENTATION_ITEM() RATIONAL_B_SPLINE_SURFACE((
    (1.010183839451,1.010183839452,1.010183839451,1.010183839452
      ,1.01018383945,1.010183839453,1.01018383945,1.010183839453
      ,1.010183839451,1.010183839452,1.010183839451,1.010183839451)
    ,(1.003348477691,1.003348477691,1.003348477691,1.003348477692
      ,1.00334847769,1.003348477692,1.00334847769,1.003348477692
      ,1.003348477691,1.003348477691,1.003348477691,1.003348477691)
    ,(0.999321694248,0.999321694248,0.999321694248,0.999321694249
      ,0.999321694247,0.99932169425,0.999321694247,0.999321694249
      ,0.999321694248,0.999321694249,0.999321694248,0.999321694248)
    ,(0.997989988068,0.997989988068,0.997989988067,0.997989988068
      ,0.997989988066,0.997989988069,0.997989988066,0.997989988069
      ,0.997989988067,0.997989988068,0.997989988068,0.997989988068)
    ,(0.999321694248,0.999321694248,0.999321694248,0.999321694249
      ,0.999321694247,0.99932169425,0.999321694247,0.999321694249
      ,0.999321694248,0.999321694249,0.999321694248,0.999321694248)
    ,(1.003348477691,1.003348477691,1.003348477691,1.003348477692
      ,1.00334847769,1.003348477693,1.00334847769,1.003348477692
      ,1.00334847769,1.003348477691,1.003348477691,1.003348477691)
    ,(1.010183839451,1.010183839452,1.010183839451,1.010183839452
      ,1.01018383945,1.010183839453,1.01018383945,1.010183839453
      ,1.010183839451,1.010183839452,1.010183839451,1.010183839451
))) REPRESENTATION_ITEM('') SURFACE() );
#1106 = CARTESIAN_POINT('',(2.202181953278,3.096836231488,46.));
#1107 = CARTESIAN_POINT('',(4.130292456932,1.725743336132,
    50.954545454546));
#1108 = CARTESIAN_POINT('',(5.119904712755,-0.965235026862,
    55.909090909088));
#1109 = CARTESIAN_POINT('',(4.161304368758,-4.267638848416,
    60.863636363641));
#1110 = CARTESIAN_POINT('',(0.883439344095,-6.576390366007,
    65.81818181818));
#1111 = CARTESIAN_POINT('',(-3.716978957083,-6.15592297044,
    70.772727272723));
#1112 = CARTESIAN_POINT('',(-6.843356392314,-2.209025457955,
    75.727272727284));
#1113 = CARTESIAN_POINT('',(-6.199506470768,2.365479832892,
    80.681818181805));
#1114 = CARTESIAN_POINT('',(-3.201680382151,5.027766712978,
    85.636363636374));
#1115 = CARTESIAN_POINT('',(0.23247262154,5.204907242704,90.590909090904
    ));
#1116 = CARTESIAN_POINT('',(2.625442322732,3.625542504507,
    95.545454545456));
#1117 = CARTESIAN_POINT('',(3.518731552682,1.434757212966,100.5));
#1118 = CARTESIAN_POINT('',(2.669871914169,2.764258621754,46.));
#1119 = CARTESIAN_POINT('',(4.390917421591,1.101978896149,
    50.954545454548));
#1120 = CARTESIAN_POINT('',(4.974133125813,-1.738452548192,
    55.909090909082));
#1121 = CARTESIAN_POINT('',(3.516797621576,-4.896086764937,
    60.863636363654));
#1122 = CARTESIAN_POINT('',(-0.109739346408,-6.709809016979,
    65.818181818159));
#1123 = CARTESIAN_POINT('',(-4.646657880373,-5.594577903047,
    70.772727272749));
#1124 = CARTESIAN_POINT('',(-7.176967520839,-1.175529062199,
    75.727272727259));
#1125 = CARTESIAN_POINT('',(-5.842267311884,3.30174081737,
    80.681818181824));
#1126 = CARTESIAN_POINT('',(-2.442377712719,5.511290432279,
    85.636363636363));
#1127 = CARTESIAN_POINT('',(1.018527382859,5.169798795519,
    90.590909090908));
#1128 = CARTESIAN_POINT('',(3.17297848719,3.229043327458,95.545454545455
    ));
#1129 = CARTESIAN_POINT('',(3.735411252435,0.903351836883,100.5));
#1130 = CARTESIAN_POINT('',(3.073600509006,2.349899770264,46.));
#1131 = CARTESIAN_POINT('',(4.536663483894,0.436255979482,
    50.954545454546));
#1132 = CARTESIAN_POINT('',(4.689823494733,-2.478950148168,
    55.909090909089));
#1133 = CARTESIAN_POINT('',(2.764028514346,-5.402874356947,
    60.863636363639));
#1134 = CARTESIAN_POINT('',(-1.118841233165,-6.662635108177,
    65.818181818183));
#1135 = CARTESIAN_POINT('',(-5.46722219641,-4.869844734343,
    70.772727272719));
#1136 = CARTESIAN_POINT('',(-7.321049039845,-9.026205428555E-02,
    75.727272727287));
#1137 = CARTESIAN_POINT('',(-5.318767618885,4.165720022538,
    80.681818181804));
#1138 = CARTESIAN_POINT('',(-1.601950661759,5.853602226148,
    85.636363636374));
#1139 = CARTESIAN_POINT('',(1.791756004889,4.992919853949,
    90.590909090904));
#1140 = CARTESIAN_POINT('',(3.644342696694,2.73685972508,95.545454545456
    ));
#1141 = CARTESIAN_POINT('',(3.854266004013,0.337168488378,100.5));
#1142 = CARTESIAN_POINT('',(3.397993596801,1.868062787963,46.));
#1143 = CARTESIAN_POINT('',(4.561061713331,-0.247550262133,
    50.954545454548));
#1144 = CARTESIAN_POINT('',(4.275964686162,-3.159376237364,
    55.909090909083));
#1145 = CARTESIAN_POINT('',(1.929385156835,-5.768288800564,
    60.863636363653));
#1146 = CARTESIAN_POINT('',(-2.107199112985,-6.434782379579,
    65.818181818159));
#1147 = CARTESIAN_POINT('',(-6.1476335672,-4.006536574953,
    70.772727272748));
#1148 = CARTESIAN_POINT('',(-7.268445464822,1.007687614643,
    75.727272727262));
#1149 = CARTESIAN_POINT('',(-4.646447845284,4.925163428298,
    80.68181818182));
#1150 = CARTESIAN_POINT('',(-0.710258034523,6.040795998389,
    85.636363636367));
#1151 = CARTESIAN_POINT('',(2.523811547295,4.679306303333,
    90.590909090906));
#1152 = CARTESIAN_POINT('',(4.021570250952,2.165995799105,
    95.545454545456));
#1153 = CARTESIAN_POINT('',(3.86997898095,-0.243478439865,100.5));
#1154 = CARTESIAN_POINT('',(3.631003507951,1.335987479169,46.));
#1155 = CARTESIAN_POINT('',(4.462798055284,-0.924699066443,
    50.954545454547));
#1156 = CARTESIAN_POINT('',(3.747111182894,-3.754836352211,
    55.909090909086));
#1157 = CARTESIAN_POINT('',(1.042854313493,-5.978575066511,
    60.863636363646));
#1158 = CARTESIAN_POINT('',(-3.03888750733,-6.033877278129,
    65.818181818169));
#1159 = CARTESIAN_POINT('',(-6.662714937153,-3.035479525181,
    70.772727272738));
#1160 = CARTESIAN_POINT('',(-7.020369586233,2.078537263311,
    75.727272727268));
#1161 = CARTESIAN_POINT('',(-3.849169871465,5.552153058992,
    80.681818181818));
#1162 = CARTESIAN_POINT('',(0.200535757441,6.065532981913,
    85.636363636366));
#1163 = CARTESIAN_POINT('',(3.187993531415,4.239850880947,
    90.590909090907));
#1164 = CARTESIAN_POINT('',(4.290644610047,1.536881152201,
    95.545454545455));
#1165 = CARTESIAN_POINT('',(3.781615548454,-0.81757743544,100.5));
#1166 = CARTESIAN_POINT('',(3.764529658431,0.773083576859,46.));
#1167 = CARTESIAN_POINT('',(4.2458565525,-1.570737223847,50.954545454547
    ));
#1168 = CARTESIAN_POINT('',(3.122784398376,-4.244105938461,
    55.909090909088));
#1169 = CARTESIAN_POINT('',(0.136663909068,-6.026678529411,
    60.863636363641));
#1170 = CARTESIAN_POINT('',(-3.880428645414,-5.475020848942,
    65.818181818179));
#1171 = CARTESIAN_POINT('',(-6.994430298782,-1.992153650188,
    70.772727272723));
#1172 = CARTESIAN_POINT('',(-6.586477169942,3.083674733347,
    75.727272727285));
#1173 = CARTESIAN_POINT('',(-2.956192859097,6.024491974301,
    80.681818181804));
#1174 = CARTESIAN_POINT('',(1.097441271818,5.927491355999,
    85.636363636375));
#1175 = CARTESIAN_POINT('',(3.760533120418,3.690881773507,
    90.590909090903));
#1176 = CARTESIAN_POINT('',(4.442220661921,0.872461392599,
    95.545454545456));
#1177 = CARTESIAN_POINT('',(3.592736412233,-1.364399808791,100.5));
#1178 = CARTESIAN_POINT('',(3.794733408937,0.199995887696,46.));
#1179 = CARTESIAN_POINT('',(3.919252157404,-2.16262996573,
    50.954545454547));
#1180 = CARTESIAN_POINT('',(2.426489235389,-4.610558850651,
    55.909090909086));
#1181 = CARTESIAN_POINT('',(-0.756248073909,-5.912468540354,
    60.863636363645));
#1182 = CARTESIAN_POINT('',(-4.602308839254,-4.779971618001,
    65.818181818172));
#1183 = CARTESIAN_POINT('',(-7.132611287918,-0.91497344273,
    70.772727272733));
#1184 = CARTESIAN_POINT('',(-5.984287635156,3.987432969444,
    75.727272727274));
#1185 = CARTESIAN_POINT('',(-2.000731013305,6.32664608883,
    80.681818181813));
#1186 = CARTESIAN_POINT('',(1.948188520845,5.633272306293,
    85.636363636369));
#1187 = CARTESIAN_POINT('',(4.221651204224,3.053320165785,
    90.590909090906));
#1188 = CARTESIAN_POINT('',(4.471986124709,0.19709374012,95.545454545456
    ));
#1189 = CARTESIAN_POINT('',(3.311162542514,-1.864457727343,100.5));
#1190 = DEFINITIONAL_REPRESENTATION('',(#1191),#1194);
#1191 = B_SPLINE_CURVE_WITH_KNOTS('',1,(#1192,#1193),.UNSPECIFIED.,.F.,
  .F.,(2,2),(0.,54.5),.PIECEWISE_BEZIER_KNOTS.);
#1192 = CARTESIAN_POINT('',(0.9,0.));
#1193 = CARTESIAN_POINT('',(0.9,54.5));
#1194 = ( GEOMETRIC_REPRESENTATION_CONTEXT(2) 
PARAMETRIC_REPRESENTATION_CONTEXT() REPRESENTATION_CONTEXT('2D SPACE',''
  ) );
#1195 = ORIENTED_EDGE('',*,*,#1196,.T.);
#1196 = EDGE_CURVE('',#1079,#243,#1197,.T.);
#1197 = SURFACE_CURVE('',#1198,(#1201,#1208),.PCURVE_S1.);
#1198 = B_SPLINE_CURVE_WITH_KNOTS('',1,(#1199,#1200),.UNSPECIFIED.,.F.,
  .F.,(2,2),(0.,1.7),.PIECEWISE_BEZIER_KNOTS.);
#1199 = CARTESIAN_POINT('',(3.794733408937,0.199995887696,46.));
#1200 = CARTESIAN_POINT('',(5.492377302409,0.289467732192,46.));
#1201 = PCURVE('',#264,#1202);
#1202 = DEFINITIONAL_REPRESENTATION('',(#1203),#1207);
#1203 = LINE('',#1204,#1205);
#1204 = CARTESIAN_POINT('',(0.,0.));
#1205 = VECTOR('',#1206,1.);
#1206 = DIRECTION('',(1.,0.));
#1207 = ( GEOMETRIC_REPRESENTATION_CONTEXT(2) 
PARAMETRIC_REPRESENTATION_CONTEXT() REPRESENTATION_CONTEXT('2D SPACE',''
  ) );
#1208 = PCURVE('',#315,#1209);
#1209 = DEFINITIONAL_REPRESENTATION('',(#1210),#1213);
#1210 = B_SPLINE_CURVE_WITH_KNOTS('',1,(#1211,#1212),.UNSPECIFIED.,.F.,
  .F.,(2,2),(0.,1.7),.PIECEWISE_BEZIER_KNOTS.);
#1211 = CARTESIAN_POINT('',(-1.970938747096,0.154182032038));
#1212 = CARTESIAN_POINT('',(-1.8814669026,-1.543461861434));
#1213 = ( GEOMETRIC_REPRESENTATION_CONTEXT(2) 
PARAMETRIC_REPRESENTATION_CONTEXT() REPRESENTATION_CONTEXT('2D SPACE',''
  ) );
#1214 = ORIENTED_EDGE('',*,*,#242,.T.);
#1215 = ORIENTED_EDGE('',*,*,#771,.T.);
#1216 = ORIENTED_EDGE('',*,*,#1217,.T.);
#1217 = EDGE_CURVE('',#744,#1218,#1220,.T.);
#1218 = VERTEX_POINT('',#1219);
#1219 = CARTESIAN_POINT('',(4.502235556375,-2.174827578204,100.));
#1220 = SURFACE_CURVE('',#1221,(#1232,#1246),.PCURVE_S1.);
#1221 = B_SPLINE_CURVE_WITH_KNOTS('',5,(#1222,#1223,#1224,#1225,#1226,
    #1227,#1228,#1229,#1230,#1231),.UNSPECIFIED.,.F.,.F.,(6,4,6),(0.,
    0.381762597039,1.),.UNSPECIFIED.);
#1222 = CARTESIAN_POINT('',(5.,1.33226762955E-15,96.41900733814));
#1223 = CARTESIAN_POINT('',(5.,-0.195781170582,96.730600943698));
#1224 = CARTESIAN_POINT('',(4.990417436088,-0.391562043831,
    97.042194822986));
#1225 = CARTESIAN_POINT('',(4.971252348801,-0.58671683715,
    97.353788495884));
#1226 = CARTESIAN_POINT('',(4.942566237766,-0.780620648091,
    97.66538257845));
#1227 = CARTESIAN_POINT('',(4.842804298325,-1.283654102332,
    98.481580884959));
#1228 = CARTESIAN_POINT('',(4.756477368101,-1.58976004545,98.98618722277
    ));
#1229 = CARTESIAN_POINT('',(4.64601727842,-1.888369764871,99.49079013948
    ));
#1230 = CARTESIAN_POINT('',(4.512353411313,-2.176967783366,
    99.995395899914));
#1231 = CARTESIAN_POINT('',(4.356792819098,-2.453233851768,100.5));
#1232 = PCURVE('',#264,#1233);
#1233 = DEFINITIONAL_REPRESENTATION('',(#1234),#1245);
#1234 = B_SPLINE_CURVE_WITH_KNOTS('',5,(#1235,#1236,#1237,#1238,#1239,
    #1240,#1241,#1242,#1243,#1244),.UNSPECIFIED.,.F.,.F.,(6,4,6),(0.,
    0.381762597039,1.),.UNSPECIFIED.);
#1235 = CARTESIAN_POINT('',(1.199987772769,50.41900733814));
#1236 = CARTESIAN_POINT('',(1.199983865936,50.730600943698));
#1237 = CARTESIAN_POINT('',(1.199980227057,51.042194822986));
#1238 = CARTESIAN_POINT('',(1.199977290298,51.353788495885));
#1239 = CARTESIAN_POINT('',(1.199975633238,51.66538257845));
#1240 = CARTESIAN_POINT('',(1.199975274988,52.481580884959));
#1241 = CARTESIAN_POINT('',(1.19997907291,52.986187222771));
#1242 = CARTESIAN_POINT('',(1.199987612658,53.490790139481));
#1243 = CARTESIAN_POINT('',(1.2,53.995395899915));
#1244 = CARTESIAN_POINT('',(1.2,54.5));
#1245 = ( GEOMETRIC_REPRESENTATION_CONTEXT(2) 
PARAMETRIC_REPRESENTATION_CONTEXT() REPRESENTATION_CONTEXT('2D SPACE',''
  ) );
#1246 = PCURVE('',#759,#1247);
#1247 = DEFINITIONAL_REPRESENTATION('',(#1248),#1259);
#1248 = B_SPLINE_CURVE_WITH_KNOTS('',5,(#1249,#1250,#1251,#1252,#1253,
    #1254,#1255,#1256,#1257,#1258),.UNSPECIFIED.,.F.,.F.,(6,4,6),(0.,
    0.381762597039,1.),.UNSPECIFIED.);
#1249 = CARTESIAN_POINT('',(-6.28318530718,-78.92900733814));
#1250 = CARTESIAN_POINT('',(-6.244029073063,-79.24060094369));
#1251 = CARTESIAN_POINT('',(-6.204872898569,-79.55219482298));
#1252 = CARTESIAN_POINT('',(-6.165716866729,-79.86378849588));
#1253 = CARTESIAN_POINT('',(-6.126560892242,-80.17538257845));
#1254 = CARTESIAN_POINT('',(-6.023994796353,-80.99158088495));
#1255 = CARTESIAN_POINT('',(-5.960584495476,-81.49618722277));
#1256 = CARTESIAN_POINT('',(-5.897174691887,-82.00079013948));
#1257 = CARTESIAN_POINT('',(-5.83376387546,-82.50539589991));
#1258 = CARTESIAN_POINT('',(-5.770353454108,-83.01));
#1259 = ( GEOMETRIC_REPRESENTATION_CONTEXT(2) 
PARAMETRIC_REPRESENTATION_CONTEXT() REPRESENTATION_CONTEXT('2D SPACE',''
  ) );
#1260 = ORIENTED_EDGE('',*,*,#1261,.T.);
#1261 = EDGE_CURVE('',#1218,#1081,#1262,.T.);
#1262 = SURFACE_CURVE('',#1263,(#1269,#1278),.PCURVE_S1.);
#1263 = B_SPLINE_CURVE_WITH_KNOTS('',4,(#1264,#1265,#1266,#1267,#1268),
  .UNSPECIFIED.,.F.,.F.,(5,5),(0.,1.),.PIECEWISE_BEZIER_KNOTS.);
#1264 = CARTESIAN_POINT('',(4.952462794835,-2.39231211503,100.));
#1265 = CARTESIAN_POINT('',(4.569772487962,-2.207451633414,100.));
#1266 = CARTESIAN_POINT('',(4.187082181088,-2.022591151798,100.));
#1267 = CARTESIAN_POINT('',(3.804391874214,-1.837730670182,100.));
#1268 = CARTESIAN_POINT('',(3.421701567341,-1.652870188566,100.));
#1269 = PCURVE('',#264,#1270);
#1270 = DEFINITIONAL_REPRESENTATION('',(#1271),#1277);
#1271 = B_SPLINE_CURVE_WITH_KNOTS('',4,(#1272,#1273,#1274,#1275,#1276),
  .UNSPECIFIED.,.F.,.F.,(5,5),(0.,1.),.PIECEWISE_BEZIER_KNOTS.);
#1272 = CARTESIAN_POINT('',(1.7,54.));
#1273 = CARTESIAN_POINT('',(1.275,54.));
#1274 = CARTESIAN_POINT('',(0.85,54.));
#1275 = CARTESIAN_POINT('',(0.425,54.));
#1276 = CARTESIAN_POINT('',(0.,54.));
#1277 = ( GEOMETRIC_REPRESENTATION_CONTEXT(2) 
PARAMETRIC_REPRESENTATION_CONTEXT() REPRESENTATION_CONTEXT('2D SPACE',''
  ) );
#1278 = PCURVE('',#1279,#1284);
#1279 = PLANE('',#1280);
#1280 = AXIS2_PLACEMENT_3D('',#1281,#1282,#1283);
#1281 = CARTESIAN_POINT('',(-2.734880265079E-16,3.428682531579E-16,100.)
  );
#1282 = DIRECTION('',(0.,0.,1.));
#1283 = DIRECTION('',(1.,0.,-0.));
#1284 = DEFINITIONAL_REPRESENTATION('',(#1285),#1291);
#1285 = B_SPLINE_CURVE_WITH_KNOTS('',4,(#1286,#1287,#1288,#1289,#1290),
  .UNSPECIFIED.,.F.,.F.,(5,5),(0.,1.),.PIECEWISE_BEZIER_KNOTS.);
#1286 = CARTESIAN_POINT('',(4.952462794835,-2.39231211503));
#1287 = CARTESIAN_POINT('',(4.569772487962,-2.207451633414));
#1288 = CARTESIAN_POINT('',(4.187082181088,-2.022591151798));
#1289 = CARTESIAN_POINT('',(3.804391874214,-1.837730670182));
#1290 = CARTESIAN_POINT('',(3.421701567341,-1.652870188566));
#1291 = ( GEOMETRIC_REPRESENTATION_CONTEXT(2) 
PARAMETRIC_REPRESENTATION_CONTEXT() REPRESENTATION_CONTEXT('2D SPACE',''
  ) );
#1292 = ADVANCED_FACE('',(#1293),#315,.T.);
#1293 = FACE_BOUND('',#1294,.T.);
#1294 = EDGE_LOOP('',(#1295,#1326,#1327,#1328));
#1295 = ORIENTED_EDGE('',*,*,#1296,.T.);
#1296 = EDGE_CURVE('',#1297,#1079,#1299,.T.);
#1297 = VERTEX_POINT('',#1298);
#1298 = CARTESIAN_POINT('',(2.202181953278,3.096836231488,46.));
#1299 = SURFACE_CURVE('',#1300,(#1308,#1319),.PCURVE_S1.);
#1300 = ( BOUNDED_CURVE() B_SPLINE_CURVE(6,(#1301,#1302,#1303,#1304,
#1305,#1306,#1307),.UNSPECIFIED.,.F.,.F.) B_SPLINE_CURVE_WITH_KNOTS((7,7
),(0.,0.9),.PIECEWISE_BEZIER_KNOTS.) CURVE() 
GEOMETRIC_REPRESENTATION_ITEM() RATIONAL_B_SPLINE_CURVE((1.010183839451,
    1.003348477691,0.999321694248,0.997989988068,0.999321694248,
1.003348477691,1.010183839451)) REPRESENTATION_ITEM('') );
#1301 = CARTESIAN_POINT('',(2.202181953278,3.096836231488,46.));
#1302 = CARTESIAN_POINT('',(2.669871914169,2.764258621754,46.));
#1303 = CARTESIAN_POINT('',(3.073600509006,2.349899770264,46.));
#1304 = CARTESIAN_POINT('',(3.397993596801,1.868062787963,46.));
#1305 = CARTESIAN_POINT('',(3.631003507951,1.335987479169,46.));
#1306 = CARTESIAN_POINT('',(3.764529658431,0.773083576859,46.));
#1307 = CARTESIAN_POINT('',(3.794733408937,0.199995887696,46.));
#1308 = PCURVE('',#315,#1309);
#1309 = DEFINITIONAL_REPRESENTATION('',(#1310),#1318);
#1310 = ( BOUNDED_CURVE() B_SPLINE_CURVE(6,(#1311,#1312,#1313,#1314,
#1315,#1316,#1317),.UNSPECIFIED.,.F.,.F.) B_SPLINE_CURVE_WITH_KNOTS((7,7
),(0.,0.9),.PIECEWISE_BEZIER_KNOTS.) CURVE() 
GEOMETRIC_REPRESENTATION_ITEM() RATIONAL_B_SPLINE_CURVE((1.010183839451,
    1.003348477691,0.999321694248,0.997989988068,0.999321694248,
1.003348477691,1.010183839451)) REPRESENTATION_ITEM('') );
#1311 = CARTESIAN_POINT('',(0.925901596696,1.746733487697));
#1312 = CARTESIAN_POINT('',(0.593323986962,1.279043526806));
#1313 = CARTESIAN_POINT('',(0.178965135472,0.875314931969));
#1314 = CARTESIAN_POINT('',(-0.302871846829,0.550921844174));
#1315 = CARTESIAN_POINT('',(-0.834947155623,0.317911933024));
#1316 = CARTESIAN_POINT('',(-1.397851057933,0.184385782544));
#1317 = CARTESIAN_POINT('',(-1.970938747096,0.154182032038));
#1318 = ( GEOMETRIC_REPRESENTATION_CONTEXT(2) 
PARAMETRIC_REPRESENTATION_CONTEXT() REPRESENTATION_CONTEXT('2D SPACE',''
  ) );
#1319 = PCURVE('',#1105,#1320);
#1320 = DEFINITIONAL_REPRESENTATION('',(#1321),#1325);
#1321 = LINE('',#1322,#1323);
#1322 = CARTESIAN_POINT('',(0.,0.));
#1323 = VECTOR('',#1324,1.);
#1324 = DIRECTION('',(1.,0.));
#1325 = ( GEOMETRIC_REPRESENTATION_CONTEXT(2) 
PARAMETRIC_REPRESENTATION_CONTEXT() REPRESENTATION_CONTEXT('2D SPACE',''
  ) );
#1326 = ORIENTED_EDGE('',*,*,#1196,.T.);
#1327 = ORIENTED_EDGE('',*,*,#298,.F.);
#1328 = ORIENTED_EDGE('',*,*,#1329,.T.);
#1329 = EDGE_CURVE('',#299,#1297,#1330,.T.);
#1330 = SURFACE_CURVE('',#1331,(#1334,#1340),.PCURVE_S1.);
#1331 = B_SPLINE_CURVE_WITH_KNOTS('',1,(#1332,#1333),.UNSPECIFIED.,.F.,
  .F.,(2,2),(0.,1.7),.PIECEWISE_BEZIER_KNOTS.);
#1332 = CARTESIAN_POINT('',(3.187368616586,4.482262966627,46.));
#1333 = CARTESIAN_POINT('',(2.202181953278,3.096836231488,46.));
#1334 = PCURVE('',#315,#1335);
#1335 = DEFINITIONAL_REPRESENTATION('',(#1336),#1339);
#1336 = B_SPLINE_CURVE_WITH_KNOTS('',1,(#1337,#1338),.UNSPECIFIED.,.F.,
  .F.,(2,2),(0.,1.7),.PIECEWISE_BEZIER_KNOTS.);
#1337 = CARTESIAN_POINT('',(2.311328331835,0.761546824389));
#1338 = CARTESIAN_POINT('',(0.925901596696,1.746733487697));
#1339 = ( GEOMETRIC_REPRESENTATION_CONTEXT(2) 
PARAMETRIC_REPRESENTATION_CONTEXT() REPRESENTATION_CONTEXT('2D SPACE',''
  ) );
#1340 = PCURVE('',#369,#1341);
#1341 = DEFINITIONAL_REPRESENTATION('',(#1342),#1346);
#1342 = LINE('',#1343,#1344);
#1343 = CARTESIAN_POINT('',(0.,0.));
#1344 = VECTOR('',#1345,1.);
#1345 = DIRECTION('',(1.,0.));
#1346 = ( GEOMETRIC_REPRESENTATION_CONTEXT(2) 
PARAMETRIC_REPRESENTATION_CONTEXT() REPRESENTATION_CONTEXT('2D SPACE',''
  ) );
#1347 = ADVANCED_FACE('',(#1348),#369,.F.);
#1348 = FACE_BOUND('',#1349,.F.);
#1349 = EDGE_LOOP('',(#1350,#1351,#1352,#1383,#1412));
#1350 = ORIENTED_EDGE('',*,*,#331,.F.);
#1351 = ORIENTED_EDGE('',*,*,#1329,.T.);
#1352 = ORIENTED_EDGE('',*,*,#1353,.T.);
#1353 = EDGE_CURVE('',#1297,#1354,#1356,.T.);
#1354 = VERTEX_POINT('',#1355);
#1355 = CARTESIAN_POINT('',(3.421701499531,1.652870328942,100.));
#1356 = SURFACE_CURVE('',#1357,(#1370,#1377),.PCURVE_S1.);
#1357 = B_SPLINE_CURVE_WITH_KNOTS('',11,(#1358,#1359,#1360,#1361,#1362,
    #1363,#1364,#1365,#1366,#1367,#1368,#1369),.UNSPECIFIED.,.F.,.F.,(12
    ,12),(0.,54.5),.PIECEWISE_BEZIER_KNOTS.);
#1358 = CARTESIAN_POINT('',(2.202181953278,3.096836231488,46.));
#1359 = CARTESIAN_POINT('',(4.130292456933,1.725743336132,
    50.954545454551));
#1360 = CARTESIAN_POINT('',(5.119904712754,-0.965235026861,
    55.909090909069));
#1361 = CARTESIAN_POINT('',(4.161304368761,-4.267638848419,
    60.863636363692));
#1362 = CARTESIAN_POINT('',(0.883439344094,-6.576390365999,
    65.818181818083));
#1363 = CARTESIAN_POINT('',(-3.716978957089,-6.155922970449,
    70.772727272858));
#1364 = CARTESIAN_POINT('',(-6.843356392305,-2.209025457951,
    75.727272727143));
#1365 = CARTESIAN_POINT('',(-6.199506470774,2.365479832894,
    80.681818181916));
#1366 = CARTESIAN_POINT('',(-3.20168038215,5.027766712975,
    85.636363636309));
#1367 = CARTESIAN_POINT('',(0.23247262154,5.204907242705,90.590909090931
    ));
#1368 = CARTESIAN_POINT('',(2.625442322732,3.625542504507,95.54545454545
    ));
#1369 = CARTESIAN_POINT('',(3.518731552682,1.434757212966,100.5));
#1370 = PCURVE('',#369,#1371);
#1371 = DEFINITIONAL_REPRESENTATION('',(#1372),#1376);
#1372 = LINE('',#1373,#1374);
#1373 = CARTESIAN_POINT('',(1.7,0.));
#1374 = VECTOR('',#1375,1.);
#1375 = DIRECTION('',(0.,1.));
#1376 = ( GEOMETRIC_REPRESENTATION_CONTEXT(2) 
PARAMETRIC_REPRESENTATION_CONTEXT() REPRESENTATION_CONTEXT('2D SPACE',''
  ) );
#1377 = PCURVE('',#1105,#1378);
#1378 = DEFINITIONAL_REPRESENTATION('',(#1379),#1382);
#1379 = B_SPLINE_CURVE_WITH_KNOTS('',1,(#1380,#1381),.UNSPECIFIED.,.F.,
  .F.,(2,2),(0.,54.5),.PIECEWISE_BEZIER_KNOTS.);
#1380 = CARTESIAN_POINT('',(0.,0.));
#1381 = CARTESIAN_POINT('',(0.,54.5));
#1382 = ( GEOMETRIC_REPRESENTATION_CONTEXT(2) 
PARAMETRIC_REPRESENTATION_CONTEXT() REPRESENTATION_CONTEXT('2D SPACE',''
  ) );
#1383 = ORIENTED_EDGE('',*,*,#1384,.T.);
#1384 = EDGE_CURVE('',#1354,#1385,#1387,.T.);
#1385 = VERTEX_POINT('',#1386);
#1386 = CARTESIAN_POINT('',(4.502235467152,2.174827762909,100.));
#1387 = SURFACE_CURVE('',#1388,(#1394,#1403),.PCURVE_S1.);
#1388 = B_SPLINE_CURVE_WITH_KNOTS('',4,(#1389,#1390,#1391,#1392,#1393),
  .UNSPECIFIED.,.F.,.F.,(5,5),(0.,1.),.PIECEWISE_BEZIER_KNOTS.);
#1389 = CARTESIAN_POINT('',(3.421701499531,1.652870328942,100.));
#1390 = CARTESIAN_POINT('',(3.804391798821,1.837730826258,100.));
#1391 = CARTESIAN_POINT('',(4.187082098111,2.022591323574,100.));
#1392 = CARTESIAN_POINT('',(4.5697723974,2.20745182089,100.));
#1393 = CARTESIAN_POINT('',(4.95246269669,2.392312318206,100.));
#1394 = PCURVE('',#369,#1395);
#1395 = DEFINITIONAL_REPRESENTATION('',(#1396),#1402);
#1396 = B_SPLINE_CURVE_WITH_KNOTS('',4,(#1397,#1398,#1399,#1400,#1401),
  .UNSPECIFIED.,.F.,.F.,(5,5),(0.,1.),.PIECEWISE_BEZIER_KNOTS.);
#1397 = CARTESIAN_POINT('',(1.7,54.));
#1398 = CARTESIAN_POINT('',(1.275,54.));
#1399 = CARTESIAN_POINT('',(0.85,54.));
#1400 = CARTESIAN_POINT('',(0.425,54.));
#1401 = CARTESIAN_POINT('',(0.,54.));
#1402 = ( GEOMETRIC_REPRESENTATION_CONTEXT(2) 
PARAMETRIC_REPRESENTATION_CONTEXT() REPRESENTATION_CONTEXT('2D SPACE',''
  ) );
#1403 = PCURVE('',#1279,#1404);
#1404 = DEFINITIONAL_REPRESENTATION('',(#1405),#1411);
#1405 = B_SPLINE_CURVE_WITH_KNOTS('',4,(#1406,#1407,#1408,#1409,#1410),
  .UNSPECIFIED.,.F.,.F.,(5,5),(0.,1.),.PIECEWISE_BEZIER_KNOTS.);
#1406 = CARTESIAN_POINT('',(3.421701499531,1.652870328942));
#1407 = CARTESIAN_POINT('',(3.804391798821,1.837730826258));
#1408 = CARTESIAN_POINT('',(4.187082098111,2.022591323574));
#1409 = CARTESIAN_POINT('',(4.5697723974,2.20745182089));
#1410 = CARTESIAN_POINT('',(4.95246269669,2.392312318206));
#1411 = ( GEOMETRIC_REPRESENTATION_CONTEXT(2) 
PARAMETRIC_REPRESENTATION_CONTEXT() REPRESENTATION_CONTEXT('2D SPACE',''
  ) );
#1412 = ORIENTED_EDGE('',*,*,#1413,.F.);
#1413 = EDGE_CURVE('',#332,#1385,#1414,.T.);
#1414 = SURFACE_CURVE('',#1415,(#1472,#1532),.PCURVE_S1.);
#1415 = B_SPLINE_CURVE_WITH_KNOTS('',7,(#1416,#1417,#1418,#1419,#1420,
    #1421,#1422,#1423,#1424,#1425,#1426,#1427,#1428,#1429,#1430,#1431,
    #1432,#1433,#1434,#1435,#1436,#1437,#1438,#1439,#1440,#1441,#1442,
    #1443,#1444,#1445,#1446,#1447,#1448,#1449,#1450,#1451,#1452,#1453,
    #1454,#1455,#1456,#1457,#1458,#1459,#1460,#1461,#1462,#1463,#1464,
    #1465,#1466,#1467,#1468,#1469,#1470,#1471),.UNSPECIFIED.,.F.,.F.,(8,
    6,6,6,6,6,6,6,6,8),(0.,0.169257293868,0.24427534491,0.278324972934,
    0.420533386472,0.570268986427,0.679056887177,0.747291435442,
    0.869370474133,1.),.UNSPECIFIED.);
#1416 = CARTESIAN_POINT('',(5.,-8.881784197001E-16,53.580965656065));
#1417 = CARTESIAN_POINT('',(5.,-0.705198658926,54.703323194286));
#1418 = CARTESIAN_POINT('',(4.883962913792,-1.41055622513,
    55.825943511657));
#1419 = CARTESIAN_POINT('',(4.651788953485,-2.092862736732,56.9483601644
    ));
#1420 = CARTESIAN_POINT('',(4.309352646004,-2.72923578213,
    58.070662092038));
#1421 = CARTESIAN_POINT('',(3.867822835322,-3.298898690775,
    59.193075447054));
#1422 = CARTESIAN_POINT('',(3.343074044899,-3.784332071102,
    60.315693533645));
#1423 = CARTESIAN_POINT('',(2.493681632425,-4.345025394497,
    61.935500210629));
#1424 = CARTESIAN_POINT('',(2.220268744066,-4.498194629056,
    62.432954449358));
#1425 = CARTESIAN_POINT('',(1.935963848313,-4.631238427464,
    62.93040538907));
#1426 = CARTESIAN_POINT('',(1.642552731623,-4.743242068115,
    63.427854292539));
#1427 = CARTESIAN_POINT('',(1.341911940236,-4.833489343753,
    63.925305388428));
#1428 = CARTESIAN_POINT('',(1.035982425348,-4.901472554246,
    64.422759912403));
#1429 = CARTESIAN_POINT('',(0.586383890141,-4.967522506305,
    65.145995745918));
#1430 = CARTESIAN_POINT('',(0.445342113314,-4.983496324374,
    65.371781458799));
#1431 = CARTESIAN_POINT('',(0.303802510797,-4.994796831594,
    65.597567140264));
#1432 = CARTESIAN_POINT('',(0.1619509715,-5.001406116697,65.823352812343
    ));
#1433 = CARTESIAN_POINT('',(1.997407972438E-02,-5.00331550278,
    66.049138552663));
#1434 = CARTESIAN_POINT('',(-0.121941425366,-5.00052557094,
    66.274924381405));
#1435 = CARTESIAN_POINT('',(-0.855285201625,-4.961808492842,
    67.443705345705));
#1436 = CARTESIAN_POINT('',(-1.442708941812,-4.84876828098,
    68.386809444184));
#1437 = CARTESIAN_POINT('',(-2.012187807169,-4.654613921142,
    69.329829851644));
#1438 = CARTESIAN_POINT('',(-2.550316110407,-4.382947211521,
    70.272801327569));
#1439 = CARTESIAN_POINT('',(-3.044695501338,-4.04002482119,
    71.215821243096));
#1440 = CARTESIAN_POINT('',(-3.48446407257,-3.63449698715,
    72.158924880421));
#1441 = CARTESIAN_POINT('',(-4.257336138817,-2.695235474118,
    74.094827172864));
#1442 = CARTESIAN_POINT('',(-4.583666470289,-2.15572471798,
    75.087876002515));
#1443 = CARTESIAN_POINT('',(-4.829709144357,-1.570784103227,
    76.08081556966));
#1444 = CARTESIAN_POINT('',(-4.988143007927,-0.954920329979,
    77.073692947258));
#1445 = CARTESIAN_POINT('',(-5.054923134788,-0.323867660661,
    78.066633677084));
#1446 = CARTESIAN_POINT('',(-5.029461298297,0.306140298533,
    79.059683477319));
#1447 = CARTESIAN_POINT('',(-4.831408592137,1.364892663722,
    80.773972249078));
#1448 = CARTESIAN_POINT('',(-4.700944574129,1.801625326039,
    81.49538117824));
#1449 = CARTESIAN_POINT('',(-4.524475779951,2.223549847302,
    82.216768574332));
#1450 = CARTESIAN_POINT('',(-4.304080025086,2.624872062354,
    82.938142111923));
#1451 = CARTESIAN_POINT('',(-4.042726717306,3.000183561733,
    83.659528811788));
#1452 = CARTESIAN_POINT('',(-3.744190434011,3.344620039168,
    84.380936752703));
#1453 = CARTESIAN_POINT('',(-3.205181955506,3.848068764377,
    85.554784349857));
#1454 = CARTESIAN_POINT('',(-2.984543376674,4.028345396896,
    86.007254994636));
#1455 = CARTESIAN_POINT('',(-2.752129951575,4.193813275174,
    86.459723736164));
#1456 = CARTESIAN_POINT('',(-2.509141376848,4.34355815109,
    86.912191361739));
#1457 = CARTESIAN_POINT('',(-2.256862948646,4.476788205975,
    87.364660481536));
#1458 = CARTESIAN_POINT('',(-1.996650588295,4.592843194153,
    87.817131830086));
#1459 = CARTESIAN_POINT('',(-1.252698401544,4.867181041389,
    89.079116420641));
#1460 = CARTESIAN_POINT('',(-0.754566827773,4.986532691322,
    89.888684537298));
#1461 = CARTESIAN_POINT('',(-0.243638581684,5.046252183627,
    90.69821503077));
#1462 = CARTESIAN_POINT('',(0.271495837508,5.044830509989,
    91.507720446405));
#1463 = CARTESIAN_POINT('',(0.782090178101,4.982291042535,
    92.317248305459));
#1464 = CARTESIAN_POINT('',(1.279560806146,4.860188956028,
    93.126813392062));
#1465 = CARTESIAN_POINT('',(2.265407963294,4.490450892963,94.80254517599
    ));
#1466 = CARTESIAN_POINT('',(2.750782690553,4.234593590332,
    95.668831000101));
#1467 = CARTESIAN_POINT('',(3.201981333682,3.917709610904,
    96.535062341377));
#1468 = CARTESIAN_POINT('',(3.609869267139,3.545414854257,
    97.401261890995));
#1469 = CARTESIAN_POINT('',(3.966511417535,3.124955731241,98.2674971863)
  );
#1470 = CARTESIAN_POINT('',(4.265501547939,2.664904297113,99.13378467456
    ));
#1471 = CARTESIAN_POINT('',(4.50223563113,2.174827423448,100.0000006));
#1472 = PCURVE('',#369,#1473);
#1473 = DEFINITIONAL_REPRESENTATION('',(#1474),#1531);
#1474 = B_SPLINE_CURVE_WITH_KNOTS('',7,(#1475,#1476,#1477,#1478,#1479,
    #1480,#1481,#1482,#1483,#1484,#1485,#1486,#1487,#1488,#1489,#1490,
    #1491,#1492,#1493,#1494,#1495,#1496,#1497,#1498,#1499,#1500,#1501,
    #1502,#1503,#1504,#1505,#1506,#1507,#1508,#1509,#1510,#1511,#1512,
    #1513,#1514,#1515,#1516,#1517,#1518,#1519,#1520,#1521,#1522,#1523,
    #1524,#1525,#1526,#1527,#1528,#1529,#1530),.UNSPECIFIED.,.F.,.F.,(8,
    6,6,6,6,6,6,6,6,8),(0.,0.169257293868,0.24427534491,0.278324972934,
    0.420533386472,0.570268986427,0.679056887177,0.747291435442,
    0.869370474133,1.),.UNSPECIFIED.);
#1475 = CARTESIAN_POINT('',(0.499987131016,7.580965656065));
#1476 = CARTESIAN_POINT('',(0.499989080514,8.703323194286));
#1477 = CARTESIAN_POINT('',(0.499997291624,9.825943511657));
#1478 = CARTESIAN_POINT('',(0.500006433583,10.9483601644));
#1479 = CARTESIAN_POINT('',(0.500005251323,12.070662092037));
#1480 = CARTESIAN_POINT('',(0.500001836505,13.193075447054));
#1481 = CARTESIAN_POINT('',(0.499999807611,14.315693533645));
#1482 = CARTESIAN_POINT('',(0.499999944161,15.935500210629));
#1483 = CARTESIAN_POINT('',(0.500000398806,16.432954449358));
#1484 = CARTESIAN_POINT('',(0.500001343137,16.93040538907));
#1485 = CARTESIAN_POINT('',(0.500002689402,17.427854292539));
#1486 = CARTESIAN_POINT('',(0.500004244767,17.925305388428));
#1487 = CARTESIAN_POINT('',(0.500005770951,18.422759912403));
#1488 = CARTESIAN_POINT('',(0.500007621627,19.145995745918));
#1489 = CARTESIAN_POINT('',(0.500008147814,19.371781458799));
#1490 = CARTESIAN_POINT('',(0.50000860225,19.597567140264));
#1491 = CARTESIAN_POINT('',(0.50000896633,19.823352812343));
#1492 = CARTESIAN_POINT('',(0.500009224073,20.049138552663));
#1493 = CARTESIAN_POINT('',(0.50000936318,20.274924381405));
#1494 = CARTESIAN_POINT('',(0.500009430004,21.443705345705));
#1495 = CARTESIAN_POINT('',(0.500007280073,22.386809444183));
#1496 = CARTESIAN_POINT('',(0.500002381107,23.329829851645));
#1497 = CARTESIAN_POINT('',(0.499995447184,24.272801327568));
#1498 = CARTESIAN_POINT('',(0.499989581936,25.215821243096));
#1499 = CARTESIAN_POINT('',(0.499986392544,26.15892488042));
#1500 = CARTESIAN_POINT('',(0.499985614573,28.094827172864));
#1501 = CARTESIAN_POINT('',(0.499988331954,29.087876002514));
#1502 = CARTESIAN_POINT('',(0.499994316027,30.080815569664));
#1503 = CARTESIAN_POINT('',(0.50000193772,31.073692947254));
#1504 = CARTESIAN_POINT('',(0.500007289592,32.066633677086));
#1505 = CARTESIAN_POINT('',(0.50000953854,33.059683477319));
#1506 = CARTESIAN_POINT('',(0.500009247615,34.773972249078));
#1507 = CARTESIAN_POINT('',(0.500007858826,35.49538117824));
#1508 = CARTESIAN_POINT('',(0.500005427851,36.216768574332));
#1509 = CARTESIAN_POINT('',(0.500002786486,36.938142111923));
#1510 = CARTESIAN_POINT('',(0.500000797953,37.659528811788));
#1511 = CARTESIAN_POINT('',(0.499999918958,38.380936752703));
#1512 = CARTESIAN_POINT('',(0.499999888101,39.554784349857));
#1513 = CARTESIAN_POINT('',(0.500000214777,40.007254994636));
#1514 = CARTESIAN_POINT('',(0.50000084255,40.459723736164));
#1515 = CARTESIAN_POINT('',(0.50000161954,40.912191361739));
#1516 = CARTESIAN_POINT('',(0.500002336562,41.364660481536));
#1517 = CARTESIAN_POINT('',(0.500002784225,41.817131830086));
#1518 = CARTESIAN_POINT('',(0.500002856221,43.079116420641));
#1519 = CARTESIAN_POINT('',(0.500001551762,43.888684537298));
#1520 = CARTESIAN_POINT('',(0.499998133592,44.69821503077));
#1521 = CARTESIAN_POINT('',(0.499992321368,45.507720446405));
#1522 = CARTESIAN_POINT('',(0.499986622424,46.317248305459));
#1523 = CARTESIAN_POINT('',(0.499985006012,47.126813392062));
#1524 = CARTESIAN_POINT('',(0.499991093642,48.80254517599));
#1525 = CARTESIAN_POINT('',(0.499999768306,49.668831000101));
#1526 = CARTESIAN_POINT('',(0.500012982506,50.535062341378));
#1527 = CARTESIAN_POINT('',(0.500031504392,51.401261890995));
#1528 = CARTESIAN_POINT('',(0.500037787268,52.267497186301));
#1529 = CARTESIAN_POINT('',(0.500014794844,53.133784674561));
#1530 = CARTESIAN_POINT('',(0.500003723077,54.0000006));
#1531 = ( GEOMETRIC_REPRESENTATION_CONTEXT(2) 
PARAMETRIC_REPRESENTATION_CONTEXT() REPRESENTATION_CONTEXT('2D SPACE',''
  ) );
#1532 = PCURVE('',#428,#1533);
#1533 = DEFINITIONAL_REPRESENTATION('',(#1534),#1591);
#1534 = B_SPLINE_CURVE_WITH_KNOTS('',7,(#1535,#1536,#1537,#1538,#1539,
    #1540,#1541,#1542,#1543,#1544,#1545,#1546,#1547,#1548,#1549,#1550,
    #1551,#1552,#1553,#1554,#1555,#1556,#1557,#1558,#1559,#1560,#1561,
    #1562,#1563,#1564,#1565,#1566,#1567,#1568,#1569,#1570,#1571,#1572,
    #1573,#1574,#1575,#1576,#1577,#1578,#1579,#1580,#1581,#1582,#1583,
    #1584,#1585,#1586,#1587,#1588,#1589,#1590),.UNSPECIFIED.,.F.,.F.,(8,
    6,6,6,6,6,6,6,6,8),(0.,0.169257293868,0.24427534491,0.278324972934,
    0.420533386472,0.570268986427,0.679056887177,0.747291435442,
    0.869370474133,1.),.UNSPECIFIED.);
#1535 = CARTESIAN_POINT('',(-6.28318530718,-36.09096565606));
#1536 = CARTESIAN_POINT('',(-6.142145575394,-37.21332319428));
#1537 = CARTESIAN_POINT('',(-6.001074147559,-38.33594351165));
#1538 = CARTESIAN_POINT('',(-5.860029939185,-39.4583601644));
#1539 = CARTESIAN_POINT('',(-5.718999784726,-40.58066209203));
#1540 = CARTESIAN_POINT('',(-5.577953460862,-41.70307544705));
#1541 = CARTESIAN_POINT('',(-5.436880229721,-42.82569353364));
#1542 = CARTESIAN_POINT('',(-5.233327339958,-44.44550021062));
#1543 = CARTESIAN_POINT('',(-5.170814694511,-44.94295444935));
#1544 = CARTESIAN_POINT('',(-5.108302442742,-45.44040538907));
#1545 = CARTESIAN_POINT('',(-5.045790499773,-45.93785429253));
#1546 = CARTESIAN_POINT('',(-4.983278396066,-46.43530538842));
#1547 = CARTESIAN_POINT('',(-4.920766013846,-46.9327599124));
#1548 = CARTESIAN_POINT('',(-4.829881155035,-47.65599574591));
#1549 = CARTESIAN_POINT('',(-4.801508003813,-47.88178145879));
#1550 = CARTESIAN_POINT('',(-4.773134888802,-48.10756714026));
#1551 = CARTESIAN_POINT('',(-4.744761806536,-48.33335281234));
#1552 = CARTESIAN_POINT('',(-4.716388745527,-48.55913855266));
#1553 = CARTESIAN_POINT('',(-4.688015700652,-48.7849243814));
#1554 = CARTESIAN_POINT('',(-4.541142679805,-49.9537053457));
#1555 = CARTESIAN_POINT('',(-4.422629404117,-50.89680944418));
#1556 = CARTESIAN_POINT('',(-4.304126835892,-51.83982985165));
#1557 = CARTESIAN_POINT('',(-4.185630143178,-52.78280132756));
#1558 = CARTESIAN_POINT('',(-4.067126881182,-53.72582124309));
#1559 = CARTESIAN_POINT('',(-3.948612857964,-54.66892488042));
#1560 = CARTESIAN_POINT('',(-3.705339890238,-56.60482717286));
#1561 = CARTESIAN_POINT('',(-3.580549508559,-57.59787600251));
#1562 = CARTESIAN_POINT('',(-3.455773077674,-58.59081556966));
#1563 = CARTESIAN_POINT('',(-3.331005024047,-59.58369294725));
#1564 = CARTESIAN_POINT('',(-3.20622935886,-60.57663367708));
#1565 = CARTESIAN_POINT('',(-3.081439768765,-61.56968347731));
#1566 = CARTESIAN_POINT('',(-2.866016330374,-63.28397224907));
#1567 = CARTESIAN_POINT('',(-2.775361346358,-64.00538117824));
#1568 = CARTESIAN_POINT('',(-2.684708715638,-64.72676857433));
#1569 = CARTESIAN_POINT('',(-2.594057434802,-65.44814211192));
#1570 = CARTESIAN_POINT('',(-2.503404236897,-66.16952881178));
#1571 = CARTESIAN_POINT('',(-2.412748365204,-66.8909367527));
#1572 = CARTESIAN_POINT('',(-2.265236906826,-68.06478434985));
#1573 = CARTESIAN_POINT('',(-2.208377301609,-68.51725499463));
#1574 = CARTESIAN_POINT('',(-2.151518069908,-68.96972373616));
#1575 = CARTESIAN_POINT('',(-2.094659156751,-69.42219136173));
#1576 = CARTESIAN_POINT('',(-2.037800259319,-69.87466048153));
#1577 = CARTESIAN_POINT('',(-1.980941283467,-70.32713183008));
#1578 = CARTESIAN_POINT('',(-1.822356780996,-71.58911642064));
#1579 = CARTESIAN_POINT('',(-1.72062471283,-72.39868453729));
#1580 = CARTESIAN_POINT('',(-1.618897753763,-73.20821503076));
#1581 = CARTESIAN_POINT('',(-1.517173729631,-74.0177204464));
#1582 = CARTESIAN_POINT('',(-1.415446112896,-74.82724830545));
#1583 = CARTESIAN_POINT('',(-1.313712887756,-75.63681339206));
#1584 = CARTESIAN_POINT('',(-1.103132655774,-77.31254517599));
#1585 = CARTESIAN_POINT('',(-0.994270716009,-78.1788310001));
#1586 = CARTESIAN_POINT('',(-0.885415027913,-79.04506234137));
#1587 = CARTESIAN_POINT('',(-0.776565036249,-79.91126189099));
#1588 = CARTESIAN_POINT('',(-0.667712141173,-80.7774971863));
#1589 = CARTESIAN_POINT('',(-0.558851838666,-81.64378467456));
#1590 = CARTESIAN_POINT('',(-0.449999945114,-82.5100006));
#1591 = ( GEOMETRIC_REPRESENTATION_CONTEXT(2) 
PARAMETRIC_REPRESENTATION_CONTEXT() REPRESENTATION_CONTEXT('2D SPACE',''
  ) );
#1592 = ADVANCED_FACE('',(#1593),#428,.T.);
#1593 = FACE_BOUND('',#1594,.F.);
#1594 = EDGE_LOOP('',(#1595,#1596,#1620,#1743));
#1595 = ORIENTED_EDGE('',*,*,#1413,.T.);
#1596 = ORIENTED_EDGE('',*,*,#1597,.T.);
#1597 = EDGE_CURVE('',#1385,#1598,#1600,.T.);
#1598 = VERTEX_POINT('',#1599);
#1599 = CARTESIAN_POINT('',(-4.502235556375,2.174827578204,100.));
#1600 = SURFACE_CURVE('',#1601,(#1606,#1613),.PCURVE_S1.);
#1601 = CIRCLE('',#1602,5.);
#1602 = AXIS2_PLACEMENT_3D('',#1603,#1604,#1605);
#1603 = CARTESIAN_POINT('',(0.,0.,100.));
#1604 = DIRECTION('',(0.,0.,1.));
#1605 = DIRECTION('',(1.,0.,0.));
#1606 = PCURVE('',#428,#1607);
#1607 = DEFINITIONAL_REPRESENTATION('',(#1608),#1612);
#1608 = LINE('',#1609,#1610);
#1609 = CARTESIAN_POINT('',(-0.,-82.51));
#1610 = VECTOR('',#1611,1.);
#1611 = DIRECTION('',(-1.,0.));
#1612 = ( GEOMETRIC_REPRESENTATION_CONTEXT(2) 
PARAMETRIC_REPRESENTATION_CONTEXT() REPRESENTATION_CONTEXT('2D SPACE',''
  ) );
#1613 = PCURVE('',#1279,#1614);
#1614 = DEFINITIONAL_REPRESENTATION('',(#1615),#1619);
#1615 = CIRCLE('',#1616,5.);
#1616 = AXIS2_PLACEMENT_2D('',#1617,#1618);
#1617 = CARTESIAN_POINT('',(2.734880265079E-16,-3.428682531579E-16));
#1618 = DIRECTION('',(1.,0.));
#1619 = ( GEOMETRIC_REPRESENTATION_CONTEXT(2) 
PARAMETRIC_REPRESENTATION_CONTEXT() REPRESENTATION_CONTEXT('2D SPACE',''
  ) );
#1620 = ORIENTED_EDGE('',*,*,#1621,.F.);
#1621 = EDGE_CURVE('',#413,#1598,#1622,.T.);
#1622 = SURFACE_CURVE('',#1623,(#1661,#1702),.PCURVE_S1.);
#1623 = B_SPLINE_CURVE_WITH_KNOTS('',8,(#1624,#1625,#1626,#1627,#1628,
    #1629,#1630,#1631,#1632,#1633,#1634,#1635,#1636,#1637,#1638,#1639,
    #1640,#1641,#1642,#1643,#1644,#1645,#1646,#1647,#1648,#1649,#1650,
    #1651,#1652,#1653,#1654,#1655,#1656,#1657,#1658,#1659,#1660),
  .UNSPECIFIED.,.F.,.F.,(9,7,7,7,7,9),(0.,0.302040066696,0.478706056867,
    0.704950121602,0.930213332337,1.),.UNSPECIFIED.);
#1624 = CARTESIAN_POINT('',(5.,-8.881784197001E-16,71.419014889202));
#1625 = CARTESIAN_POINT('',(5.000000000013,-0.677969248506,
    72.498037197852));
#1626 = CARTESIAN_POINT('',(4.894938937905,-1.356137354492,
    73.577373586344));
#1627 = CARTESIAN_POINT('',(4.684708621561,-2.015214545485,
    74.656553463552));
#1628 = CARTESIAN_POINT('',(4.373580193324,-2.636143091777,
    75.735558628583));
#1629 = CARTESIAN_POINT('',(3.969836760371,-3.201243310785,
    76.814565111909));
#1630 = CARTESIAN_POINT('',(3.485243138005,-3.694943065613,
    77.893746835594));
#1631 = CARTESIAN_POINT('',(2.93465061648,-4.104566558703,78.97308434225
    ));
#1632 = CARTESIAN_POINT('',(1.984518849921,-4.60640170462,
    80.683236332565));
#1633 = CARTESIAN_POINT('',(1.617074235872,-4.759827686022,
    81.314387330947));
#1634 = CARTESIAN_POINT('',(1.236206825593,-4.879689546768,
    81.945528399824));
#1635 = CARTESIAN_POINT('',(0.845505932782,-4.964642701133,
    82.576657163797));
#1636 = CARTESIAN_POINT('',(0.448708541892,-5.013805143776,
    83.207785666688));
#1637 = CARTESIAN_POINT('',(4.96332298439E-02,-5.026771406535,
    83.838926053337));
#1638 = CARTESIAN_POINT('',(-0.347886989892,-5.003621650646,
    84.470076189619));
#1639 = CARTESIAN_POINT('',(-1.242318604966,-4.86975824923,
    85.909449055424));
#1640 = CARTESIAN_POINT('',(-1.735883573454,-4.73628459776,
    86.717766506508));
#1641 = CARTESIAN_POINT('',(-2.212801140396,-4.545677954034,
    87.526049419327));
#1642 = CARTESIAN_POINT('',(-2.665362339237,-4.300433157502,
    88.334292293305));
#1643 = CARTESIAN_POINT('',(-3.086353523096,-4.004258060064,
    89.14253605407));
#1644 = CARTESIAN_POINT('',(-3.469247875798,-3.661964817504,
    89.950821083936));
#1645 = CARTESIAN_POINT('',(-3.808384589472,-3.279344355386,
    90.759140658671));
#1646 = CARTESIAN_POINT('',(-4.388693716585,-2.448474783832,
    92.372127167883));
#1647 = CARTESIAN_POINT('',(-4.630336950296,-2.00044214825,
    93.176940471791));
#1648 = CARTESIAN_POINT('',(-4.819533293267,-1.525411924272,
    93.981719094881));
#1649 = CARTESIAN_POINT('',(-4.95283146888,-1.030594766847,
    94.786456520744));
#1650 = CARTESIAN_POINT('',(-5.027976944857,-0.523675850813,
    95.591193617163));
#1651 = CARTESIAN_POINT('',(-5.043969884468,-1.260280423565E-02,
    96.395971638193));
#1652 = CARTESIAN_POINT('',(-5.001100049772,0.494632911647,
    97.200784772585));
#1653 = CARTESIAN_POINT('',(-4.869936277084,1.143791199539,
    98.254835184528));
#1654 = CARTESIAN_POINT('',(-4.833415260409,1.296222551325,
    98.504144684827));
#1655 = CARTESIAN_POINT('',(-4.791443166396,1.447313331533,
    98.753454119304));
#1656 = CARTESIAN_POINT('',(-4.744077912781,1.596836325353,
    99.002763438208));
#1657 = CARTESIAN_POINT('',(-4.691388720417,1.744567450738,
    99.252072725632));
#1658 = CARTESIAN_POINT('',(-4.633455928813,1.890286336044,
    99.501382073438));
#1659 = CARTESIAN_POINT('',(-4.570370811666,2.033776897664,
    99.750691455174));
#1660 = CARTESIAN_POINT('',(-4.502235392397,2.174827917664,100.0000006)
  );
#1661 = PCURVE('',#428,#1662);
#1662 = DEFINITIONAL_REPRESENTATION('',(#1663),#1701);
#1663 = B_SPLINE_CURVE_WITH_KNOTS('',8,(#1664,#1665,#1666,#1667,#1668,
    #1669,#1670,#1671,#1672,#1673,#1674,#1675,#1676,#1677,#1678,#1679,
    #1680,#1681,#1682,#1683,#1684,#1685,#1686,#1687,#1688,#1689,#1690,
    #1691,#1692,#1693,#1694,#1695,#1696,#1697,#1698,#1699,#1700),
  .UNSPECIFIED.,.F.,.F.,(9,7,7,7,7,9),(0.,0.302040066696,0.478706056867,
    0.704950121602,0.930213332337,1.),.UNSPECIFIED.);
#1664 = CARTESIAN_POINT('',(-6.28318530718,-53.9290148892));
#1665 = CARTESIAN_POINT('',(-6.147591457478,-55.00803719785));
#1666 = CARTESIAN_POINT('',(-6.011957815941,-56.08737358634));
#1667 = CARTESIAN_POINT('',(-5.876343662477,-57.16655346354));
#1668 = CARTESIAN_POINT('',(-5.740751700855,-58.24555862859));
#1669 = CARTESIAN_POINT('',(-5.605160411976,-59.3245651119));
#1670 = CARTESIAN_POINT('',(-5.469547492687,-60.40374683559));
#1671 = CARTESIAN_POINT('',(-5.333914768069,-61.48308434225));
#1672 = CARTESIAN_POINT('',(-5.119011172241,-63.19323633256));
#1673 = CARTESIAN_POINT('',(-5.039698373841,-63.82438733094));
#1674 = CARTESIAN_POINT('',(-4.960386571624,-64.45552839982));
#1675 = CARTESIAN_POINT('',(-4.881076031786,-65.08665716379));
#1676 = CARTESIAN_POINT('',(-4.801765279255,-65.71778566668));
#1677 = CARTESIAN_POINT('',(-4.722452900607,-66.34892605333));
#1678 = CARTESIAN_POINT('',(-4.643139319278,-66.98007618961));
#1679 = CARTESIAN_POINT('',(-4.462260650078,-68.41944905542));
#1680 = CARTESIAN_POINT('',(-4.360683759509,-69.2277665065));
#1681 = CARTESIAN_POINT('',(-4.259111727472,-70.03604941932));
#1682 = CARTESIAN_POINT('',(-4.157545503843,-70.8442922933));
#1683 = CARTESIAN_POINT('',(-4.05597989714,-71.65253605407));
#1684 = CARTESIAN_POINT('',(-3.954409423401,-72.46082108393));
#1685 = CARTESIAN_POINT('',(-3.852834357707,-73.26914065867));
#1686 = CARTESIAN_POINT('',(-3.650142184405,-74.88212716788));
#1687 = CARTESIAN_POINT('',(-3.549006674279,-75.68694047179));
#1688 = CARTESIAN_POINT('',(-3.447874776533,-76.49171909488));
#1689 = CARTESIAN_POINT('',(-3.34674709099,-77.29645652074));
#1690 = CARTESIAN_POINT('',(-3.245619169612,-78.10119361716));
#1691 = CARTESIAN_POINT('',(-3.144486820828,-78.90597163819));
#1692 = CARTESIAN_POINT('',(-3.043351076858,-79.71078477258));
#1693 = CARTESIAN_POINT('',(-2.910895738271,-80.76483518452));
#1694 = CARTESIAN_POINT('',(-2.879566745171,-81.01414468482));
#1695 = CARTESIAN_POINT('',(-2.848237781935,-81.2634541193));
#1696 = CARTESIAN_POINT('',(-2.816908829596,-81.5127634382));
#1697 = CARTESIAN_POINT('',(-2.785579849557,-81.76207272563));
#1698 = CARTESIAN_POINT('',(-2.754250809114,-82.01138207343));
#1699 = CARTESIAN_POINT('',(-2.72292170696,-82.26069145517));
#1700 = CARTESIAN_POINT('',(-2.691592598704,-82.5100006));
#1701 = ( GEOMETRIC_REPRESENTATION_CONTEXT(2) 
PARAMETRIC_REPRESENTATION_CONTEXT() REPRESENTATION_CONTEXT('2D SPACE',''
  ) );
#1702 = PCURVE('',#502,#1703);
#1703 = DEFINITIONAL_REPRESENTATION('',(#1704),#1742);
#1704 = B_SPLINE_CURVE_WITH_KNOTS('',8,(#1705,#1706,#1707,#1708,#1709,
    #1710,#1711,#1712,#1713,#1714,#1715,#1716,#1717,#1718,#1719,#1720,
    #1721,#1722,#1723,#1724,#1725,#1726,#1727,#1728,#1729,#1730,#1731,
    #1732,#1733,#1734,#1735,#1736,#1737,#1738,#1739,#1740,#1741),
  .UNSPECIFIED.,.F.,.F.,(9,7,7,7,7,9),(0.,0.302040066696,0.478706056867,
    0.704950121602,0.930213332337,1.),.UNSPECIFIED.);
#1705 = CARTESIAN_POINT('',(1.200009763427,25.419014888892));
#1706 = CARTESIAN_POINT('',(1.200014431637,26.498037197542));
#1707 = CARTESIAN_POINT('',(1.200016851566,27.577373588587));
#1708 = CARTESIAN_POINT('',(1.200015069643,28.656553459298));
#1709 = CARTESIAN_POINT('',(1.200008210114,29.735558632866));
#1710 = CARTESIAN_POINT('',(1.199999273629,30.814565109514));
#1711 = CARTESIAN_POINT('',(1.199993067979,31.89374683621));
#1712 = CARTESIAN_POINT('',(1.199990447863,32.97308434225));
#1713 = CARTESIAN_POINT('',(1.199990736344,34.683236332565));
#1714 = CARTESIAN_POINT('',(1.199991792448,35.314387330947));
#1715 = CARTESIAN_POINT('',(1.199993658226,35.945528399824));
#1716 = CARTESIAN_POINT('',(1.19999589006,36.576657163797));
#1717 = CARTESIAN_POINT('',(1.199997956521,37.207785666688));
#1718 = CARTESIAN_POINT('',(1.199999419752,37.838926053337));
#1719 = CARTESIAN_POINT('',(1.200000082381,38.470076189619));
#1720 = CARTESIAN_POINT('',(1.200000122506,39.909449055424));
#1721 = CARTESIAN_POINT('',(1.199999072319,40.717766506509));
#1722 = CARTESIAN_POINT('',(1.199997243154,41.526049419326));
#1723 = CARTESIAN_POINT('',(1.199995551417,42.334292293305));
#1724 = CARTESIAN_POINT('',(1.199995807057,43.142536054071));
#1725 = CARTESIAN_POINT('',(1.19999892456,43.950821083936));
#1726 = CARTESIAN_POINT('',(1.200003563723,44.759140658671));
#1727 = CARTESIAN_POINT('',(1.200011798162,46.372127167883));
#1728 = CARTESIAN_POINT('',(1.200015427694,47.176940471792));
#1729 = CARTESIAN_POINT('',(1.200016396926,47.981719094879));
#1730 = CARTESIAN_POINT('',(1.200012514647,48.786456520744));
#1731 = CARTESIAN_POINT('',(1.200000952131,49.591193617165));
#1732 = CARTESIAN_POINT('',(1.199984970797,50.395971638192));
#1733 = CARTESIAN_POINT('',(1.199975553696,51.200784772585));
#1734 = CARTESIAN_POINT('',(1.199975469026,52.254835184528));
#1735 = CARTESIAN_POINT('',(1.199976346287,52.504144684827));
#1736 = CARTESIAN_POINT('',(1.199978193984,52.753454119304));
#1737 = CARTESIAN_POINT('',(1.199981021387,53.002763438208));
#1738 = CARTESIAN_POINT('',(1.199984706044,53.252072725633));
#1739 = CARTESIAN_POINT('',(1.199988925917,53.501382073438));
#1740 = CARTESIAN_POINT('',(1.199993091538,53.750691455174));
#1741 = CARTESIAN_POINT('',(1.199996278148,54.0000006));
#1742 = ( GEOMETRIC_REPRESENTATION_CONTEXT(2) 
PARAMETRIC_REPRESENTATION_CONTEXT() REPRESENTATION_CONTEXT('2D SPACE',''
  ) );
#1743 = ORIENTED_EDGE('',*,*,#412,.F.);
#1744 = ADVANCED_FACE('',(#1745),#502,.F.);
#1745 = FACE_BOUND('',#1746,.F.);
#1746 = EDGE_LOOP('',(#1747,#1865,#1884,#1885,#1886));
#1747 = ORIENTED_EDGE('',*,*,#1748,.F.);
#1748 = EDGE_CURVE('',#1749,#1751,#1753,.T.);
#1749 = VERTEX_POINT('',#1750);
#1750 = CARTESIAN_POINT('',(-3.794733408937,-0.199995887696,46.));
#1751 = VERTEX_POINT('',#1752);
#1752 = CARTESIAN_POINT('',(-3.421701567341,1.652870188566,100.));
#1753 = SURFACE_CURVE('',#1754,(#1767,#1774),.PCURVE_S1.);
#1754 = B_SPLINE_CURVE_WITH_KNOTS('',11,(#1755,#1756,#1757,#1758,#1759,
    #1760,#1761,#1762,#1763,#1764,#1765,#1766),.UNSPECIFIED.,.F.,.F.,(12
    ,12),(0.,54.5),.PIECEWISE_BEZIER_KNOTS.);
#1755 = CARTESIAN_POINT('',(-3.794733408937,-0.199995887696,46.));
#1756 = CARTESIAN_POINT('',(-3.919252157405,2.162629965731,
    50.954545454551));
#1757 = CARTESIAN_POINT('',(-2.426489235388,4.61055885065,
    55.909090909068));
#1758 = CARTESIAN_POINT('',(0.756248073909,5.912468540357,
    60.863636363695));
#1759 = CARTESIAN_POINT('',(4.602308839251,4.779971617997,65.81818181808
    ));
#1760 = CARTESIAN_POINT('',(7.132611287926,0.914973442731,
    70.772727272861));
#1761 = CARTESIAN_POINT('',(5.98428763515,-3.987432969437,
    75.727272727142));
#1762 = CARTESIAN_POINT('',(2.000731013305,-6.326646088838,
    80.681818181916));
#1763 = CARTESIAN_POINT('',(-1.948188520843,-5.633272306289,
    85.636363636309));
#1764 = CARTESIAN_POINT('',(-4.221651204225,-3.053320165786,
    90.590909090931));
#1765 = CARTESIAN_POINT('',(-4.471986124708,-0.19709374012,
    95.545454545449));
#1766 = CARTESIAN_POINT('',(-3.311162542514,1.864457727343,100.5));
#1767 = PCURVE('',#502,#1768);
#1768 = DEFINITIONAL_REPRESENTATION('',(#1769),#1773);
#1769 = LINE('',#1770,#1771);
#1770 = CARTESIAN_POINT('',(0.,0.));
#1771 = VECTOR('',#1772,1.);
#1772 = DIRECTION('',(0.,1.));
#1773 = ( GEOMETRIC_REPRESENTATION_CONTEXT(2) 
PARAMETRIC_REPRESENTATION_CONTEXT() REPRESENTATION_CONTEXT('2D SPACE',''
  ) );
#1774 = PCURVE('',#1775,#1860);
#1775 = ( BOUNDED_SURFACE() B_SPLINE_SURFACE(6,11,(
    (#1776,#1777,#1778,#1779,#1780,#1781,#1782,#1783,#1784,#1785,#1786
      ,#1787)
    ,(#1788,#1789,#1790,#1791,#1792,#1793,#1794,#1795,#1796,#1797,#1798
      ,#1799)
    ,(#1800,#1801,#1802,#1803,#1804,#1805,#1806,#1807,#1808,#1809,#1810
      ,#1811)
    ,(#1812,#1813,#1814,#1815,#1816,#1817,#1818,#1819,#1820,#1821,#1822
      ,#1823)
    ,(#1824,#1825,#1826,#1827,#1828,#1829,#1830,#1831,#1832,#1833,#1834
      ,#1835)
    ,(#1836,#1837,#1838,#1839,#1840,#1841,#1842,#1843,#1844,#1845,#1846
      ,#1847)
    ,(#1848,#1849,#1850,#1851,#1852,#1853,#1854,#1855,#1856,#1857,#1858
,#1859
    )),.UNSPECIFIED.,.F.,.F.,.F.) B_SPLINE_SURFACE_WITH_KNOTS((7,7),(12,
    12),(0.,0.9),(0.,54.5),.PIECEWISE_BEZIER_KNOTS.) 
GEOMETRIC_REPRESENTATION_ITEM() RATIONAL_B_SPLINE_SURFACE((
    (1.010183839451,1.010183839451,1.010183839451,1.010183839452
      ,1.010183839451,1.010183839452,1.010183839451,1.010183839452
      ,1.010183839451,1.010183839452,1.010183839451,1.010183839451)
    ,(1.003348477691,1.003348477691,1.003348477691,1.003348477692
      ,1.00334847769,1.003348477693,1.00334847769,1.003348477692
      ,1.003348477691,1.003348477691,1.003348477691,1.003348477691)
    ,(0.999321694248,0.999321694248,0.999321694248,0.999321694249
      ,0.999321694247,0.99932169425,0.999321694247,0.999321694249
      ,0.999321694248,0.999321694249,0.999321694248,0.999321694248)
    ,(0.997989988068,0.997989988068,0.997989988067,0.997989988068
      ,0.997989988066,0.997989988069,0.997989988066,0.997989988069
      ,0.997989988067,0.997989988068,0.997989988068,0.997989988068)
    ,(0.999321694248,0.999321694248,0.999321694248,0.999321694249
      ,0.999321694247,0.99932169425,0.999321694247,0.99932169425
      ,0.999321694248,0.999321694249,0.999321694248,0.999321694248)
    ,(1.003348477691,1.003348477691,1.003348477691,1.003348477692
      ,1.00334847769,1.003348477693,1.00334847769,1.003348477692
      ,1.003348477691,1.003348477691,1.003348477691,1.003348477691)
    ,(1.010183839451,1.010183839451,1.010183839451,1.010183839452
      ,1.010183839451,1.010183839452,1.010183839451,1.010183839452
      ,1.010183839451,1.010183839452,1.010183839451,1.010183839451
))) REPRESENTATION_ITEM('') SURFACE() );
#1776 = CARTESIAN_POINT('',(-2.202181953278,-3.096836231488,46.));
#1777 = CARTESIAN_POINT('',(-4.130292456933,-1.725743336132,
    50.954545454546));
#1778 = CARTESIAN_POINT('',(-5.119904712754,0.965235026862,
    55.909090909091));
#1779 = CARTESIAN_POINT('',(-4.16130436876,4.267638848417,
    60.863636363635));
#1780 = CARTESIAN_POINT('',(-0.883439344093,6.576390366005,
    65.818181818188));
#1781 = CARTESIAN_POINT('',(3.716978957084,6.155922970442,
    70.772727272713));
#1782 = CARTESIAN_POINT('',(6.843356392313,2.209025457954,
    75.727272727292));
#1783 = CARTESIAN_POINT('',(6.199506470769,-2.365479832893,
    80.681818181801));
#1784 = CARTESIAN_POINT('',(3.201680382151,-5.027766712977,
    85.636363636375));
#1785 = CARTESIAN_POINT('',(-0.232472621541,-5.204907242705,
    90.590909090904));
#1786 = CARTESIAN_POINT('',(-2.625442322732,-3.625542504507,
    95.545454545456));
#1787 = CARTESIAN_POINT('',(-3.518731552682,-1.434757212966,100.5));
#1788 = CARTESIAN_POINT('',(-2.669871914169,-2.764258621754,46.));
#1789 = CARTESIAN_POINT('',(-4.390917421591,-1.101978896149,
    50.954545454547));
#1790 = CARTESIAN_POINT('',(-4.974133125813,1.738452548192,
    55.909090909085));
#1791 = CARTESIAN_POINT('',(-3.516797621575,4.896086764937,
    60.863636363648));
#1792 = CARTESIAN_POINT('',(0.109739346406,6.709809016979,
    65.818181818169));
#1793 = CARTESIAN_POINT('',(4.646657880374,5.594577903046,
    70.772727272736));
#1794 = CARTESIAN_POINT('',(7.176967520837,1.175529062198,
    75.727272727271));
#1795 = CARTESIAN_POINT('',(5.842267311885,-3.301740817369,
    80.681818181815));
#1796 = CARTESIAN_POINT('',(2.442377712718,-5.51129043228,
    85.636363636368));
#1797 = CARTESIAN_POINT('',(-1.018527382859,-5.169798795518,
    90.590909090907));
#1798 = CARTESIAN_POINT('',(-3.17297848719,-3.229043327458,
    95.545454545455));
#1799 = CARTESIAN_POINT('',(-3.735411252435,-0.903351836883,100.5));
#1800 = CARTESIAN_POINT('',(-3.073600509006,-2.349899770264,46.));
#1801 = CARTESIAN_POINT('',(-4.536663483894,-0.436255979482,
    50.954545454546));
#1802 = CARTESIAN_POINT('',(-4.689823494733,2.478950148168,
    55.909090909089));
#1803 = CARTESIAN_POINT('',(-2.764028514346,5.402874356946,
    60.863636363638));
#1804 = CARTESIAN_POINT('',(1.118841233165,6.662635108178,
    65.818181818185));
#1805 = CARTESIAN_POINT('',(5.46722219641,4.869844734342,70.772727272715
    ));
#1806 = CARTESIAN_POINT('',(7.321049039847,9.026205428598E-02,
    75.727272727292));
#1807 = CARTESIAN_POINT('',(5.318767618885,-4.165720022538,
    80.681818181799));
#1808 = CARTESIAN_POINT('',(1.601950661759,-5.853602226148,
    85.636363636377));
#1809 = CARTESIAN_POINT('',(-1.791756004889,-4.992919853949,
    90.590909090903));
#1810 = CARTESIAN_POINT('',(-3.644342696694,-2.73685972508,
    95.545454545456));
#1811 = CARTESIAN_POINT('',(-3.854266004014,-0.337168488378,100.5));
#1812 = CARTESIAN_POINT('',(-3.397993596801,-1.868062787963,46.));
#1813 = CARTESIAN_POINT('',(-4.561061713331,0.247550262133,
    50.954545454547));
#1814 = CARTESIAN_POINT('',(-4.275964686162,3.159376237365,
    55.909090909086));
#1815 = CARTESIAN_POINT('',(-1.929385156834,5.768288800562,
    60.863636363645));
#1816 = CARTESIAN_POINT('',(2.107199112984,6.434782379582,
    65.818181818175));
#1817 = CARTESIAN_POINT('',(6.1476335672,4.006536574949,70.772727272726)
  );
#1818 = CARTESIAN_POINT('',(7.268445464822,-1.007687614639,
    75.727272727285));
#1819 = CARTESIAN_POINT('',(4.646447845284,-4.925163428302,
    80.681818181802));
#1820 = CARTESIAN_POINT('',(0.710258034523,-6.040795998387,
    85.636363636376));
#1821 = CARTESIAN_POINT('',(-2.523811547295,-4.679306303334,
    90.590909090903));
#1822 = CARTESIAN_POINT('',(-4.021570250952,-2.165995799105,
    95.545454545456));
#1823 = CARTESIAN_POINT('',(-3.86997898095,0.243478439865,100.5));
#1824 = CARTESIAN_POINT('',(-3.631003507951,-1.335987479169,46.));
#1825 = CARTESIAN_POINT('',(-4.462798055284,0.924699066443,
    50.954545454548));
#1826 = CARTESIAN_POINT('',(-3.747111182894,3.754836352212,
    55.909090909083));
#1827 = CARTESIAN_POINT('',(-1.042854313493,5.97857506651,
    60.863636363651));
#1828 = CARTESIAN_POINT('',(3.038887507331,6.033877278132,
    65.818181818166));
#1829 = CARTESIAN_POINT('',(6.66271493715,3.035479525179,70.772727272736
    ));
#1830 = CARTESIAN_POINT('',(7.020369586235,-2.07853726331,
    75.727272727275));
#1831 = CARTESIAN_POINT('',(3.849169871464,-5.552153058991,
    80.681818181809));
#1832 = CARTESIAN_POINT('',(-0.200535757441,-6.065532981913,
    85.636363636372));
#1833 = CARTESIAN_POINT('',(-3.187993531415,-4.239850880947,
    90.590909090904));
#1834 = CARTESIAN_POINT('',(-4.290644610047,-1.536881152201,
    95.545454545456));
#1835 = CARTESIAN_POINT('',(-3.781615548454,0.81757743544,100.5));
#1836 = CARTESIAN_POINT('',(-3.764529658431,-0.773083576859,46.));
#1837 = CARTESIAN_POINT('',(-4.2458565525,1.570737223847,50.954545454547
    ));
#1838 = CARTESIAN_POINT('',(-3.122784398376,4.244105938461,
    55.909090909086));
#1839 = CARTESIAN_POINT('',(-0.136663909068,6.02667852941,
    60.863636363645));
#1840 = CARTESIAN_POINT('',(3.880428645414,5.475020848942,
    65.818181818173));
#1841 = CARTESIAN_POINT('',(6.994430298783,1.992153650188,70.77272727273
    ));
#1842 = CARTESIAN_POINT('',(6.586477169941,-3.083674733345,
    75.727272727278));
#1843 = CARTESIAN_POINT('',(2.956192859097,-6.024491974302,
    80.681818181809));
#1844 = CARTESIAN_POINT('',(-1.097441271818,-5.927491355998,
    85.636363636371));
#1845 = CARTESIAN_POINT('',(-3.760533120418,-3.690881773508,
    90.590909090905));
#1846 = CARTESIAN_POINT('',(-4.442220661921,-0.872461392599,
    95.545454545456));
#1847 = CARTESIAN_POINT('',(-3.592736412233,1.364399808791,100.5));
#1848 = CARTESIAN_POINT('',(-3.794733408937,-0.199995887696,46.));
#1849 = CARTESIAN_POINT('',(-3.919252157405,2.162629965731,
    50.954545454546));
#1850 = CARTESIAN_POINT('',(-2.426489235389,4.61055885065,
    55.909090909091));
#1851 = CARTESIAN_POINT('',(0.756248073908,5.912468540355,
    60.863636363634));
#1852 = CARTESIAN_POINT('',(4.602308839254,4.779971618,65.818181818191)
  );
#1853 = CARTESIAN_POINT('',(7.132611287919,0.91497344273,70.77272727271)
  );
#1854 = CARTESIAN_POINT('',(5.984287635156,-3.987432969441,
    75.727272727295));
#1855 = CARTESIAN_POINT('',(2.000731013304,-6.326646088834,
    80.681818181799));
#1856 = CARTESIAN_POINT('',(-1.948188520843,-5.633272306291,
    85.636363636376));
#1857 = CARTESIAN_POINT('',(-4.221651204225,-3.053320165785,
    90.590909090904));
#1858 = CARTESIAN_POINT('',(-4.471986124709,-0.19709374012,
    95.545454545456));
#1859 = CARTESIAN_POINT('',(-3.311162542514,1.864457727343,100.5));
#1860 = DEFINITIONAL_REPRESENTATION('',(#1861),#1864);
#1861 = B_SPLINE_CURVE_WITH_KNOTS('',1,(#1862,#1863),.UNSPECIFIED.,.F.,
  .F.,(2,2),(0.,54.5),.PIECEWISE_BEZIER_KNOTS.);
#1862 = CARTESIAN_POINT('',(0.9,0.));
#1863 = CARTESIAN_POINT('',(0.9,54.5));
#1864 = ( GEOMETRIC_REPRESENTATION_CONTEXT(2) 
PARAMETRIC_REPRESENTATION_CONTEXT() REPRESENTATION_CONTEXT('2D SPACE',''
  ) );
#1865 = ORIENTED_EDGE('',*,*,#1866,.T.);
#1866 = EDGE_CURVE('',#1749,#441,#1867,.T.);
#1867 = SURFACE_CURVE('',#1868,(#1871,#1878),.PCURVE_S1.);
#1868 = B_SPLINE_CURVE_WITH_KNOTS('',1,(#1869,#1870),.UNSPECIFIED.,.F.,
  .F.,(2,2),(0.,1.7),.PIECEWISE_BEZIER_KNOTS.);
#1869 = CARTESIAN_POINT('',(-3.794733408937,-0.199995887696,46.));
#1870 = CARTESIAN_POINT('',(-5.492377302409,-0.289467732192,46.));
#1871 = PCURVE('',#502,#1872);
#1872 = DEFINITIONAL_REPRESENTATION('',(#1873),#1877);
#1873 = LINE('',#1874,#1875);
#1874 = CARTESIAN_POINT('',(0.,0.));
#1875 = VECTOR('',#1876,1.);
#1876 = DIRECTION('',(1.,0.));
#1877 = ( GEOMETRIC_REPRESENTATION_CONTEXT(2) 
PARAMETRIC_REPRESENTATION_CONTEXT() REPRESENTATION_CONTEXT('2D SPACE',''
  ) );
#1878 = PCURVE('',#574,#1879);
#1879 = DEFINITIONAL_REPRESENTATION('',(#1880),#1883);
#1880 = B_SPLINE_CURVE_WITH_KNOTS('',1,(#1881,#1882),.UNSPECIFIED.,.F.,
  .F.,(2,2),(0.,1.7),.PIECEWISE_BEZIER_KNOTS.);
#1881 = CARTESIAN_POINT('',(0.154182032038,1.970938747096));
#1882 = CARTESIAN_POINT('',(-1.543461861434,1.8814669026));
#1883 = ( GEOMETRIC_REPRESENTATION_CONTEXT(2) 
PARAMETRIC_REPRESENTATION_CONTEXT() REPRESENTATION_CONTEXT('2D SPACE',''
  ) );
#1884 = ORIENTED_EDGE('',*,*,#440,.T.);
#1885 = ORIENTED_EDGE('',*,*,#1621,.T.);
#1886 = ORIENTED_EDGE('',*,*,#1887,.T.);
#1887 = EDGE_CURVE('',#1598,#1751,#1888,.T.);
#1888 = SURFACE_CURVE('',#1889,(#1895,#1904),.PCURVE_S1.);
#1889 = B_SPLINE_CURVE_WITH_KNOTS('',4,(#1890,#1891,#1892,#1893,#1894),
  .UNSPECIFIED.,.F.,.F.,(5,5),(0.,1.),.PIECEWISE_BEZIER_KNOTS.);
#1890 = CARTESIAN_POINT('',(-4.952462794835,2.39231211503,100.));
#1891 = CARTESIAN_POINT('',(-4.569772487962,2.207451633414,100.));
#1892 = CARTESIAN_POINT('',(-4.187082181088,2.022591151798,100.));
#1893 = CARTESIAN_POINT('',(-3.804391874215,1.837730670182,100.));
#1894 = CARTESIAN_POINT('',(-3.421701567341,1.652870188566,100.));
#1895 = PCURVE('',#502,#1896);
#1896 = DEFINITIONAL_REPRESENTATION('',(#1897),#1903);
#1897 = B_SPLINE_CURVE_WITH_KNOTS('',4,(#1898,#1899,#1900,#1901,#1902),
  .UNSPECIFIED.,.F.,.F.,(5,5),(0.,1.),.PIECEWISE_BEZIER_KNOTS.);
#1898 = CARTESIAN_POINT('',(1.7,54.));
#1899 = CARTESIAN_POINT('',(1.275,54.));
#1900 = CARTESIAN_POINT('',(0.85,54.));
#1901 = CARTESIAN_POINT('',(0.425,54.));
#1902 = CARTESIAN_POINT('',(0.,54.));
#1903 = ( GEOMETRIC_REPRESENTATION_CONTEXT(2) 
PARAMETRIC_REPRESENTATION_CONTEXT() REPRESENTATION_CONTEXT('2D SPACE',''
  ) );
#1904 = PCURVE('',#1279,#1905);
#1905 = DEFINITIONAL_REPRESENTATION('',(#1906),#1912);
#1906 = B_SPLINE_CURVE_WITH_KNOTS('',4,(#1907,#1908,#1909,#1910,#1911),
  .UNSPECIFIED.,.F.,.F.,(5,5),(0.,1.),.PIECEWISE_BEZIER_KNOTS.);
#1907 = CARTESIAN_POINT('',(-4.952462794835,2.39231211503));
#1908 = CARTESIAN_POINT('',(-4.569772487962,2.207451633414));
#1909 = CARTESIAN_POINT('',(-4.187082181088,2.022591151798));
#1910 = CARTESIAN_POINT('',(-3.804391874215,1.837730670182));
#1911 = CARTESIAN_POINT('',(-3.421701567341,1.652870188566));
#1912 = ( GEOMETRIC_REPRESENTATION_CONTEXT(2) 
PARAMETRIC_REPRESENTATION_CONTEXT() REPRESENTATION_CONTEXT('2D SPACE',''
  ) );
#1913 = ADVANCED_FACE('',(#1914),#574,.T.);
#1914 = FACE_BOUND('',#1915,.T.);
#1915 = EDGE_LOOP('',(#1916,#1947,#1948,#1949));
#1916 = ORIENTED_EDGE('',*,*,#1917,.T.);
#1917 = EDGE_CURVE('',#1918,#1749,#1920,.T.);
#1918 = VERTEX_POINT('',#1919);
#1919 = CARTESIAN_POINT('',(-2.202181953278,-3.096836231488,46.));
#1920 = SURFACE_CURVE('',#1921,(#1929,#1940),.PCURVE_S1.);
#1921 = ( BOUNDED_CURVE() B_SPLINE_CURVE(6,(#1922,#1923,#1924,#1925,
#1926,#1927,#1928),.UNSPECIFIED.,.F.,.F.) B_SPLINE_CURVE_WITH_KNOTS((7,7
),(0.,0.9),.PIECEWISE_BEZIER_KNOTS.) CURVE() 
GEOMETRIC_REPRESENTATION_ITEM() RATIONAL_B_SPLINE_CURVE((1.010183839451,
    1.003348477691,0.999321694248,0.997989988068,0.999321694248,
1.003348477691,1.010183839451)) REPRESENTATION_ITEM('') );
#1922 = CARTESIAN_POINT('',(-2.202181953278,-3.096836231488,46.));
#1923 = CARTESIAN_POINT('',(-2.669871914169,-2.764258621754,46.));
#1924 = CARTESIAN_POINT('',(-3.073600509006,-2.349899770264,46.));
#1925 = CARTESIAN_POINT('',(-3.397993596801,-1.868062787963,46.));
#1926 = CARTESIAN_POINT('',(-3.631003507951,-1.335987479169,46.));
#1927 = CARTESIAN_POINT('',(-3.764529658431,-0.773083576859,46.));
#1928 = CARTESIAN_POINT('',(-3.794733408937,-0.199995887696,46.));
#1929 = PCURVE('',#574,#1930);
#1930 = DEFINITIONAL_REPRESENTATION('',(#1931),#1939);
#1931 = ( BOUNDED_CURVE() B_SPLINE_CURVE(6,(#1932,#1933,#1934,#1935,
#1936,#1937,#1938),.UNSPECIFIED.,.F.,.F.) B_SPLINE_CURVE_WITH_KNOTS((7,7
),(0.,0.9),.PIECEWISE_BEZIER_KNOTS.) CURVE() 
GEOMETRIC_REPRESENTATION_ITEM() RATIONAL_B_SPLINE_CURVE((1.010183839451,
    1.003348477691,0.999321694248,0.997989988068,0.999321694248,
1.003348477691,1.010183839451)) REPRESENTATION_ITEM('') );
#1932 = CARTESIAN_POINT('',(1.746733487697,-0.925901596696));
#1933 = CARTESIAN_POINT('',(1.279043526806,-0.593323986962));
#1934 = CARTESIAN_POINT('',(0.875314931969,-0.178965135472));
#1935 = CARTESIAN_POINT('',(0.550921844174,0.302871846829));
#1936 = CARTESIAN_POINT('',(0.317911933024,0.834947155623));
#1937 = CARTESIAN_POINT('',(0.184385782544,1.397851057933));
#1938 = CARTESIAN_POINT('',(0.154182032038,1.970938747096));
#1939 = ( GEOMETRIC_REPRESENTATION_CONTEXT(2) 
PARAMETRIC_REPRESENTATION_CONTEXT() REPRESENTATION_CONTEXT('2D SPACE',''
  ) );
#1940 = PCURVE('',#1775,#1941);
#1941 = DEFINITIONAL_REPRESENTATION('',(#1942),#1946);
#1942 = LINE('',#1943,#1944);
#1943 = CARTESIAN_POINT('',(0.,0.));
#1944 = VECTOR('',#1945,1.);
#1945 = DIRECTION('',(1.,0.));
#1946 = ( GEOMETRIC_REPRESENTATION_CONTEXT(2) 
PARAMETRIC_REPRESENTATION_CONTEXT() REPRESENTATION_CONTEXT('2D SPACE',''
  ) );
#1947 = ORIENTED_EDGE('',*,*,#1866,.T.);
#1948 = ORIENTED_EDGE('',*,*,#557,.F.);
#1949 = ORIENTED_EDGE('',*,*,#1950,.T.);
#1950 = EDGE_CURVE('',#558,#1918,#1951,.T.);
#1951 = SURFACE_CURVE('',#1952,(#1955,#1961),.PCURVE_S1.);
#1952 = B_SPLINE_CURVE_WITH_KNOTS('',1,(#1953,#1954),.UNSPECIFIED.,.F.,
  .F.,(2,2),(0.,1.7),.PIECEWISE_BEZIER_KNOTS.);
#1953 = CARTESIAN_POINT('',(-3.187368616586,-4.482262966627,46.));
#1954 = CARTESIAN_POINT('',(-2.202181953278,-3.096836231488,46.));
#1955 = PCURVE('',#574,#1956);
#1956 = DEFINITIONAL_REPRESENTATION('',(#1957),#1960);
#1957 = B_SPLINE_CURVE_WITH_KNOTS('',1,(#1958,#1959),.UNSPECIFIED.,.F.,
  .F.,(2,2),(0.,1.7),.PIECEWISE_BEZIER_KNOTS.);
#1958 = CARTESIAN_POINT('',(0.761546824389,-2.311328331835));
#1959 = CARTESIAN_POINT('',(1.746733487697,-0.925901596696));
#1960 = ( GEOMETRIC_REPRESENTATION_CONTEXT(2) 
PARAMETRIC_REPRESENTATION_CONTEXT() REPRESENTATION_CONTEXT('2D SPACE',''
  ) );
#1961 = PCURVE('',#676,#1962);
#1962 = DEFINITIONAL_REPRESENTATION('',(#1963),#1967);
#1963 = LINE('',#1964,#1965);
#1964 = CARTESIAN_POINT('',(0.,0.));
#1965 = VECTOR('',#1966,1.);
#1966 = DIRECTION('',(1.,0.));
#1967 = ( GEOMETRIC_REPRESENTATION_CONTEXT(2) 
PARAMETRIC_REPRESENTATION_CONTEXT() REPRESENTATION_CONTEXT('2D SPACE',''
  ) );
#1968 = ADVANCED_FACE('',(#1969),#676,.F.);
#1969 = FACE_BOUND('',#1970,.F.);
#1970 = EDGE_LOOP('',(#1971,#1972,#1973,#2004,#2033));
#1971 = ORIENTED_EDGE('',*,*,#590,.F.);
#1972 = ORIENTED_EDGE('',*,*,#1950,.T.);
#1973 = ORIENTED_EDGE('',*,*,#1974,.T.);
#1974 = EDGE_CURVE('',#1918,#1975,#1977,.T.);
#1975 = VERTEX_POINT('',#1976);
#1976 = CARTESIAN_POINT('',(-3.421701499531,-1.652870328942,100.));
#1977 = SURFACE_CURVE('',#1978,(#1991,#1998),.PCURVE_S1.);
#1978 = B_SPLINE_CURVE_WITH_KNOTS('',11,(#1979,#1980,#1981,#1982,#1983,
    #1984,#1985,#1986,#1987,#1988,#1989,#1990),.UNSPECIFIED.,.F.,.F.,(12
    ,12),(0.,54.5),.PIECEWISE_BEZIER_KNOTS.);
#1979 = CARTESIAN_POINT('',(-2.202181953278,-3.096836231488,46.));
#1980 = CARTESIAN_POINT('',(-4.130292456933,-1.725743336132,
    50.954545454551));
#1981 = CARTESIAN_POINT('',(-5.119904712753,0.965235026861,
    55.909090909065));
#1982 = CARTESIAN_POINT('',(-4.161304368762,4.267638848419,
    60.863636363701));
#1983 = CARTESIAN_POINT('',(-0.883439344092,6.576390365999,
    65.818181818068));
#1984 = CARTESIAN_POINT('',(3.716978957087,6.155922970449,
    70.772727272876));
#1985 = CARTESIAN_POINT('',(6.843356392306,2.209025457951,
    75.727272727124));
#1986 = CARTESIAN_POINT('',(6.199506470773,-2.365479832894,
    80.681818181931));
#1987 = CARTESIAN_POINT('',(3.20168038215,-5.027766712975,
    85.636363636299));
#1988 = CARTESIAN_POINT('',(-0.232472621541,-5.204907242705,
    90.590909090935));
#1989 = CARTESIAN_POINT('',(-2.625442322732,-3.625542504507,
    95.545454545448));
#1990 = CARTESIAN_POINT('',(-3.518731552682,-1.434757212966,100.5));
#1991 = PCURVE('',#676,#1992);
#1992 = DEFINITIONAL_REPRESENTATION('',(#1993),#1997);
#1993 = LINE('',#1994,#1995);
#1994 = CARTESIAN_POINT('',(1.7,0.));
#1995 = VECTOR('',#1996,1.);
#1996 = DIRECTION('',(0.,1.));
#1997 = ( GEOMETRIC_REPRESENTATION_CONTEXT(2) 
PARAMETRIC_REPRESENTATION_CONTEXT() REPRESENTATION_CONTEXT('2D SPACE',''
  ) );
#1998 = PCURVE('',#1775,#1999);
#1999 = DEFINITIONAL_REPRESENTATION('',(#2000),#2003);
#2000 = B_SPLINE_CURVE_WITH_KNOTS('',1,(#2001,#2002),.UNSPECIFIED.,.F.,
  .F.,(2,2),(0.,54.5),.PIECEWISE_BEZIER_KNOTS.);
#2001 = CARTESIAN_POINT('',(0.,0.));
#2002 = CARTESIAN_POINT('',(0.,54.5));
#2003 = ( GEOMETRIC_REPRESENTATION_CONTEXT(2) 
PARAMETRIC_REPRESENTATION_CONTEXT() REPRESENTATION_CONTEXT('2D SPACE',''
  ) );
#2004 = ORIENTED_EDGE('',*,*,#2005,.T.);
#2005 = EDGE_CURVE('',#1975,#2006,#2008,.T.);
#2006 = VERTEX_POINT('',#2007);
#2007 = CARTESIAN_POINT('',(-4.502235467152,-2.174827762909,100.));
#2008 = SURFACE_CURVE('',#2009,(#2015,#2024),.PCURVE_S1.);
#2009 = B_SPLINE_CURVE_WITH_KNOTS('',4,(#2010,#2011,#2012,#2013,#2014),
  .UNSPECIFIED.,.F.,.F.,(5,5),(0.,1.),.PIECEWISE_BEZIER_KNOTS.);
#2010 = CARTESIAN_POINT('',(-3.421701499532,-1.652870328942,100.));
#2011 = CARTESIAN_POINT('',(-3.804391798821,-1.837730826258,100.));
#2012 = CARTESIAN_POINT('',(-4.187082098111,-2.022591323574,100.));
#2013 = CARTESIAN_POINT('',(-4.569772397401,-2.20745182089,100.));
#2014 = CARTESIAN_POINT('',(-4.95246269669,-2.392312318206,100.));
#2015 = PCURVE('',#676,#2016);
#2016 = DEFINITIONAL_REPRESENTATION('',(#2017),#2023);
#2017 = B_SPLINE_CURVE_WITH_KNOTS('',4,(#2018,#2019,#2020,#2021,#2022),
  .UNSPECIFIED.,.F.,.F.,(5,5),(0.,1.),.PIECEWISE_BEZIER_KNOTS.);
#2018 = CARTESIAN_POINT('',(1.7,54.));
#2019 = CARTESIAN_POINT('',(1.275,54.));
#2020 = CARTESIAN_POINT('',(0.85,54.));
#2021 = CARTESIAN_POINT('',(0.425,54.));
#2022 = CARTESIAN_POINT('',(0.,54.));
#2023 = ( GEOMETRIC_REPRESENTATION_CONTEXT(2) 
PARAMETRIC_REPRESENTATION_CONTEXT() REPRESENTATION_CONTEXT('2D SPACE',''
  ) );
#2024 = PCURVE('',#1279,#2025);
#2025 = DEFINITIONAL_REPRESENTATION('',(#2026),#2032);
#2026 = B_SPLINE_CURVE_WITH_KNOTS('',4,(#2027,#2028,#2029,#2030,#2031),
  .UNSPECIFIED.,.F.,.F.,(5,5),(0.,1.),.PIECEWISE_BEZIER_KNOTS.);
#2027 = CARTESIAN_POINT('',(-3.421701499532,-1.652870328942));
#2028 = CARTESIAN_POINT('',(-3.804391798821,-1.837730826258));
#2029 = CARTESIAN_POINT('',(-4.187082098111,-2.022591323574));
#2030 = CARTESIAN_POINT('',(-4.569772397401,-2.20745182089));
#2031 = CARTESIAN_POINT('',(-4.95246269669,-2.392312318206));
#2032 = ( GEOMETRIC_REPRESENTATION_CONTEXT(2) 
PARAMETRIC_REPRESENTATION_CONTEXT() REPRESENTATION_CONTEXT('2D SPACE',''
  ) );
#2033 = ORIENTED_EDGE('',*,*,#2034,.F.);
#2034 = EDGE_CURVE('',#591,#2006,#2035,.T.);
#2035 = SURFACE_CURVE('',#2036,(#2074,#2115),.PCURVE_S1.);
#2036 = B_SPLINE_CURVE_WITH_KNOTS('',8,(#2037,#2038,#2039,#2040,#2041,
    #2042,#2043,#2044,#2045,#2046,#2047,#2048,#2049,#2050,#2051,#2052,
    #2053,#2054,#2055,#2056,#2057,#2058,#2059,#2060,#2061,#2062,#2063,
    #2064,#2065,#2066,#2067,#2068,#2069,#2070,#2071,#2072,#2073),
  .UNSPECIFIED.,.F.,.F.,(9,7,7,7,7,9),(0.,6.866244865791E-02,
    0.304375237648,0.453298510298,0.905755717078,1.),.UNSPECIFIED.);
#2037 = CARTESIAN_POINT('',(5.,-1.7763568394E-15,78.580998311281));
#2038 = CARTESIAN_POINT('',(5.000000000002,-0.115497413416,
    78.764819103213));
#2039 = CARTESIAN_POINT('',(4.996950937223,-0.230994874236,
    78.948639937993));
#2040 = CARTESIAN_POINT('',(4.990852805206,-0.346398441894,
    79.132460749137));
#2041 = CARTESIAN_POINT('',(4.981709076613,-0.46161421336,
    79.316281528931));
#2042 = CARTESIAN_POINT('',(4.969526690348,-0.576548463908,
    79.500102298972));
#2043 = CARTESIAN_POINT('',(4.954316038685,-0.69110778789,
    79.683923080731));
#2044 = CARTESIAN_POINT('',(4.936090954388,-0.805199239501,
    79.867743866097));
#2045 = CARTESIAN_POINT('',(4.84201435928,-1.308474275869,
    80.682606676649));
#2046 = CARTESIAN_POINT('',(4.733835883345,-1.691629624934,
    81.313669872291));
#2047 = CARTESIAN_POINT('',(4.591030819551,-2.064441379171,
    81.944723145418));
#2048 = CARTESIAN_POINT('',(4.414776262967,-2.423263553918,
    82.575764122175));
#2049 = CARTESIAN_POINT('',(4.206703216319,-2.764621896455,
    83.206804837852));
#2050 = CARTESIAN_POINT('',(3.968866475258,-3.085274283723,
    83.837857428719));
#2051 = CARTESIAN_POINT('',(3.703710036765,-3.382268942705,
    84.468919762152));
#2052 = CARTESIAN_POINT('',(3.231007022169,-3.824048609833,
    85.498652681727));
#2053 = CARTESIAN_POINT('',(3.038191227465,-3.984617943047,
    85.897346551363));
#2054 = CARTESIAN_POINT('',(2.83628200272,-4.134052415764,
    86.296039552807));
#2055 = CARTESIAN_POINT('',(2.626032435123,-4.271754207229,
    86.69473148267));
#2056 = CARTESIAN_POINT('',(2.4082415239,-4.397187298141,87.093423558931
    ));
#2057 = CARTESIAN_POINT('',(2.18374836127,-4.50988101548,87.492116984588
    ));
#2058 = CARTESIAN_POINT('',(1.953426313401,-4.609433577345,
    87.890811511305));
#2059 = CARTESIAN_POINT('',(1.003445687399,-4.957049298226,
    89.500807568777));
#2060 = CARTESIAN_POINT('',(0.242889913115,-5.094368046753,
    90.712676473133));
#2061 = CARTESIAN_POINT('',(-0.53783332229,-5.097853020308,
    91.924258800913));
#2062 = CARTESIAN_POINT('',(-1.311015192428,-4.96467365801,
    93.135529452098));
#2063 = CARTESIAN_POINT('',(-2.049180321138,-4.698761825308,
    94.346790373084));
#2064 = CARTESIAN_POINT('',(-2.726411928029,-4.31025353347,
    95.558365906931));
#2065 = CARTESIAN_POINT('',(-3.320017334994,-3.815328399132,
    96.770232061613));
#2066 = CARTESIAN_POINT('',(-3.915008063068,-3.114136050484,
    98.233844525338));
#2067 = CARTESIAN_POINT('',(-4.01319678886,-2.989542948615,
    98.486152692197));
#2068 = CARTESIAN_POINT('',(-4.106848309255,-2.861418532175,
    98.738460793116));
#2069 = CARTESIAN_POINT('',(-4.195814987632,-2.729955875556,
    98.99076877515));
#2070 = CARTESIAN_POINT('',(-4.279959116882,-2.595355319297,
    99.243076726999));
#2071 = CARTESIAN_POINT('',(-4.359153278918,-2.457823935472,
    99.49538474505));
#2072 = CARTESIAN_POINT('',(-4.433280704177,-2.317574993082,
    99.74769279942));
#2073 = CARTESIAN_POINT('',(-4.50223563113,-2.174827423448,100.0000006)
  );
#2074 = PCURVE('',#676,#2075);
#2075 = DEFINITIONAL_REPRESENTATION('',(#2076),#2114);
#2076 = B_SPLINE_CURVE_WITH_KNOTS('',8,(#2077,#2078,#2079,#2080,#2081,
    #2082,#2083,#2084,#2085,#2086,#2087,#2088,#2089,#2090,#2091,#2092,
    #2093,#2094,#2095,#2096,#2097,#2098,#2099,#2100,#2101,#2102,#2103,
    #2104,#2105,#2106,#2107,#2108,#2109,#2110,#2111,#2112,#2113),
  .UNSPECIFIED.,.F.,.F.,(9,7,7,7,7,9),(0.,6.866244865791E-02,
    0.304375237648,0.453298510298,0.905755717078,1.),.UNSPECIFIED.);
#2077 = CARTESIAN_POINT('',(0.500007232296,32.580998310992));
#2078 = CARTESIAN_POINT('',(0.500007795958,32.764819102924));
#2079 = CARTESIAN_POINT('',(0.500008280702,32.94863993807));
#2080 = CARTESIAN_POINT('',(0.50000868041,33.132460749375));
#2081 = CARTESIAN_POINT('',(0.500008992008,33.316281529047));
#2082 = CARTESIAN_POINT('',(0.500009214892,33.500102298879));
#2083 = CARTESIAN_POINT('',(0.500009350356,33.683923080582));
#2084 = CARTESIAN_POINT('',(0.50000940101,33.867743866097));
#2085 = CARTESIAN_POINT('',(0.50000926448,34.682606676649));
#2086 = CARTESIAN_POINT('',(0.500008209259,35.313669872291));
#2087 = CARTESIAN_POINT('',(0.500006344353,35.944723145418));
#2088 = CARTESIAN_POINT('',(0.500004113042,36.575764122175));
#2089 = CARTESIAN_POINT('',(0.500002046494,37.206804837852));
#2090 = CARTESIAN_POINT('',(0.500000582538,37.837857428719));
#2091 = CARTESIAN_POINT('',(0.499999918776,38.468919762152));
#2092 = CARTESIAN_POINT('',(0.499999888237,39.498652681727));
#2093 = CARTESIAN_POINT('',(0.500000134005,39.897346551363));
#2094 = CARTESIAN_POINT('',(0.500000613749,40.296039552807));
#2095 = CARTESIAN_POINT('',(0.500001244847,40.69473148267));
#2096 = CARTESIAN_POINT('',(0.500001907914,41.093423558931));
#2097 = CARTESIAN_POINT('',(0.500002469052,41.492116984588));
#2098 = CARTESIAN_POINT('',(0.500002802087,41.890811511305));
#2099 = CARTESIAN_POINT('',(0.500002837371,43.500807568777));
#2100 = CARTESIAN_POINT('',(0.499999919883,44.712676473134));
#2101 = CARTESIAN_POINT('',(0.499991222454,45.924258800912));
#2102 = CARTESIAN_POINT('',(0.499978866419,47.135529452099));
#2103 = CARTESIAN_POINT('',(0.499969532169,48.346790373083));
#2104 = CARTESIAN_POINT('',(0.500002601434,49.558365906932));
#2105 = CARTESIAN_POINT('',(0.500024042874,50.770232061613));
#2106 = CARTESIAN_POINT('',(0.500024601741,52.233844525339));
#2107 = CARTESIAN_POINT('',(0.500023785027,52.486152692198));
#2108 = CARTESIAN_POINT('',(0.500021974967,52.738460793116));
#2109 = CARTESIAN_POINT('',(0.500019155399,52.990768775151));
#2110 = CARTESIAN_POINT('',(0.500015446054,53.243076727));
#2111 = CARTESIAN_POINT('',(0.500011174315,53.495384745051));
#2112 = CARTESIAN_POINT('',(0.500006946986,53.747692799421));
#2113 = CARTESIAN_POINT('',(0.500003722047,54.0000006));
#2114 = ( GEOMETRIC_REPRESENTATION_CONTEXT(2) 
PARAMETRIC_REPRESENTATION_CONTEXT() REPRESENTATION_CONTEXT('2D SPACE',''
  ) );
#2115 = PCURVE('',#759,#2116);
#2116 = DEFINITIONAL_REPRESENTATION('',(#2117),#2155);
#2117 = B_SPLINE_CURVE_WITH_KNOTS('',8,(#2118,#2119,#2120,#2121,#2122,
    #2123,#2124,#2125,#2126,#2127,#2128,#2129,#2130,#2131,#2132,#2133,
    #2134,#2135,#2136,#2137,#2138,#2139,#2140,#2141,#2142,#2143,#2144,
    #2145,#2146,#2147,#2148,#2149,#2150,#2151,#2152,#2153,#2154),
  .UNSPECIFIED.,.F.,.F.,(9,7,7,7,7,9),(0.,6.866244865791E-02,
    0.304375237648,0.453298510298,0.905755717078,1.),.UNSPECIFIED.);
#2118 = CARTESIAN_POINT('',(-6.28318530718,-61.09099831128));
#2119 = CARTESIAN_POINT('',(-6.260085824496,-61.27481910321));
#2120 = CARTESIAN_POINT('',(-6.236986332351,-61.45863993799));
#2121 = CARTESIAN_POINT('',(-6.213886836977,-61.64246074913));
#2122 = CARTESIAN_POINT('',(-6.19078733719,-61.82628152893));
#2123 = CARTESIAN_POINT('',(-6.167687828159,-62.01010229897));
#2124 = CARTESIAN_POINT('',(-6.144588305173,-62.19392308073));
#2125 = CARTESIAN_POINT('',(-6.121488767412,-62.37774386609));
#2126 = CARTESIAN_POINT('',(-6.019090297115,-63.19260667664));
#2127 = CARTESIAN_POINT('',(-5.939788532545,-63.82366987229));
#2128 = CARTESIAN_POINT('',(-5.860487763382,-64.45472314541));
#2129 = CARTESIAN_POINT('',(-5.781188255604,-65.08576412217));
#2130 = CARTESIAN_POINT('',(-5.701888535136,-65.71680483785));
#2131 = CARTESIAN_POINT('',(-5.622587189521,-66.34785742871));
#2132 = CARTESIAN_POINT('',(-5.543284641902,-66.97891976215));
#2133 = CARTESIAN_POINT('',(-5.413883341399,-68.00865268172));
#2134 = CARTESIAN_POINT('',(-5.363781570456,-68.40734655136));
#2135 = CARTESIAN_POINT('',(-5.313680004013,-68.8060395528));
#2136 = CARTESIAN_POINT('',(-5.263578697021,-69.20473148267));
#2137 = CARTESIAN_POINT('',(-5.213477517185,-69.60342355893));
#2138 = CARTESIAN_POINT('',(-5.163376322293,-70.00211698458));
#2139 = CARTESIAN_POINT('',(-5.113275137533,-70.4008115113));
#2140 = CARTESIAN_POINT('',(-4.910958565875,-72.01080756877));
#2141 = CARTESIAN_POINT('',(-4.758672950678,-73.22267647313));
#2142 = CARTESIAN_POINT('',(-4.606423612473,-74.43425880091));
#2143 = CARTESIAN_POINT('',(-4.454213047948,-75.64552945209));
#2144 = CARTESIAN_POINT('',(-4.301997929122,-76.85679037308));
#2145 = CARTESIAN_POINT('',(-4.149743523773,-78.06836590693));
#2146 = CARTESIAN_POINT('',(-3.997455719537,-79.28023206161));
#2147 = CARTESIAN_POINT('',(-3.813533488548,-80.74384452533));
#2148 = CARTESIAN_POINT('',(-3.781827672362,-80.99615269219));
#2149 = CARTESIAN_POINT('',(-3.750121888064,-81.24846079311));
#2150 = CARTESIAN_POINT('',(-3.718416116249,-81.50076877515));
#2151 = CARTESIAN_POINT('',(-3.686710316549,-81.75307672699));
#2152 = CARTESIAN_POINT('',(-3.655004454618,-82.00538474505));
#2153 = CARTESIAN_POINT('',(-3.62329852912,-82.25769279942));
#2154 = CARTESIAN_POINT('',(-3.591592598704,-82.5100006));
#2155 = ( GEOMETRIC_REPRESENTATION_CONTEXT(2) 
PARAMETRIC_REPRESENTATION_CONTEXT() REPRESENTATION_CONTEXT('2D SPACE',''
  ) );
#2156 = ADVANCED_FACE('',(#2157),#759,.T.);
#2157 = FACE_BOUND('',#2158,.F.);
#2158 = EDGE_LOOP('',(#2159,#2160,#2161,#2162));
#2159 = ORIENTED_EDGE('',*,*,#1217,.F.);
#2160 = ORIENTED_EDGE('',*,*,#743,.F.);
#2161 = ORIENTED_EDGE('',*,*,#2034,.T.);
#2162 = ORIENTED_EDGE('',*,*,#2163,.T.);
#2163 = EDGE_CURVE('',#2006,#1218,#2164,.T.);
#2164 = SURFACE_CURVE('',#2165,(#2170,#2177),.PCURVE_S1.);
#2165 = CIRCLE('',#2166,5.);
#2166 = AXIS2_PLACEMENT_3D('',#2167,#2168,#2169);
#2167 = CARTESIAN_POINT('',(0.,0.,100.));
#2168 = DIRECTION('',(0.,0.,1.));
#2169 = DIRECTION('',(1.,0.,0.));
#2170 = PCURVE('',#759,#2171);
#2171 = DEFINITIONAL_REPRESENTATION('',(#2172),#2176);
#2172 = LINE('',#2173,#2174);
#2173 = CARTESIAN_POINT('',(-0.,-82.51));
#2174 = VECTOR('',#2175,1.);
#2175 = DIRECTION('',(-1.,0.));
#2176 = ( GEOMETRIC_REPRESENTATION_CONTEXT(2) 
PARAMETRIC_REPRESENTATION_CONTEXT() REPRESENTATION_CONTEXT('2D SPACE',''
  ) );
#2177 = PCURVE('',#1279,#2178);
#2178 = DEFINITIONAL_REPRESENTATION('',(#2179),#2183);
#2179 = CIRCLE('',#2180,5.);
#2180 = AXIS2_PLACEMENT_2D('',#2181,#2182);
#2181 = CARTESIAN_POINT('',(2.734880265079E-16,-3.428682531579E-16));
#2182 = DIRECTION('',(1.,0.));
#2183 = ( GEOMETRIC_REPRESENTATION_CONTEXT(2) 
PARAMETRIC_REPRESENTATION_CONTEXT() REPRESENTATION_CONTEXT('2D SPACE',''
  ) );
#2184 = ADVANCED_FACE('',(#2185),#1028,.F.);
#2185 = FACE_BOUND('',#2186,.T.);
#2186 = EDGE_LOOP('',(#2187,#2188,#2211,#2237));
#2187 = ORIENTED_EDGE('',*,*,#1007,.T.);
#2188 = ORIENTED_EDGE('',*,*,#2189,.T.);
#2189 = EDGE_CURVE('',#1008,#2190,#2192,.T.);
#2190 = VERTEX_POINT('',#2191);
#2191 = CARTESIAN_POINT('',(2.1,0.,100.));
#2192 = SEAM_CURVE('',#2193,(#2197,#2204),.PCURVE_S1.);
#2193 = LINE('',#2194,#2195);
#2194 = CARTESIAN_POINT('',(2.1,0.,5.2));
#2195 = VECTOR('',#2196,1.);
#2196 = DIRECTION('',(0.,0.,1.));
#2197 = PCURVE('',#1028,#2198);
#2198 = DEFINITIONAL_REPRESENTATION('',(#2199),#2203);
#2199 = LINE('',#2200,#2201);
#2200 = CARTESIAN_POINT('',(-6.28318530718,0.));
#2201 = VECTOR('',#2202,1.);
#2202 = DIRECTION('',(-0.,-1.));
#2203 = ( GEOMETRIC_REPRESENTATION_CONTEXT(2) 
PARAMETRIC_REPRESENTATION_CONTEXT() REPRESENTATION_CONTEXT('2D SPACE',''
  ) );
#2204 = PCURVE('',#1028,#2205);
#2205 = DEFINITIONAL_REPRESENTATION('',(#2206),#2210);
#2206 = LINE('',#2207,#2208);
#2207 = CARTESIAN_POINT('',(-0.,0.));
#2208 = VECTOR('',#2209,1.);
#2209 = DIRECTION('',(-0.,-1.));
#2210 = ( GEOMETRIC_REPRESENTATION_CONTEXT(2) 
PARAMETRIC_REPRESENTATION_CONTEXT() REPRESENTATION_CONTEXT('2D SPACE',''
  ) );
#2211 = ORIENTED_EDGE('',*,*,#2212,.F.);
#2212 = EDGE_CURVE('',#2190,#2190,#2213,.T.);
#2213 = SURFACE_CURVE('',#2214,(#2219,#2226),.PCURVE_S1.);
#2214 = CIRCLE('',#2215,2.1);
#2215 = AXIS2_PLACEMENT_3D('',#2216,#2217,#2218);
#2216 = CARTESIAN_POINT('',(0.,0.,100.));
#2217 = DIRECTION('',(0.,0.,-1.));
#2218 = DIRECTION('',(1.,0.,0.));
#2219 = PCURVE('',#1028,#2220);
#2220 = DEFINITIONAL_REPRESENTATION('',(#2221),#2225);
#2221 = LINE('',#2222,#2223);
#2222 = CARTESIAN_POINT('',(-6.28318530718,-94.8));
#2223 = VECTOR('',#2224,1.);
#2224 = DIRECTION('',(1.,-0.));
#2225 = ( GEOMETRIC_REPRESENTATION_CONTEXT(2) 
PARAMETRIC_REPRESENTATION_CONTEXT() REPRESENTATION_CONTEXT('2D SPACE',''
  ) );
#2226 = PCURVE('',#1279,#2227);
#2227 = DEFINITIONAL_REPRESENTATION('',(#2228),#2236);
#2228 = ( BOUNDED_CURVE() B_SPLINE_CURVE(2,(#2229,#2230,#2231,#2232,
#2233,#2234,#2235),.UNSPECIFIED.,.T.,.F.) B_SPLINE_CURVE_WITH_KNOTS((1,2
    ,2,2,2,1),(-2.094395102393,0.,2.094395102393,4.188790204786,
6.28318530718,8.377580409573),.UNSPECIFIED.) CURVE() 
GEOMETRIC_REPRESENTATION_ITEM() RATIONAL_B_SPLINE_CURVE((1.,0.5,1.,0.5,
1.,0.5,1.)) REPRESENTATION_ITEM('') );
#2229 = CARTESIAN_POINT('',(2.1,-3.428682531579E-16));
#2230 = CARTESIAN_POINT('',(2.1,-3.637306695895));
#2231 = CARTESIAN_POINT('',(-1.05,-1.818653347947));
#2232 = CARTESIAN_POINT('',(-4.2,-8.572199087998E-16));
#2233 = CARTESIAN_POINT('',(-1.05,1.818653347947));
#2234 = CARTESIAN_POINT('',(2.1,3.637306695895));
#2235 = CARTESIAN_POINT('',(2.1,-3.428682531579E-16));
#2236 = ( GEOMETRIC_REPRESENTATION_CONTEXT(2) 
PARAMETRIC_REPRESENTATION_CONTEXT() REPRESENTATION_CONTEXT('2D SPACE',''
  ) );
#2237 = ORIENTED_EDGE('',*,*,#2189,.F.);
#2238 = ADVANCED_FACE('',(#2239),#1063,.T.);
#2239 = FACE_BOUND('',#2240,.F.);
#2240 = EDGE_LOOP('',(#2241,#2270,#2291,#2292));
#2241 = ORIENTED_EDGE('',*,*,#2242,.F.);
#2242 = EDGE_CURVE('',#2243,#2243,#2245,.T.);
#2243 = VERTEX_POINT('',#2244);
#2244 = CARTESIAN_POINT('',(13.7,0.,6.4));
#2245 = SURFACE_CURVE('',#2246,(#2251,#2258),.PCURVE_S1.);
#2246 = CIRCLE('',#2247,1.5);
#2247 = AXIS2_PLACEMENT_3D('',#2248,#2249,#2250);
#2248 = CARTESIAN_POINT('',(12.2,0.,6.4));
#2249 = DIRECTION('',(0.,0.,1.));
#2250 = DIRECTION('',(1.,0.,0.));
#2251 = PCURVE('',#1063,#2252);
#2252 = DEFINITIONAL_REPRESENTATION('',(#2253),#2257);
#2253 = LINE('',#2254,#2255);
#2254 = CARTESIAN_POINT('',(-0.,0.));
#2255 = VECTOR('',#2256,1.);
#2256 = DIRECTION('',(-1.,0.));
#2257 = ( GEOMETRIC_REPRESENTATION_CONTEXT(2) 
PARAMETRIC_REPRESENTATION_CONTEXT() REPRESENTATION_CONTEXT('2D SPACE',''
  ) );
#2258 = PCURVE('',#2259,#2264);
#2259 = PLANE('',#2260);
#2260 = AXIS2_PLACEMENT_3D('',#2261,#2262,#2263);
#2261 = CARTESIAN_POINT('',(12.2,1.096976766101E-16,6.4));
#2262 = DIRECTION('',(0.,0.,1.));
#2263 = DIRECTION('',(1.,0.,-0.));
#2264 = DEFINITIONAL_REPRESENTATION('',(#2265),#2269);
#2265 = CIRCLE('',#2266,1.5);
#2266 = AXIS2_PLACEMENT_2D('',#2267,#2268);
#2267 = CARTESIAN_POINT('',(1.7763568394E-15,-1.096976766101E-16));
#2268 = DIRECTION('',(1.,0.));
#2269 = ( GEOMETRIC_REPRESENTATION_CONTEXT(2) 
PARAMETRIC_REPRESENTATION_CONTEXT() REPRESENTATION_CONTEXT('2D SPACE',''
  ) );
#2270 = ORIENTED_EDGE('',*,*,#2271,.T.);
#2271 = EDGE_CURVE('',#2243,#1043,#2272,.T.);
#2272 = SEAM_CURVE('',#2273,(#2277,#2284),.PCURVE_S1.);
#2273 = LINE('',#2274,#2275);
#2274 = CARTESIAN_POINT('',(13.7,0.,6.4));
#2275 = VECTOR('',#2276,1.);
#2276 = DIRECTION('',(0.,0.,1.));
#2277 = PCURVE('',#1063,#2278);
#2278 = DEFINITIONAL_REPRESENTATION('',(#2279),#2283);
#2279 = LINE('',#2280,#2281);
#2280 = CARTESIAN_POINT('',(-6.28318530718,0.));
#2281 = VECTOR('',#2282,1.);
#2282 = DIRECTION('',(-0.,-1.));
#2283 = ( GEOMETRIC_REPRESENTATION_CONTEXT(2) 
PARAMETRIC_REPRESENTATION_CONTEXT() REPRESENTATION_CONTEXT('2D SPACE',''
  ) );
#2284 = PCURVE('',#1063,#2285);
#2285 = DEFINITIONAL_REPRESENTATION('',(#2286),#2290);
#2286 = LINE('',#2287,#2288);
#2287 = CARTESIAN_POINT('',(-0.,0.));
#2288 = VECTOR('',#2289,1.);
#2289 = DIRECTION('',(-0.,-1.));
#2290 = ( GEOMETRIC_REPRESENTATION_CONTEXT(2) 
PARAMETRIC_REPRESENTATION_CONTEXT() REPRESENTATION_CONTEXT('2D SPACE',''
  ) );
#2291 = ORIENTED_EDGE('',*,*,#1042,.F.);
#2292 = ORIENTED_EDGE('',*,*,#2271,.F.);
#2293 = ADVANCED_FACE('',(#2294),#1105,.F.);
#2294 = FACE_BOUND('',#2295,.F.);
#2295 = EDGE_LOOP('',(#2296,#2297,#2298,#2299));
#2296 = ORIENTED_EDGE('',*,*,#1353,.F.);
#2297 = ORIENTED_EDGE('',*,*,#1296,.T.);
#2298 = ORIENTED_EDGE('',*,*,#1078,.T.);
#2299 = ORIENTED_EDGE('',*,*,#2300,.T.);
#2300 = EDGE_CURVE('',#1081,#1354,#2301,.T.);
#2301 = SURFACE_CURVE('',#2302,(#2321,#2343),.PCURVE_S1.);
#2302 = B_SPLINE_CURVE_WITH_KNOTS('',5,(#2303,#2304,#2305,#2306,#2307,
    #2308,#2309,#2310,#2311,#2312,#2313,#2314,#2315,#2316,#2317,#2318,
    #2319,#2320),.UNSPECIFIED.,.F.,.F.,(6,4,4,4,6),(0.,0.311999916975,
    0.62299984975,0.688000083027,1.),.UNSPECIFIED.);
#2303 = CARTESIAN_POINT('',(3.421701567341,-1.652870188566,100.));
#2304 = CARTESIAN_POINT('',(3.514526397929,-1.460708172149,100.));
#2305 = CARTESIAN_POINT('',(3.593862885882,-1.262026435487,100.));
#2306 = CARTESIAN_POINT('',(3.65909700314,-1.058097484387,100.));
#2307 = CARTESIAN_POINT('',(3.709801554844,-0.850256779206,100.));
#2308 = CARTESIAN_POINT('',(3.78155932295,-0.430211327101,100.));
#2309 = CARTESIAN_POINT('',(3.802708287436,-0.218015497389,100.));
#2310 = CARTESIAN_POINT('',(3.808949867224,-4.688864276658E-03,100.));
#2311 = CARTESIAN_POINT('',(3.800243449156,0.208380483918,100.));
#2312 = CARTESIAN_POINT('',(3.771831356,0.463989647093,100.));
#2313 = CARTESIAN_POINT('',(3.766273427365,0.50810570869,100.));
#2314 = CARTESIAN_POINT('',(3.760070651918,0.552137332065,100.));
#2315 = CARTESIAN_POINT('',(3.753224798258,0.596071962482,100.));
#2316 = CARTESIAN_POINT('',(3.709801519962,0.850256931402,100.));
#2317 = CARTESIAN_POINT('',(3.659096959731,1.058097634503,100.));
#2318 = CARTESIAN_POINT('',(3.593862834107,1.262026582927,100.));
#2319 = CARTESIAN_POINT('',(3.514526338002,1.460708316335,100.));
#2320 = CARTESIAN_POINT('',(3.421701499531,1.652870328943,100.));
#2321 = PCURVE('',#1105,#2322);
#2322 = DEFINITIONAL_REPRESENTATION('',(#2323),#2342);
#2323 = B_SPLINE_CURVE_WITH_KNOTS('',5,(#2324,#2325,#2326,#2327,#2328,
    #2329,#2330,#2331,#2332,#2333,#2334,#2335,#2336,#2337,#2338,#2339,
    #2340,#2341),.UNSPECIFIED.,.F.,.F.,(6,4,4,4,6),(0.,0.311999916975,
    0.62299984975,0.688000083027,1.),.UNSPECIFIED.);
#2324 = CARTESIAN_POINT('',(0.9,54.));
#2325 = CARTESIAN_POINT('',(0.84384020812,54.));
#2326 = CARTESIAN_POINT('',(0.787679453437,54.));
#2327 = CARTESIAN_POINT('',(0.731520542456,54.));
#2328 = CARTESIAN_POINT('',(0.675359782918,54.));
#2329 = CARTESIAN_POINT('',(0.56322021359,54.));
#2330 = CARTESIAN_POINT('',(0.507239464635,54.));
#2331 = CARTESIAN_POINT('',(0.451260535543,54.));
#2332 = CARTESIAN_POINT('',(0.395279786683,54.));
#2333 = CARTESIAN_POINT('',(0.327600000065,54.));
#2334 = CARTESIAN_POINT('',(0.315900000004,54.));
#2335 = CARTESIAN_POINT('',(0.304199999911,54.));
#2336 = CARTESIAN_POINT('',(0.292499999878,54.));
#2337 = CARTESIAN_POINT('',(0.224640217082,54.));
#2338 = CARTESIAN_POINT('',(0.168479457544,54.));
#2339 = CARTESIAN_POINT('',(0.112320546563,54.));
#2340 = CARTESIAN_POINT('',(5.615979188045E-02,54.));
#2341 = CARTESIAN_POINT('',(0.,54.));
#2342 = ( GEOMETRIC_REPRESENTATION_CONTEXT(2) 
PARAMETRIC_REPRESENTATION_CONTEXT() REPRESENTATION_CONTEXT('2D SPACE',''
  ) );
#2343 = PCURVE('',#1279,#2344);
#2344 = DEFINITIONAL_REPRESENTATION('',(#2345),#2364);
#2345 = B_SPLINE_CURVE_WITH_KNOTS('',5,(#2346,#2347,#2348,#2349,#2350,
    #2351,#2352,#2353,#2354,#2355,#2356,#2357,#2358,#2359,#2360,#2361,
    #2362,#2363),.UNSPECIFIED.,.F.,.F.,(6,4,4,4,6),(0.,0.311999916975,
    0.62299984975,0.688000083027,1.),.UNSPECIFIED.);
#2346 = CARTESIAN_POINT('',(3.421701567341,-1.652870188566));
#2347 = CARTESIAN_POINT('',(3.514526397929,-1.460708172149));
#2348 = CARTESIAN_POINT('',(3.593862885882,-1.262026435487));
#2349 = CARTESIAN_POINT('',(3.65909700314,-1.058097484387));
#2350 = CARTESIAN_POINT('',(3.709801554844,-0.850256779206));
#2351 = CARTESIAN_POINT('',(3.78155932295,-0.430211327101));
#2352 = CARTESIAN_POINT('',(3.802708287436,-0.218015497389));
#2353 = CARTESIAN_POINT('',(3.808949867224,-4.688864276658E-03));
#2354 = CARTESIAN_POINT('',(3.800243449156,0.208380483918));
#2355 = CARTESIAN_POINT('',(3.771831356,0.463989647093));
#2356 = CARTESIAN_POINT('',(3.766273427365,0.50810570869));
#2357 = CARTESIAN_POINT('',(3.760070651918,0.552137332065));
#2358 = CARTESIAN_POINT('',(3.753224798258,0.596071962482));
#2359 = CARTESIAN_POINT('',(3.709801519962,0.850256931402));
#2360 = CARTESIAN_POINT('',(3.659096959731,1.058097634503));
#2361 = CARTESIAN_POINT('',(3.593862834107,1.262026582927));
#2362 = CARTESIAN_POINT('',(3.514526338002,1.460708316335));
#2363 = CARTESIAN_POINT('',(3.421701499531,1.652870328943));
#2364 = ( GEOMETRIC_REPRESENTATION_CONTEXT(2) 
PARAMETRIC_REPRESENTATION_CONTEXT() REPRESENTATION_CONTEXT('2D SPACE',''
  ) );
#2365 = ADVANCED_FACE('',(#2366,#2672),#1279,.T.);
#2366 = FACE_BOUND('',#2367,.T.);
#2367 = EDGE_LOOP('',(#2368,#2369,#2370,#2371,#2372,#2669,#2670,#2671));
#2368 = ORIENTED_EDGE('',*,*,#2300,.T.);
#2369 = ORIENTED_EDGE('',*,*,#1384,.T.);
#2370 = ORIENTED_EDGE('',*,*,#1597,.T.);
#2371 = ORIENTED_EDGE('',*,*,#1887,.T.);
#2372 = ORIENTED_EDGE('',*,*,#2373,.T.);
#2373 = EDGE_CURVE('',#1751,#1975,#2374,.T.);
#2374 = SURFACE_CURVE('',#2375,(#2471,#2570),.PCURVE_S1.);
#2375 = B_SPLINE_CURVE_WITH_KNOTS('',4,(#2376,#2377,#2378,#2379,#2380,
    #2381,#2382,#2383,#2384,#2385,#2386,#2387,#2388,#2389,#2390,#2391,
    #2392,#2393,#2394,#2395,#2396,#2397,#2398,#2399,#2400,#2401,#2402,
    #2403,#2404,#2405,#2406,#2407,#2408,#2409,#2410,#2411,#2412,#2413,
    #2414,#2415,#2416,#2417,#2418,#2419,#2420,#2421,#2422,#2423,#2424,
    #2425,#2426,#2427,#2428,#2429,#2430,#2431,#2432,#2433,#2434,#2435,
    #2436,#2437,#2438,#2439,#2440,#2441,#2442,#2443,#2444,#2445,#2446,
    #2447,#2448,#2449,#2450,#2451,#2452,#2453,#2454,#2455,#2456,#2457,
    #2458,#2459,#2460,#2461,#2462,#2463,#2464,#2465,#2466,#2467,#2468,
    #2469,#2470),.UNSPECIFIED.,.F.,.F.,(5,3,3,3,3,3,3,3,3,3,3,3,3,3,3,3,
    3,3,3,3,3,3,3,3,3,3,3,3,3,3,3,5),(0.,3.099999719376E-02,
    5.899999648112E-02,8.399999675841E-02,0.112999997697,0.137999998778,
    0.167000000119,0.203000001696,0.228000002687,0.256000003657,
    0.27400000421,0.298000004865,0.318000005353,0.350000006036,
    0.374000006508,0.39000000681,0.421000007364,0.551999993249,
    0.578999993726,0.622999994467,0.648999994975,0.663999995289,
    0.70499999621,0.727999996846,0.756999997768,0.776999998498,
    0.791999999095,0.821000000346,0.849000001637,0.923000003469,
    0.970000002752,1.),.UNSPECIFIED.);
#2376 = CARTESIAN_POINT('',(-3.421701567341,1.652870188566,100.));
#2377 = CARTESIAN_POINT('',(-3.433230335535,1.629003822972,100.));
#2378 = CARTESIAN_POINT('',(-3.444537146612,1.60503023973,100.));
#2379 = CARTESIAN_POINT('',(-3.455620504754,1.580952535413,100.));
#2380 = CARTESIAN_POINT('',(-3.476286675876,1.534935030456,100.));
#2381 = CARTESIAN_POINT('',(-3.48591090462,1.513013829267,100.));
#2382 = CARTESIAN_POINT('',(-3.495350649224,1.491012555133,100.));
#2383 = CARTESIAN_POINT('',(-3.512867681268,1.449220142487,100.));
#2384 = CARTESIAN_POINT('',(-3.520982581889,1.429444769247,100.));
#2385 = CARTESIAN_POINT('',(-3.528948934797,1.40960908875,100.));
#2386 = CARTESIAN_POINT('',(-3.545833969457,1.366637380653,100.));
#2387 = CARTESIAN_POINT('',(-3.554701085177,1.343481090941,100.));
#2388 = CARTESIAN_POINT('',(-3.563366397945,1.320248530825,100.));
#2389 = CARTESIAN_POINT('',(-3.57912424779,1.276850808203,100.));
#2390 = CARTESIAN_POINT('',(-3.586268862153,1.256704555051,100.));
#2391 = CARTESIAN_POINT('',(-3.593262174409,1.236505282434,100.));
#2392 = CARTESIAN_POINT('',(-3.608039669431,1.192764022337,100.));
#2393 = CARTESIAN_POINT('',(-3.615771362706,1.169204301796,100.));
#2394 = CARTESIAN_POINT('',(-3.623297786015,1.145578204677,100.));
#2395 = CARTESIAN_POINT('',(-3.639705404646,1.0924804133,100.));
#2396 = CARTESIAN_POINT('',(-3.648475094659,1.062974262865,100.));
#2397 = CARTESIAN_POINT('',(-3.656925588131,1.033375115305,100.));
#2398 = CARTESIAN_POINT('',(-3.670701208556,0.983072227775,100.));
#2399 = CARTESIAN_POINT('',(-3.676192335089,0.962413947197,100.));
#2400 = CARTESIAN_POINT('',(-3.681528365708,0.941715063068,100.));
#2401 = CARTESIAN_POINT('',(-3.692511020537,0.897751058969,100.));
#2402 = CARTESIAN_POINT('',(-3.69811807716,0.874476054549,100.));
#2403 = CARTESIAN_POINT('',(-3.70352941901,0.851154770409,100.));
#2404 = CARTESIAN_POINT('',(-3.712097042335,0.812769264268,100.));
#2405 = CARTESIAN_POINT('',(-3.715368480341,0.797730745094,100.));
#2406 = CARTESIAN_POINT('',(-3.718558661459,0.782674779167,100.));
#2407 = CARTESIAN_POINT('',(-3.725812500688,0.747505021353,100.));
#2408 = CARTESIAN_POINT('',(-3.729812853239,0.727378172534,100.));
#2409 = CARTESIAN_POINT('',(-3.733668185026,0.707223042154,100.));
#2410 = CARTESIAN_POINT('',(-3.740469892962,0.670222997576,100.));
#2411 = CARTESIAN_POINT('',(-3.74346066917,0.653386245403,100.));
#2412 = CARTESIAN_POINT('',(-3.74635036921,0.636531851326,100.));
#2413 = CARTESIAN_POINT('',(-3.753600399746,0.592666926644,100.));
#2414 = CARTESIAN_POINT('',(-3.757802816527,0.565630295848,100.));
#2415 = CARTESIAN_POINT('',(-3.761745476022,0.538554565985,100.));
#2416 = CARTESIAN_POINT('',(-3.768189663955,0.49111017469,100.));
#2417 = CARTESIAN_POINT('',(-3.770805058947,0.470756979214,100.));
#2418 = CARTESIAN_POINT('',(-3.773273839338,0.450385479996,100.));
#2419 = CARTESIAN_POINT('',(-3.777143814707,0.416405117519,100.));
#2420 = CARTESIAN_POINT('',(-3.778626562558,0.40280554218,100.));
#2421 = CARTESIAN_POINT('',(-3.780044014613,0.38919900624,100.));
#2422 = CARTESIAN_POINT('',(-3.784015836356,0.349210742208,100.));
#2423 = CARTESIAN_POINT('',(-3.786390258861,0.32281114085,100.));
#2424 = CARTESIAN_POINT('',(-3.788519051763,0.296390598182,100.));
#2425 = CARTESIAN_POINT('',(-3.798358821009,0.158230460367,100.));
#2426 = CARTESIAN_POINT('',(-3.801924997474,4.619558392148E-02,100.));
#2427 = CARTESIAN_POINT('',(-3.801082048831,-6.589286594126E-02,100.));
#2428 = CARTESIAN_POINT('',(-3.794762137629,-0.200835039352,100.));
#2429 = CARTESIAN_POINT('',(-3.793495368788,-0.223886032399,100.));
#2430 = CARTESIAN_POINT('',(-3.792041922338,-0.246926008032,100.));
#2431 = CARTESIAN_POINT('',(-3.787729427959,-0.307477679301,100.));
#2432 = CARTESIAN_POINT('',(-3.784561566474,-0.344967381625,100.));
#2433 = CARTESIAN_POINT('',(-3.780899073857,-0.382411997722,100.));
#2434 = CARTESIAN_POINT('',(-3.774287196235,-0.441895700555,100.));
#2435 = CARTESIAN_POINT('',(-3.771659023182,-0.463970491832,100.));
#2436 = CARTESIAN_POINT('',(-3.768858741475,-0.48602411117,100.));
#2437 = CARTESIAN_POINT('',(-3.764171938259,-0.520764415346,100.));
#2438 = CARTESIAN_POINT('',(-3.76240005975,-0.533466566663,100.));
#2439 = CARTESIAN_POINT('',(-3.760571038922,-0.546160615834,100.));
#2440 = CARTESIAN_POINT('',(-3.753529577053,-0.593520046205,100.));
#2441 = CARTESIAN_POINT('',(-3.747947732411,-0.628130504269,100.));
#2442 = CARTESIAN_POINT('',(-3.741940569252,-0.662669681851,100.));
#2443 = CARTESIAN_POINT('',(-3.731901900671,-0.716461019714,100.));
#2444 = CARTESIAN_POINT('',(-3.728160868425,-0.735767389077,100.));
#2445 = CARTESIAN_POINT('',(-3.724286708118,-0.75504748509,100.));
#2446 = CARTESIAN_POINT('',(-3.715227398786,-0.798574758216,100.));
#2447 = CARTESIAN_POINT('',(-3.709963900655,-0.822805628633,100.));
#2448 = CARTESIAN_POINT('',(-3.704489785186,-0.846989787781,100.));
#2449 = CARTESIAN_POINT('',(-3.694885637461,-0.887769121297,100.));
#2450 = CARTESIAN_POINT('',(-3.690865709394,-0.904390226914,100.));
#2451 = CARTESIAN_POINT('',(-3.686746125258,-0.920986913337,100.));
#2452 = CARTESIAN_POINT('',(-3.679362853599,-0.949986814976,100.));
#2453 = CARTESIAN_POINT('',(-3.676142665927,-0.962401105109,100.));
#2454 = CARTESIAN_POINT('',(-3.672866645987,-0.974800778553,100.));
#2455 = CARTESIAN_POINT('',(-3.663093509689,-1.011129174951,100.));
#2456 = CARTESIAN_POINT('',(-3.656443814048,-1.035016850781,100.));
#2457 = CARTESIAN_POINT('',(-3.649586539438,-1.058845767956,100.));
#2458 = CARTESIAN_POINT('',(-3.635702024393,-1.105561120205,100.));
#2459 = CARTESIAN_POINT('',(-3.628688798537,-1.128451720717,100.));
#2460 = CARTESIAN_POINT('',(-3.621483532297,-1.1512826004,100.));
#2461 = CARTESIAN_POINT('',(-3.594539053432,-1.234225898478,100.));
#2462 = CARTESIAN_POINT('',(-3.573655221636,-1.2939664879,100.));
#2463 = CARTESIAN_POINT('',(-3.551449971438,-1.353228611683,100.));
#2464 = CARTESIAN_POINT('',(-3.513009120519,-1.449276796152,100.));
#2465 = CARTESIAN_POINT('',(-3.497551508126,-1.486374233039,100.));
#2466 = CARTESIAN_POINT('',(-3.481572306872,-1.523250007293,100.));
#2467 = CARTESIAN_POINT('',(-3.4545471592,-1.583282452497,100.));
#2468 = CARTESIAN_POINT('',(-3.443807378025,-1.606576952296,100.));
#2469 = CARTESIAN_POINT('',(-3.432858372911,-1.629773846595,100.));
#2470 = CARTESIAN_POINT('',(-3.421701499531,-1.652870328942,100.));
#2471 = PCURVE('',#1279,#2472);
#2472 = DEFINITIONAL_REPRESENTATION('',(#2473),#2569);
#2473 = B_SPLINE_CURVE_WITH_KNOTS('',4,(#2474,#2475,#2476,#2477,#2478,
    #2479,#2480,#2481,#2482,#2483,#2484,#2485,#2486,#2487,#2488,#2489,
    #2490,#2491,#2492,#2493,#2494,#2495,#2496,#2497,#2498,#2499,#2500,
    #2501,#2502,#2503,#2504,#2505,#2506,#2507,#2508,#2509,#2510,#2511,
    #2512,#2513,#2514,#2515,#2516,#2517,#2518,#2519,#2520,#2521,#2522,
    #2523,#2524,#2525,#2526,#2527,#2528,#2529,#2530,#2531,#2532,#2533,
    #2534,#2535,#2536,#2537,#2538,#2539,#2540,#2541,#2542,#2543,#2544,
    #2545,#2546,#2547,#2548,#2549,#2550,#2551,#2552,#2553,#2554,#2555,
    #2556,#2557,#2558,#2559,#2560,#2561,#2562,#2563,#2564,#2565,#2566,
    #2567,#2568),.UNSPECIFIED.,.F.,.F.,(5,3,3,3,3,3,3,3,3,3,3,3,3,3,3,3,
    3,3,3,3,3,3,3,3,3,3,3,3,3,3,3,5),(0.,3.099999719376E-02,
    5.899999648112E-02,8.399999675841E-02,0.112999997697,0.137999998778,
    0.167000000119,0.203000001696,0.228000002687,0.256000003657,
    0.27400000421,0.298000004865,0.318000005353,0.350000006036,
    0.374000006508,0.39000000681,0.421000007364,0.551999993249,
    0.578999993726,0.622999994467,0.648999994975,0.663999995289,
    0.70499999621,0.727999996846,0.756999997768,0.776999998498,
    0.791999999095,0.821000000346,0.849000001637,0.923000003469,
    0.970000002752,1.),.UNSPECIFIED.);
#2474 = CARTESIAN_POINT('',(-3.421701567341,1.652870188566));
#2475 = CARTESIAN_POINT('',(-3.433230335535,1.629003822972));
#2476 = CARTESIAN_POINT('',(-3.444537146612,1.60503023973));
#2477 = CARTESIAN_POINT('',(-3.455620504754,1.580952535413));
#2478 = CARTESIAN_POINT('',(-3.476286675876,1.534935030456));
#2479 = CARTESIAN_POINT('',(-3.48591090462,1.513013829267));
#2480 = CARTESIAN_POINT('',(-3.495350649224,1.491012555133));
#2481 = CARTESIAN_POINT('',(-3.512867681268,1.449220142487));
#2482 = CARTESIAN_POINT('',(-3.520982581889,1.429444769247));
#2483 = CARTESIAN_POINT('',(-3.528948934797,1.40960908875));
#2484 = CARTESIAN_POINT('',(-3.545833969457,1.366637380653));
#2485 = CARTESIAN_POINT('',(-3.554701085177,1.343481090941));
#2486 = CARTESIAN_POINT('',(-3.563366397945,1.320248530825));
#2487 = CARTESIAN_POINT('',(-3.57912424779,1.276850808203));
#2488 = CARTESIAN_POINT('',(-3.586268862153,1.256704555051));
#2489 = CARTESIAN_POINT('',(-3.593262174409,1.236505282434));
#2490 = CARTESIAN_POINT('',(-3.608039669431,1.192764022337));
#2491 = CARTESIAN_POINT('',(-3.615771362706,1.169204301796));
#2492 = CARTESIAN_POINT('',(-3.623297786015,1.145578204677));
#2493 = CARTESIAN_POINT('',(-3.639705404646,1.0924804133));
#2494 = CARTESIAN_POINT('',(-3.648475094659,1.062974262865));
#2495 = CARTESIAN_POINT('',(-3.656925588131,1.033375115305));
#2496 = CARTESIAN_POINT('',(-3.670701208556,0.983072227775));
#2497 = CARTESIAN_POINT('',(-3.676192335089,0.962413947197));
#2498 = CARTESIAN_POINT('',(-3.681528365708,0.941715063068));
#2499 = CARTESIAN_POINT('',(-3.692511020537,0.897751058969));
#2500 = CARTESIAN_POINT('',(-3.69811807716,0.874476054549));
#2501 = CARTESIAN_POINT('',(-3.70352941901,0.851154770409));
#2502 = CARTESIAN_POINT('',(-3.712097042335,0.812769264268));
#2503 = CARTESIAN_POINT('',(-3.715368480341,0.797730745094));
#2504 = CARTESIAN_POINT('',(-3.718558661459,0.782674779167));
#2505 = CARTESIAN_POINT('',(-3.725812500688,0.747505021353));
#2506 = CARTESIAN_POINT('',(-3.729812853239,0.727378172534));
#2507 = CARTESIAN_POINT('',(-3.733668185026,0.707223042154));
#2508 = CARTESIAN_POINT('',(-3.740469892962,0.670222997576));
#2509 = CARTESIAN_POINT('',(-3.74346066917,0.653386245403));
#2510 = CARTESIAN_POINT('',(-3.74635036921,0.636531851326));
#2511 = CARTESIAN_POINT('',(-3.753600399746,0.592666926644));
#2512 = CARTESIAN_POINT('',(-3.757802816527,0.565630295848));
#2513 = CARTESIAN_POINT('',(-3.761745476022,0.538554565985));
#2514 = CARTESIAN_POINT('',(-3.768189663955,0.49111017469));
#2515 = CARTESIAN_POINT('',(-3.770805058947,0.470756979214));
#2516 = CARTESIAN_POINT('',(-3.773273839338,0.450385479996));
#2517 = CARTESIAN_POINT('',(-3.777143814707,0.416405117519));
#2518 = CARTESIAN_POINT('',(-3.778626562558,0.40280554218));
#2519 = CARTESIAN_POINT('',(-3.780044014613,0.38919900624));
#2520 = CARTESIAN_POINT('',(-3.784015836356,0.349210742208));
#2521 = CARTESIAN_POINT('',(-3.786390258861,0.32281114085));
#2522 = CARTESIAN_POINT('',(-3.788519051763,0.296390598182));
#2523 = CARTESIAN_POINT('',(-3.798358821009,0.158230460367));
#2524 = CARTESIAN_POINT('',(-3.801924997474,4.619558392148E-02));
#2525 = CARTESIAN_POINT('',(-3.801082048831,-6.589286594126E-02));
#2526 = CARTESIAN_POINT('',(-3.794762137629,-0.200835039352));
#2527 = CARTESIAN_POINT('',(-3.793495368788,-0.223886032399));
#2528 = CARTESIAN_POINT('',(-3.792041922338,-0.246926008032));
#2529 = CARTESIAN_POINT('',(-3.787729427959,-0.307477679301));
#2530 = CARTESIAN_POINT('',(-3.784561566474,-0.344967381625));
#2531 = CARTESIAN_POINT('',(-3.780899073857,-0.382411997722));
#2532 = CARTESIAN_POINT('',(-3.774287196235,-0.441895700555));
#2533 = CARTESIAN_POINT('',(-3.771659023182,-0.463970491832));
#2534 = CARTESIAN_POINT('',(-3.768858741475,-0.48602411117));
#2535 = CARTESIAN_POINT('',(-3.764171938259,-0.520764415346));
#2536 = CARTESIAN_POINT('',(-3.76240005975,-0.533466566663));
#2537 = CARTESIAN_POINT('',(-3.760571038922,-0.546160615834));
#2538 = CARTESIAN_POINT('',(-3.753529577053,-0.593520046205));
#2539 = CARTESIAN_POINT('',(-3.747947732411,-0.628130504269));
#2540 = CARTESIAN_POINT('',(-3.741940569252,-0.662669681851));
#2541 = CARTESIAN_POINT('',(-3.731901900671,-0.716461019714));
#2542 = CARTESIAN_POINT('',(-3.728160868425,-0.735767389077));
#2543 = CARTESIAN_POINT('',(-3.724286708118,-0.75504748509));
#2544 = CARTESIAN_POINT('',(-3.715227398786,-0.798574758216));
#2545 = CARTESIAN_POINT('',(-3.709963900655,-0.822805628633));
#2546 = CARTESIAN_POINT('',(-3.704489785186,-0.846989787781));
#2547 = CARTESIAN_POINT('',(-3.694885637461,-0.887769121297));
#2548 = CARTESIAN_POINT('',(-3.690865709394,-0.904390226914));
#2549 = CARTESIAN_POINT('',(-3.686746125258,-0.920986913337));
#2550 = CARTESIAN_POINT('',(-3.679362853599,-0.949986814976));
#2551 = CARTESIAN_POINT('',(-3.676142665927,-0.962401105109));
#2552 = CARTESIAN_POINT('',(-3.672866645987,-0.974800778553));
#2553 = CARTESIAN_POINT('',(-3.663093509689,-1.011129174951));
#2554 = CARTESIAN_POINT('',(-3.656443814048,-1.035016850781));
#2555 = CARTESIAN_POINT('',(-3.649586539438,-1.058845767956));
#2556 = CARTESIAN_POINT('',(-3.635702024393,-1.105561120205));
#2557 = CARTESIAN_POINT('',(-3.628688798537,-1.128451720717));
#2558 = CARTESIAN_POINT('',(-3.621483532297,-1.1512826004));
#2559 = CARTESIAN_POINT('',(-3.594539053432,-1.234225898478));
#2560 = CARTESIAN_POINT('',(-3.573655221636,-1.2939664879));
#2561 = CARTESIAN_POINT('',(-3.551449971438,-1.353228611683));
#2562 = CARTESIAN_POINT('',(-3.513009120519,-1.449276796152));
#2563 = CARTESIAN_POINT('',(-3.497551508126,-1.486374233039));
#2564 = CARTESIAN_POINT('',(-3.481572306872,-1.523250007293));
#2565 = CARTESIAN_POINT('',(-3.4545471592,-1.583282452497));
#2566 = CARTESIAN_POINT('',(-3.443807378025,-1.606576952296));
#2567 = CARTESIAN_POINT('',(-3.432858372911,-1.629773846595));
#2568 = CARTESIAN_POINT('',(-3.421701499531,-1.652870328942));
#2569 = ( GEOMETRIC_REPRESENTATION_CONTEXT(2) 
PARAMETRIC_REPRESENTATION_CONTEXT() REPRESENTATION_CONTEXT('2D SPACE',''
  ) );
#2570 = PCURVE('',#1775,#2571);
#2571 = DEFINITIONAL_REPRESENTATION('',(#2572),#2668);
#2572 = B_SPLINE_CURVE_WITH_KNOTS('',4,(#2573,#2574,#2575,#2576,#2577,
    #2578,#2579,#2580,#2581,#2582,#2583,#2584,#2585,#2586,#2587,#2588,
    #2589,#2590,#2591,#2592,#2593,#2594,#2595,#2596,#2597,#2598,#2599,
    #2600,#2601,#2602,#2603,#2604,#2605,#2606,#2607,#2608,#2609,#2610,
    #2611,#2612,#2613,#2614,#2615,#2616,#2617,#2618,#2619,#2620,#2621,
    #2622,#2623,#2624,#2625,#2626,#2627,#2628,#2629,#2630,#2631,#2632,
    #2633,#2634,#2635,#2636,#2637,#2638,#2639,#2640,#2641,#2642,#2643,
    #2644,#2645,#2646,#2647,#2648,#2649,#2650,#2651,#2652,#2653,#2654,
    #2655,#2656,#2657,#2658,#2659,#2660,#2661,#2662,#2663,#2664,#2665,
    #2666,#2667),.UNSPECIFIED.,.F.,.F.,(5,3,3,3,3,3,3,3,3,3,3,3,3,3,3,3,
    3,3,3,3,3,3,3,3,3,3,3,3,3,3,3,5),(0.,3.099999719376E-02,
    5.899999648112E-02,8.399999675841E-02,0.112999997697,0.137999998778,
    0.167000000119,0.203000001696,0.228000002687,0.256000003657,
    0.27400000421,0.298000004865,0.318000005353,0.350000006036,
    0.374000006508,0.39000000681,0.421000007364,0.551999993249,
    0.578999993726,0.622999994467,0.648999994975,0.663999995289,
    0.70499999621,0.727999996846,0.756999997768,0.776999998498,
    0.791999999095,0.821000000346,0.849000001637,0.923000003469,
    0.970000002752,1.),.UNSPECIFIED.);
#2573 = CARTESIAN_POINT('',(0.9,54.));
#2574 = CARTESIAN_POINT('',(0.893024999687,54.));
#2575 = CARTESIAN_POINT('',(0.88604999961,54.));
#2576 = CARTESIAN_POINT('',(0.879074999725,54.));
#2577 = CARTESIAN_POINT('',(0.865799999838,54.));
#2578 = CARTESIAN_POINT('',(0.859499999799,54.));
#2579 = CARTESIAN_POINT('',(0.853199999859,54.));
#2580 = CARTESIAN_POINT('',(0.841274999921,54.));
#2581 = CARTESIAN_POINT('',(0.835649999902,54.));
#2582 = CARTESIAN_POINT('',(0.830024999931,54.));
#2583 = CARTESIAN_POINT('',(0.817874999941,54.));
#2584 = CARTESIAN_POINT('',(0.811349999929,54.));
#2585 = CARTESIAN_POINT('',(0.804824999951,54.));
#2586 = CARTESIAN_POINT('',(0.792674999981,54.));
#2587 = CARTESIAN_POINT('',(0.787049999978,54.));
#2588 = CARTESIAN_POINT('',(0.781424999985,54.));
#2589 = CARTESIAN_POINT('',(0.769274999997,54.));
#2590 = CARTESIAN_POINT('',(0.762749999998,54.));
#2591 = CARTESIAN_POINT('',(0.756224999999,54.));
#2592 = CARTESIAN_POINT('',(0.741600000021,54.));
#2593 = CARTESIAN_POINT('',(0.733500000025,54.));
#2594 = CARTESIAN_POINT('',(0.725400000015,54.));
#2595 = CARTESIAN_POINT('',(0.711675000013,54.));
#2596 = CARTESIAN_POINT('',(0.706050000017,54.));
#2597 = CARTESIAN_POINT('',(0.700425000012,54.));
#2598 = CARTESIAN_POINT('',(0.688500000018,54.));
#2599 = CARTESIAN_POINT('',(0.682200000022,54.));
#2600 = CARTESIAN_POINT('',(0.675900000015,54.));
#2601 = CARTESIAN_POINT('',(0.665550000007,54.));
#2602 = CARTESIAN_POINT('',(0.661500000008,54.));
#2603 = CARTESIAN_POINT('',(0.657450000006,54.));
#2604 = CARTESIAN_POINT('',(0.648000000011,54.));
#2605 = CARTESIAN_POINT('',(0.642600000013,54.));
#2606 = CARTESIAN_POINT('',(0.637200000009,54.));
#2607 = CARTESIAN_POINT('',(0.627300000006,54.));
#2608 = CARTESIAN_POINT('',(0.622800000007,54.));
#2609 = CARTESIAN_POINT('',(0.618300000005,54.));
#2610 = CARTESIAN_POINT('',(0.606600000014,54.));
#2611 = CARTESIAN_POINT('',(0.599400000013,54.));
#2612 = CARTESIAN_POINT('',(0.592200000006,54.));
#2613 = CARTESIAN_POINT('',(0.579600000005,54.));
#2614 = CARTESIAN_POINT('',(0.574200000005,54.));
#2615 = CARTESIAN_POINT('',(0.568800000003,54.));
#2616 = CARTESIAN_POINT('',(0.559800000001,54.));
#2617 = CARTESIAN_POINT('',(0.556200000001,54.));
#2618 = CARTESIAN_POINT('',(0.552600000001,54.));
#2619 = CARTESIAN_POINT('',(0.542025000005,54.));
#2620 = CARTESIAN_POINT('',(0.535050000003,54.));
#2621 = CARTESIAN_POINT('',(0.528074999999,54.));
#2622 = CARTESIAN_POINT('',(0.491625003707,54.));
#2623 = CARTESIAN_POINT('',(0.46215,54.));
#2624 = CARTESIAN_POINT('',(0.432674996299,54.));
#2625 = CARTESIAN_POINT('',(0.397125000001,54.));
#2626 = CARTESIAN_POINT('',(0.391049999999,54.));
#2627 = CARTESIAN_POINT('',(0.384974999998,54.));
#2628 = CARTESIAN_POINT('',(0.369000000012,54.));
#2629 = CARTESIAN_POINT('',(0.359099999993,54.));
#2630 = CARTESIAN_POINT('',(0.349199999978,54.));
#2631 = CARTESIAN_POINT('',(0.333449999997,54.));
#2632 = CARTESIAN_POINT('',(0.327599999995,54.));
#2633 = CARTESIAN_POINT('',(0.321749999995,54.));
#2634 = CARTESIAN_POINT('',(0.312524999998,54.));
#2635 = CARTESIAN_POINT('',(0.309149999997,54.));
#2636 = CARTESIAN_POINT('',(0.305774999998,54.));
#2637 = CARTESIAN_POINT('',(0.293174999992,54.));
#2638 = CARTESIAN_POINT('',(0.283949999972,54.));
#2639 = CARTESIAN_POINT('',(0.274724999966,54.));
#2640 = CARTESIAN_POINT('',(0.260324999992,54.));
#2641 = CARTESIAN_POINT('',(0.255149999988,54.));
#2642 = CARTESIAN_POINT('',(0.24997499999,54.));
#2643 = CARTESIAN_POINT('',(0.238274999986,54.));
#2644 = CARTESIAN_POINT('',(0.231749999978,54.));
#2645 = CARTESIAN_POINT('',(0.225224999981,54.));
#2646 = CARTESIAN_POINT('',(0.214199999992,54.));
#2647 = CARTESIAN_POINT('',(0.209699999989,54.));
#2648 = CARTESIAN_POINT('',(0.205199999991,54.));
#2649 = CARTESIAN_POINT('',(0.197324999995,54.));
#2650 = CARTESIAN_POINT('',(0.193949999994,54.));
#2651 = CARTESIAN_POINT('',(0.190574999995,54.));
#2652 = CARTESIAN_POINT('',(0.180674999987,54.));
#2653 = CARTESIAN_POINT('',(0.174149999981,54.));
#2654 = CARTESIAN_POINT('',(0.167624999985,54.));
#2655 = CARTESIAN_POINT('',(0.154799999995,54.));
#2656 = CARTESIAN_POINT('',(0.148499999994,54.));
#2657 = CARTESIAN_POINT('',(0.142199999996,54.));
#2658 = CARTESIAN_POINT('',(0.119250000366,54.));
#2659 = CARTESIAN_POINT('',(0.102600000293,54.));
#2660 = CARTESIAN_POINT('',(8.595000012483E-02,54.));
#2661 = CARTESIAN_POINT('',(5.872500034374E-02,54.));
#2662 = CARTESIAN_POINT('',(4.815000048815E-02,54.));
#2663 = CARTESIAN_POINT('',(3.757500040214E-02,54.));
#2664 = CARTESIAN_POINT('',(2.025000025965E-02,54.));
#2665 = CARTESIAN_POINT('',(1.350000036776E-02,54.));
#2666 = CARTESIAN_POINT('',(6.750000294972E-03,54.));
#2667 = CARTESIAN_POINT('',(0.,54.));
#2668 = ( GEOMETRIC_REPRESENTATION_CONTEXT(2) 
PARAMETRIC_REPRESENTATION_CONTEXT() REPRESENTATION_CONTEXT('2D SPACE',''
  ) );
#2669 = ORIENTED_EDGE('',*,*,#2005,.T.);
#2670 = ORIENTED_EDGE('',*,*,#2163,.T.);
#2671 = ORIENTED_EDGE('',*,*,#1261,.T.);
#2672 = FACE_BOUND('',#2673,.T.);
#2673 = EDGE_LOOP('',(#2674));
#2674 = ORIENTED_EDGE('',*,*,#2212,.T.);
#2675 = ADVANCED_FACE('',(#2676),#1775,.F.);
#2676 = FACE_BOUND('',#2677,.F.);
#2677 = EDGE_LOOP('',(#2678,#2679,#2680,#2681));
#2678 = ORIENTED_EDGE('',*,*,#1974,.F.);
#2679 = ORIENTED_EDGE('',*,*,#1917,.T.);
#2680 = ORIENTED_EDGE('',*,*,#1748,.T.);
#2681 = ORIENTED_EDGE('',*,*,#2373,.T.);
#2682 = ADVANCED_FACE('',(#2683),#2259,.F.);
#2683 = FACE_BOUND('',#2684,.F.);
#2684 = EDGE_LOOP('',(#2685));
#2685 = ORIENTED_EDGE('',*,*,#2242,.T.);
#2686 = ( GEOMETRIC_REPRESENTATION_CONTEXT(3) 
GLOBAL_UNCERTAINTY_ASSIGNED_CONTEXT((#2690)) 
GLOBAL_UNIT_ASSIGNED_CONTEXT((#2687,#2688,#2689)) REPRESENTATION_CONTEXT
('Context #1','3D Context with UNIT and UNCERTAINTY') );
#2687 = ( LENGTH_UNIT() NAMED_UNIT(*) SI_UNIT(.MILLI.,.METRE.) );
#2688 = ( NAMED_UNIT(*) PLANE_ANGLE_UNIT() SI_UNIT($,.RADIAN.) );
#2689 = ( NAMED_UNIT(*) SI_UNIT($,.STERADIAN.) SOLID_ANGLE_UNIT() );
#2690 = UNCERTAINTY_MEASURE_WITH_UNIT(LENGTH_MEASURE(5.E-06),#2687,
  'distance_accuracy_value','confusion accuracy');
#2691 = PRODUCT_RELATED_PRODUCT_CATEGORY('part',$,(#7));
ENDSEC;
END-ISO-10303-21;
