ISO-10303-21;
HEADER;
FILE_DESCRIPTION(('Open CASCADE Model'),'2;1');
FILE_NAME('Open CASCADE Shape Model','2026-10-01T18:24:30',('Author'),(
    'Open CASCADE'),'Open CASCADE STEP processor 7.9','Open CASCADE 7.9'
  ,'Unknown');
FILE_SCHEMA(('AUTOMOTIVE_DESIGN { 1 0 10303 214 1 1 1 1 }'));
ENDSEC;
DATA;
#1 = APPLICATION_PROTOCOL_DEFINITION('international standard',
  'automotive_design',2000,#2);
#2 = APPLICATION_CONTEXT(
  'core data for automotive mechanical design processes');
#3 = SHAPE_DEFINITION_REPRESENTATION(#4,#10);
#4 = PRODUCT_DEFINITION_SHAPE('','',#5);
#5 = PRODUCT_DEFINITION('design','',#6,#9);
#6 = PRODUCT_DEFINITION_FORMATION('','',#7);
#7 = PRODUCT('Open CASCADE STEP translator 7.9 6',
  'Open CASCADE STEP translator 7.9 6','',(#8));
#8 = PRODUCT_CONTEXT('',#2,'mechanical');
#9 = PRODUCT_DEFINITION_CONTEXT('part definition',#2,'design');
#10 = ADVANCED_BREP_SHAPE_REPRESENTATION('',(#11,#15),#2173);
#11 = AXIS2_PLACEMENT_3D('',#12,#13,#14);
#12 = CARTESIAN_POINT('',(0.,0.,0.));
#13 = DIRECTION('',(0.,0.,1.));
#14 = DIRECTION('',(1.,0.,-0.));
#15 = MANIFOLD_SOLID_BREP('',#16);
#16 = CLOSED_SHELL('',(#17,#139,#700,#749,#932,#959,#986,#1011,#1036,
    #1063,#1070,#1204,#1315,#1365,#1425,#1529,#1640,#1690,#1725,#1784,
    #1830,#1865,#1924,#1979,#2018,#2057,#2116,#2166));
#17 = ADVANCED_FACE('',(#18),#33,.T.);
#18 = FACE_BOUND('',#19,.F.);
#19 = EDGE_LOOP('',(#20,#56,#82,#115));
#20 = ORIENTED_EDGE('',*,*,#21,.F.);
#21 = EDGE_CURVE('',#22,#24,#26,.T.);
#22 = VERTEX_POINT('',#23);
#23 = CARTESIAN_POINT('',(-5.0874755458,14.852864793396,80.));
#24 = VERTEX_POINT('',#25);
#25 = CARTESIAN_POINT('',(-5.0874755458,-14.85286479339,80.));
#26 = SURFACE_CURVE('',#27,(#32,#44),.PCURVE_S1.);
#27 = CIRCLE('',#28,15.7);
#28 = AXIS2_PLACEMENT_3D('',#29,#30,#31);
#29 = CARTESIAN_POINT('',(0.,0.,80.));
#30 = DIRECTION('',(0.,0.,1.));
#31 = DIRECTION('',(-0.324043028395,0.946042343528,0.));
#32 = PCURVE('',#33,#38);
#33 = CYLINDRICAL_SURFACE('',#34,15.7);
#34 = AXIS2_PLACEMENT_3D('',#35,#36,#37);
#35 = CARTESIAN_POINT('',(0.,0.,80.));
#36 = DIRECTION('',(-0.,-0.,-1.));
#37 = DIRECTION('',(1.,0.,0.));
#38 = DEFINITIONAL_REPRESENTATION('',(#39),#43);
#39 = LINE('',#40,#41);
#40 = CARTESIAN_POINT('',(-1.900796326795,0.));
#41 = VECTOR('',#42,1.);
#42 = DIRECTION('',(-1.,0.));
#43 = ( GEOMETRIC_REPRESENTATION_CONTEXT(2) 
PARAMETRIC_REPRESENTATION_CONTEXT() REPRESENTATION_CONTEXT('2D SPACE',''
  ) );
#44 = PCURVE('',#45,#50);
#45 = PLANE('',#46);
#46 = AXIS2_PLACEMENT_3D('',#47,#48,#49);
#47 = CARTESIAN_POINT('',(-3.483923904559E-16,7.526710702698E-16,80.));
#48 = DIRECTION('',(0.,0.,1.));
#49 = DIRECTION('',(1.,0.,-0.));
#50 = DEFINITIONAL_REPRESENTATION('',(#51),#55);
#51 = CIRCLE('',#52,15.7);
#52 = AXIS2_PLACEMENT_2D('',#53,#54);
#53 = CARTESIAN_POINT('',(3.483923904559E-16,-7.526710702698E-16));
#54 = DIRECTION('',(-0.324043028395,0.946042343528));
#55 = ( GEOMETRIC_REPRESENTATION_CONTEXT(2) 
PARAMETRIC_REPRESENTATION_CONTEXT() REPRESENTATION_CONTEXT('2D SPACE',''
  ) );
#56 = ORIENTED_EDGE('',*,*,#57,.F.);
#57 = EDGE_CURVE('',#58,#22,#60,.T.);
#58 = VERTEX_POINT('',#59);
#59 = CARTESIAN_POINT('',(-5.0874755458,14.852864793396,94.));
#60 = SURFACE_CURVE('',#61,(#65,#71),.PCURVE_S1.);
#61 = LINE('',#62,#63);
#62 = CARTESIAN_POINT('',(-5.087475545799,14.852864793396,80.));
#63 = VECTOR('',#64,1.);
#64 = DIRECTION('',(-0.,-0.,-1.));
#65 = PCURVE('',#33,#66);
#66 = DEFINITIONAL_REPRESENTATION('',(#67),#70);
#67 = B_SPLINE_CURVE_WITH_KNOTS('',1,(#68,#69),.UNSPECIFIED.,.F.,.F.,(2,
    2),(-14.,0.),.PIECEWISE_BEZIER_KNOTS.);
#68 = CARTESIAN_POINT('',(-1.900796326795,-14.));
#69 = CARTESIAN_POINT('',(-1.900796326795,0.));
#70 = ( GEOMETRIC_REPRESENTATION_CONTEXT(2) 
PARAMETRIC_REPRESENTATION_CONTEXT() REPRESENTATION_CONTEXT('2D SPACE',''
  ) );
#71 = PCURVE('',#72,#77);
#72 = PLANE('',#73);
#73 = AXIS2_PLACEMENT_3D('',#74,#75,#76);
#74 = CARTESIAN_POINT('',(-5.508731482713,16.082719839983,80.));
#75 = DIRECTION('',(0.946042343528,0.324043028395,-0.));
#76 = DIRECTION('',(0.324043028395,-0.946042343528,0.));
#77 = DEFINITIONAL_REPRESENTATION('',(#78),#81);
#78 = B_SPLINE_CURVE_WITH_KNOTS('',1,(#79,#80),.UNSPECIFIED.,.F.,.F.,(2,
    2),(-14.0000006,6.000000070117E-07),.PIECEWISE_BEZIER_KNOTS.);
#79 = CARTESIAN_POINT('',(1.3,-14.0000006));
#80 = CARTESIAN_POINT('',(1.3,6.000000070117E-07));
#81 = ( GEOMETRIC_REPRESENTATION_CONTEXT(2) 
PARAMETRIC_REPRESENTATION_CONTEXT() REPRESENTATION_CONTEXT('2D SPACE',''
  ) );
#82 = ORIENTED_EDGE('',*,*,#83,.F.);
#83 = EDGE_CURVE('',#84,#58,#86,.T.);
#84 = VERTEX_POINT('',#85);
#85 = CARTESIAN_POINT('',(-5.0874755458,-14.85286479339,94.));
#86 = SURFACE_CURVE('',#87,(#92,#99),.PCURVE_S1.);
#87 = CIRCLE('',#88,15.7);
#88 = AXIS2_PLACEMENT_3D('',#89,#90,#91);
#89 = CARTESIAN_POINT('',(0.,0.,94.));
#90 = DIRECTION('',(0.,0.,-1.));
#91 = DIRECTION('',(0.324043028395,0.946042343528,0.));
#92 = PCURVE('',#33,#93);
#93 = DEFINITIONAL_REPRESENTATION('',(#94),#98);
#94 = LINE('',#95,#96);
#95 = CARTESIAN_POINT('',(-7.523981633974,-14.));
#96 = VECTOR('',#97,1.);
#97 = DIRECTION('',(1.,-0.));
#98 = ( GEOMETRIC_REPRESENTATION_CONTEXT(2) 
PARAMETRIC_REPRESENTATION_CONTEXT() REPRESENTATION_CONTEXT('2D SPACE',''
  ) );
#99 = PCURVE('',#100,#105);
#100 = PLANE('',#101);
#101 = AXIS2_PLACEMENT_3D('',#102,#103,#104);
#102 = CARTESIAN_POINT('',(-3.483923904559E-16,7.526710702698E-16,94.));
#103 = DIRECTION('',(0.,0.,1.));
#104 = DIRECTION('',(1.,0.,-0.));
#105 = DEFINITIONAL_REPRESENTATION('',(#106),#114);
#106 = ( BOUNDED_CURVE() B_SPLINE_CURVE(2,(#107,#108,#109,#110,#111,#112
,#113),.UNSPECIFIED.,.T.,.F.) B_SPLINE_CURVE_WITH_KNOTS((1,2,2,2,2,1),(
    -2.094395102393,0.,2.094395102393,4.188790204786,6.28318530718,
8.377580409573),.UNSPECIFIED.) CURVE() GEOMETRIC_REPRESENTATION_ITEM() 
RATIONAL_B_SPLINE_CURVE((1.,0.5,1.,0.5,1.,0.5,1.)) REPRESENTATION_ITEM(
  '') );
#107 = CARTESIAN_POINT('',(5.0874755458,14.852864793396));
#108 = CARTESIAN_POINT('',(30.813392005912,6.041098665806));
#109 = CARTESIAN_POINT('',(10.319220457156,-11.83231546049));
#110 = CARTESIAN_POINT('',(-10.17495109159,-29.70572958679));
#111 = CARTESIAN_POINT('',(-15.40669600295,-3.020549332903));
#112 = CARTESIAN_POINT('',(-20.63844091431,23.664630920985));
#113 = CARTESIAN_POINT('',(5.0874755458,14.852864793396));
#114 = ( GEOMETRIC_REPRESENTATION_CONTEXT(2) 
PARAMETRIC_REPRESENTATION_CONTEXT() REPRESENTATION_CONTEXT('2D SPACE',''
  ) );
#115 = ORIENTED_EDGE('',*,*,#116,.T.);
#116 = EDGE_CURVE('',#84,#24,#117,.T.);
#117 = SURFACE_CURVE('',#118,(#122,#128),.PCURVE_S1.);
#118 = LINE('',#119,#120);
#119 = CARTESIAN_POINT('',(-5.087475545799,-14.85286479339,80.));
#120 = VECTOR('',#121,1.);
#121 = DIRECTION('',(-0.,-0.,-1.));
#122 = PCURVE('',#33,#123);
#123 = DEFINITIONAL_REPRESENTATION('',(#124),#127);
#124 = B_SPLINE_CURVE_WITH_KNOTS('',1,(#125,#126),.UNSPECIFIED.,.F.,.F.,
  (2,2),(-14.0000006,6.000000070117E-07),.PIECEWISE_BEZIER_KNOTS.);
#125 = CARTESIAN_POINT('',(-4.382388980385,-14.0000006));
#126 = CARTESIAN_POINT('',(-4.382388980385,6.000000070117E-07));
#127 = ( GEOMETRIC_REPRESENTATION_CONTEXT(2) 
PARAMETRIC_REPRESENTATION_CONTEXT() REPRESENTATION_CONTEXT('2D SPACE',''
  ) );
#128 = PCURVE('',#129,#134);
#129 = PLANE('',#130);
#130 = AXIS2_PLACEMENT_3D('',#131,#132,#133);
#131 = CARTESIAN_POINT('',(-4.860645425923,-14.19063515292,80.));
#132 = DIRECTION('',(0.946042343528,-0.324043028395,0.));
#133 = DIRECTION('',(-0.324043028395,-0.946042343528,0.));
#134 = DEFINITIONAL_REPRESENTATION('',(#135),#138);
#135 = B_SPLINE_CURVE_WITH_KNOTS('',1,(#136,#137),.UNSPECIFIED.,.F.,.F.,
  (2,2),(-14.0000006,6.000000070117E-07),.PIECEWISE_BEZIER_KNOTS.);
#136 = CARTESIAN_POINT('',(0.7,-14.0000006));
#137 = CARTESIAN_POINT('',(0.7,6.000000070117E-07));
#138 = ( GEOMETRIC_REPRESENTATION_CONTEXT(2) 
PARAMETRIC_REPRESENTATION_CONTEXT() REPRESENTATION_CONTEXT('2D SPACE',''
  ) );
#139 = ADVANCED_FACE('',(#140,#330),#45,.F.);
#140 = FACE_BOUND('',#141,.F.);
#141 = EDGE_LOOP('',(#142,#165,#166,#189,#218,#246,#275,#303));
#142 = ORIENTED_EDGE('',*,*,#143,.T.);
#143 = EDGE_CURVE('',#144,#22,#146,.T.);
#144 = VERTEX_POINT('',#145);
#145 = CARTESIAN_POINT('',(-5.508731482713,16.082719839983,80.));
#146 = SURFACE_CURVE('',#147,(#151,#158),.PCURVE_S1.);
#147 = LINE('',#148,#149);
#148 = CARTESIAN_POINT('',(-5.508731482713,16.082719839983,80.));
#149 = VECTOR('',#150,1.);
#150 = DIRECTION('',(0.324043028395,-0.946042343528,0.));
#151 = PCURVE('',#45,#152);
#152 = DEFINITIONAL_REPRESENTATION('',(#153),#157);
#153 = LINE('',#154,#155);
#154 = CARTESIAN_POINT('',(-5.508731482713,16.082719839983));
#155 = VECTOR('',#156,1.);
#156 = DIRECTION('',(0.324043028395,-0.946042343528));
#157 = ( GEOMETRIC_REPRESENTATION_CONTEXT(2) 
PARAMETRIC_REPRESENTATION_CONTEXT() REPRESENTATION_CONTEXT('2D SPACE',''
  ) );
#158 = PCURVE('',#72,#159);
#159 = DEFINITIONAL_REPRESENTATION('',(#160),#164);
#160 = LINE('',#161,#162);
#161 = CARTESIAN_POINT('',(0.,0.));
#162 = VECTOR('',#163,1.);
#163 = DIRECTION('',(1.,0.));
#164 = ( GEOMETRIC_REPRESENTATION_CONTEXT(2) 
PARAMETRIC_REPRESENTATION_CONTEXT() REPRESENTATION_CONTEXT('2D SPACE',''
  ) );
#165 = ORIENTED_EDGE('',*,*,#21,.T.);
#166 = ORIENTED_EDGE('',*,*,#167,.T.);
#167 = EDGE_CURVE('',#24,#168,#170,.T.);
#168 = VERTEX_POINT('',#169);
#169 = CARTESIAN_POINT('',(-5.508731482713,-16.08271983998,80.));
#170 = SURFACE_CURVE('',#171,(#175,#182),.PCURVE_S1.);
#171 = LINE('',#172,#173);
#172 = CARTESIAN_POINT('',(-4.860645425923,-14.19063515292,80.));
#173 = VECTOR('',#174,1.);
#174 = DIRECTION('',(-0.324043028395,-0.946042343528,0.));
#175 = PCURVE('',#45,#176);
#176 = DEFINITIONAL_REPRESENTATION('',(#177),#181);
#177 = LINE('',#178,#179);
#178 = CARTESIAN_POINT('',(-4.860645425923,-14.19063515292));
#179 = VECTOR('',#180,1.);
#180 = DIRECTION('',(-0.324043028395,-0.946042343528));
#181 = ( GEOMETRIC_REPRESENTATION_CONTEXT(2) 
PARAMETRIC_REPRESENTATION_CONTEXT() REPRESENTATION_CONTEXT('2D SPACE',''
  ) );
#182 = PCURVE('',#129,#183);
#183 = DEFINITIONAL_REPRESENTATION('',(#184),#188);
#184 = LINE('',#185,#186);
#185 = CARTESIAN_POINT('',(0.,0.));
#186 = VECTOR('',#187,1.);
#187 = DIRECTION('',(1.,0.));
#188 = ( GEOMETRIC_REPRESENTATION_CONTEXT(2) 
PARAMETRIC_REPRESENTATION_CONTEXT() REPRESENTATION_CONTEXT('2D SPACE',''
  ) );
#189 = ORIENTED_EDGE('',*,*,#190,.T.);
#190 = EDGE_CURVE('',#168,#191,#193,.T.);
#191 = VERTEX_POINT('',#192);
#192 = CARTESIAN_POINT('',(5.508731482713,-16.08271983998,80.));
#193 = SURFACE_CURVE('',#194,(#199,#206),.PCURVE_S1.);
#194 = CIRCLE('',#195,17.);
#195 = AXIS2_PLACEMENT_3D('',#196,#197,#198);
#196 = CARTESIAN_POINT('',(2.442490654175E-15,1.59872115546E-14,80.));
#197 = DIRECTION('',(0.,0.,1.));
#198 = DIRECTION('',(-0.324043028395,-0.946042343528,0.));
#199 = PCURVE('',#45,#200);
#200 = DEFINITIONAL_REPRESENTATION('',(#201),#205);
#201 = CIRCLE('',#202,17.);
#202 = AXIS2_PLACEMENT_2D('',#203,#204);
#203 = CARTESIAN_POINT('',(2.790883044631E-15,1.523454048433E-14));
#204 = DIRECTION('',(-0.324043028395,-0.946042343528));
#205 = ( GEOMETRIC_REPRESENTATION_CONTEXT(2) 
PARAMETRIC_REPRESENTATION_CONTEXT() REPRESENTATION_CONTEXT('2D SPACE',''
  ) );
#206 = PCURVE('',#207,#212);
#207 = CYLINDRICAL_SURFACE('',#208,17.);
#208 = AXIS2_PLACEMENT_3D('',#209,#210,#211);
#209 = CARTESIAN_POINT('',(2.442490654175E-15,1.59872115546E-14,80.));
#210 = DIRECTION('',(-0.,-0.,-1.));
#211 = DIRECTION('',(-0.324043028395,-0.946042343528,0.));
#212 = DEFINITIONAL_REPRESENTATION('',(#213),#217);
#213 = LINE('',#214,#215);
#214 = CARTESIAN_POINT('',(-0.,0.));
#215 = VECTOR('',#216,1.);
#216 = DIRECTION('',(-1.,0.));
#217 = ( GEOMETRIC_REPRESENTATION_CONTEXT(2) 
PARAMETRIC_REPRESENTATION_CONTEXT() REPRESENTATION_CONTEXT('2D SPACE',''
  ) );
#218 = ORIENTED_EDGE('',*,*,#219,.T.);
#219 = EDGE_CURVE('',#191,#220,#222,.T.);
#220 = VERTEX_POINT('',#221);
#221 = CARTESIAN_POINT('',(5.0874755458,-14.85286479339,80.));
#222 = SURFACE_CURVE('',#223,(#227,#234),.PCURVE_S1.);
#223 = LINE('',#224,#225);
#224 = CARTESIAN_POINT('',(5.508731482713,-16.08271983998,80.));
#225 = VECTOR('',#226,1.);
#226 = DIRECTION('',(-0.324043028395,0.946042343528,0.));
#227 = PCURVE('',#45,#228);
#228 = DEFINITIONAL_REPRESENTATION('',(#229),#233);
#229 = LINE('',#230,#231);
#230 = CARTESIAN_POINT('',(5.508731482713,-16.08271983998));
#231 = VECTOR('',#232,1.);
#232 = DIRECTION('',(-0.324043028395,0.946042343528));
#233 = ( GEOMETRIC_REPRESENTATION_CONTEXT(2) 
PARAMETRIC_REPRESENTATION_CONTEXT() REPRESENTATION_CONTEXT('2D SPACE',''
  ) );
#234 = PCURVE('',#235,#240);
#235 = PLANE('',#236);
#236 = AXIS2_PLACEMENT_3D('',#237,#238,#239);
#237 = CARTESIAN_POINT('',(5.508731482713,-16.08271983998,80.));
#238 = DIRECTION('',(-0.946042343528,-0.324043028395,0.));
#239 = DIRECTION('',(-0.324043028395,0.946042343528,0.));
#240 = DEFINITIONAL_REPRESENTATION('',(#241),#245);
#241 = LINE('',#242,#243);
#242 = CARTESIAN_POINT('',(0.,0.));
#243 = VECTOR('',#244,1.);
#244 = DIRECTION('',(1.,0.));
#245 = ( GEOMETRIC_REPRESENTATION_CONTEXT(2) 
PARAMETRIC_REPRESENTATION_CONTEXT() REPRESENTATION_CONTEXT('2D SPACE',''
  ) );
#246 = ORIENTED_EDGE('',*,*,#247,.T.);
#247 = EDGE_CURVE('',#220,#248,#250,.T.);
#248 = VERTEX_POINT('',#249);
#249 = CARTESIAN_POINT('',(5.0874755458,14.852864793396,80.));
#250 = SURFACE_CURVE('',#251,(#256,#263),.PCURVE_S1.);
#251 = CIRCLE('',#252,15.7);
#252 = AXIS2_PLACEMENT_3D('',#253,#254,#255);
#253 = CARTESIAN_POINT('',(0.,0.,80.));
#254 = DIRECTION('',(0.,0.,1.));
#255 = DIRECTION('',(-0.324043028395,0.946042343528,0.));
#256 = PCURVE('',#45,#257);
#257 = DEFINITIONAL_REPRESENTATION('',(#258),#262);
#258 = CIRCLE('',#259,15.7);
#259 = AXIS2_PLACEMENT_2D('',#260,#261);
#260 = CARTESIAN_POINT('',(3.483923904559E-16,-7.526710702698E-16));
#261 = DIRECTION('',(-0.324043028395,0.946042343528));
#262 = ( GEOMETRIC_REPRESENTATION_CONTEXT(2) 
PARAMETRIC_REPRESENTATION_CONTEXT() REPRESENTATION_CONTEXT('2D SPACE',''
  ) );
#263 = PCURVE('',#264,#269);
#264 = CYLINDRICAL_SURFACE('',#265,15.7);
#265 = AXIS2_PLACEMENT_3D('',#266,#267,#268);
#266 = CARTESIAN_POINT('',(0.,0.,80.));
#267 = DIRECTION('',(-0.,-0.,-1.));
#268 = DIRECTION('',(1.,0.,0.));
#269 = DEFINITIONAL_REPRESENTATION('',(#270),#274);
#270 = LINE('',#271,#272);
#271 = CARTESIAN_POINT('',(-1.900796326795,0.));
#272 = VECTOR('',#273,1.);
#273 = DIRECTION('',(-1.,0.));
#274 = ( GEOMETRIC_REPRESENTATION_CONTEXT(2) 
PARAMETRIC_REPRESENTATION_CONTEXT() REPRESENTATION_CONTEXT('2D SPACE',''
  ) );
#275 = ORIENTED_EDGE('',*,*,#276,.T.);
#276 = EDGE_CURVE('',#248,#277,#279,.T.);
#277 = VERTEX_POINT('',#278);
#278 = CARTESIAN_POINT('',(5.508731482713,16.082719839983,80.));
#279 = SURFACE_CURVE('',#280,(#284,#291),.PCURVE_S1.);
#280 = LINE('',#281,#282);
#281 = CARTESIAN_POINT('',(4.860645425923,14.190635152926,80.));
#282 = VECTOR('',#283,1.);
#283 = DIRECTION('',(0.324043028395,0.946042343528,0.));
#284 = PCURVE('',#45,#285);
#285 = DEFINITIONAL_REPRESENTATION('',(#286),#290);
#286 = LINE('',#287,#288);
#287 = CARTESIAN_POINT('',(4.860645425923,14.190635152926));
#288 = VECTOR('',#289,1.);
#289 = DIRECTION('',(0.324043028395,0.946042343528));
#290 = ( GEOMETRIC_REPRESENTATION_CONTEXT(2) 
PARAMETRIC_REPRESENTATION_CONTEXT() REPRESENTATION_CONTEXT('2D SPACE',''
  ) );
#291 = PCURVE('',#292,#297);
#292 = PLANE('',#293);
#293 = AXIS2_PLACEMENT_3D('',#294,#295,#296);
#294 = CARTESIAN_POINT('',(4.860645425923,14.190635152926,80.));
#295 = DIRECTION('',(-0.946042343528,0.324043028395,0.));
#296 = DIRECTION('',(0.324043028395,0.946042343528,0.));
#297 = DEFINITIONAL_REPRESENTATION('',(#298),#302);
#298 = LINE('',#299,#300);
#299 = CARTESIAN_POINT('',(0.,0.));
#300 = VECTOR('',#301,1.);
#301 = DIRECTION('',(1.,0.));
#302 = ( GEOMETRIC_REPRESENTATION_CONTEXT(2) 
PARAMETRIC_REPRESENTATION_CONTEXT() REPRESENTATION_CONTEXT('2D SPACE',''
  ) );
#303 = ORIENTED_EDGE('',*,*,#304,.T.);
#304 = EDGE_CURVE('',#277,#144,#305,.T.);
#305 = SURFACE_CURVE('',#306,(#311,#318),.PCURVE_S1.);
#306 = CIRCLE('',#307,17.);
#307 = AXIS2_PLACEMENT_3D('',#308,#309,#310);
#308 = CARTESIAN_POINT('',(-4.218847493576E-15,-1.59872115546E-14,80.));
#309 = DIRECTION('',(0.,0.,1.));
#310 = DIRECTION('',(0.324043028395,0.946042343528,-0.));
#311 = PCURVE('',#45,#312);
#312 = DEFINITIONAL_REPRESENTATION('',(#313),#317);
#313 = CIRCLE('',#314,17.);
#314 = AXIS2_PLACEMENT_2D('',#315,#316);
#315 = CARTESIAN_POINT('',(-3.87045510312E-15,-1.673988262487E-14));
#316 = DIRECTION('',(0.324043028395,0.946042343528));
#317 = ( GEOMETRIC_REPRESENTATION_CONTEXT(2) 
PARAMETRIC_REPRESENTATION_CONTEXT() REPRESENTATION_CONTEXT('2D SPACE',''
  ) );
#318 = PCURVE('',#319,#324);
#319 = CYLINDRICAL_SURFACE('',#320,17.);
#320 = AXIS2_PLACEMENT_3D('',#321,#322,#323);
#321 = CARTESIAN_POINT('',(-4.218847493576E-15,-1.59872115546E-14,80.));
#322 = DIRECTION('',(-0.,-0.,-1.));
#323 = DIRECTION('',(0.324043028395,0.946042343528,-0.));
#324 = DEFINITIONAL_REPRESENTATION('',(#325),#329);
#325 = LINE('',#326,#327);
#326 = CARTESIAN_POINT('',(-0.,0.));
#327 = VECTOR('',#328,1.);
#328 = DIRECTION('',(-1.,0.));
#329 = ( GEOMETRIC_REPRESENTATION_CONTEXT(2) 
PARAMETRIC_REPRESENTATION_CONTEXT() REPRESENTATION_CONTEXT('2D SPACE',''
  ) );
#330 = FACE_BOUND('',#331,.F.);
#331 = EDGE_LOOP('',(#332,#370,#399,#435,#516,#552,#585,#621));
#332 = ORIENTED_EDGE('',*,*,#333,.T.);
#333 = EDGE_CURVE('',#334,#336,#338,.T.);
#334 = VERTEX_POINT('',#335);
#335 = CARTESIAN_POINT('',(-2.460289630065,3.153882517818,80.));
#336 = VERTEX_POINT('',#337);
#337 = CARTESIAN_POINT('',(-3.22913013946,4.139470804636,80.));
#338 = SURFACE_CURVE('',#339,(#342,#348),.PCURVE_S1.);
#339 = B_SPLINE_CURVE_WITH_KNOTS('',1,(#340,#341),.UNSPECIFIED.,.F.,.F.,
  (2,2),(0.,1.4),.PIECEWISE_BEZIER_KNOTS.);
#340 = CARTESIAN_POINT('',(-2.460289630065,3.153882517818,80.));
#341 = CARTESIAN_POINT('',(-3.321391000587,4.257741399054,80.));
#342 = PCURVE('',#45,#343);
#343 = DEFINITIONAL_REPRESENTATION('',(#344),#347);
#344 = B_SPLINE_CURVE_WITH_KNOTS('',1,(#345,#346),.UNSPECIFIED.,.F.,.F.,
  (2,2),(0.,1.4),.PIECEWISE_BEZIER_KNOTS.);
#345 = CARTESIAN_POINT('',(-2.460289630065,3.153882517818));
#346 = CARTESIAN_POINT('',(-3.321391000587,4.257741399054));
#347 = ( GEOMETRIC_REPRESENTATION_CONTEXT(2) 
PARAMETRIC_REPRESENTATION_CONTEXT() REPRESENTATION_CONTEXT('2D SPACE',''
  ) );
#348 = PCURVE('',#349,#364);
#349 = B_SPLINE_SURFACE_WITH_KNOTS('',1,6,(
    (#350,#351,#352,#353,#354,#355,#356)
    ,(#357,#358,#359,#360,#361,#362,#363
    )),.UNSPECIFIED.,.F.,.F.,.F.,(2,2),(7,7),(0.,1.4),(0.,14.),
  .PIECEWISE_BEZIER_KNOTS.);
#350 = CARTESIAN_POINT('',(-2.460289630065,3.153882517818,80.));
#351 = CARTESIAN_POINT('',(-1.535522976227,3.875277115052,
    82.333333333333));
#352 = CARTESIAN_POINT('',(-0.357182926492,4.271317220093,
    84.666666666666));
#353 = CARTESIAN_POINT('',(0.93338280644,4.230192479273,87.000000000001)
  );
#354 = CARTESIAN_POINT('',(2.121424548163,3.724417850361,89.333333333333
    ));
#355 = CARTESIAN_POINT('',(3.023698168365,2.869294846404,91.666666666667
    ));
#356 = CARTESIAN_POINT('',(3.559030892692,1.825732484475,94.));
#357 = CARTESIAN_POINT('',(-3.321391000587,4.257741399054,80.));
#358 = CARTESIAN_POINT('',(-2.072956017906,5.231624105321,
    82.333333333333));
#359 = CARTESIAN_POINT('',(-0.482196950765,5.766278247125,
    84.666666666666));
#360 = CARTESIAN_POINT('',(1.260066788694,5.710759847019,87.000000000001
    ));
#361 = CARTESIAN_POINT('',(2.86392314002,5.027964097988,89.333333333333)
  );
#362 = CARTESIAN_POINT('',(4.081992527292,3.873548042645,91.666666666667
    ));
#363 = CARTESIAN_POINT('',(4.804691705134,2.464738854041,94.));
#364 = DEFINITIONAL_REPRESENTATION('',(#365),#369);
#365 = LINE('',#366,#367);
#366 = CARTESIAN_POINT('',(0.,0.));
#367 = VECTOR('',#368,1.);
#368 = DIRECTION('',(1.,0.));
#369 = ( GEOMETRIC_REPRESENTATION_CONTEXT(2) 
PARAMETRIC_REPRESENTATION_CONTEXT() REPRESENTATION_CONTEXT('2D SPACE',''
  ) );
#370 = ORIENTED_EDGE('',*,*,#371,.F.);
#371 = EDGE_CURVE('',#372,#336,#374,.T.);
#372 = VERTEX_POINT('',#373);
#373 = CARTESIAN_POINT('',(4.934726772904,-1.791918434747,80.));
#374 = SURFACE_CURVE('',#375,(#380,#387),.PCURVE_S1.);
#375 = CIRCLE('',#376,5.25);
#376 = AXIS2_PLACEMENT_3D('',#377,#378,#379);
#377 = CARTESIAN_POINT('',(0.,0.,80.));
#378 = DIRECTION('',(-0.,0.,1.));
#379 = DIRECTION('',(0.939947956744,-0.341317797095,0.));
#380 = PCURVE('',#45,#381);
#381 = DEFINITIONAL_REPRESENTATION('',(#382),#386);
#382 = CIRCLE('',#383,5.25);
#383 = AXIS2_PLACEMENT_2D('',#384,#385);
#384 = CARTESIAN_POINT('',(3.483923904559E-16,-7.526710702698E-16));
#385 = DIRECTION('',(0.939947956744,-0.341317797095));
#386 = ( GEOMETRIC_REPRESENTATION_CONTEXT(2) 
PARAMETRIC_REPRESENTATION_CONTEXT() REPRESENTATION_CONTEXT('2D SPACE',''
  ) );
#387 = PCURVE('',#388,#393);
#388 = CYLINDRICAL_SURFACE('',#389,5.25);
#389 = AXIS2_PLACEMENT_3D('',#390,#391,#392);
#390 = CARTESIAN_POINT('',(0.,0.,79.));
#391 = DIRECTION('',(-0.,-0.,-1.));
#392 = DIRECTION('',(1.,0.,0.));
#393 = DEFINITIONAL_REPRESENTATION('',(#394),#398);
#394 = LINE('',#395,#396);
#395 = CARTESIAN_POINT('',(-5.934866776462,-1.));
#396 = VECTOR('',#397,1.);
#397 = DIRECTION('',(-1.,-0.));
#398 = ( GEOMETRIC_REPRESENTATION_CONTEXT(2) 
PARAMETRIC_REPRESENTATION_CONTEXT() REPRESENTATION_CONTEXT('2D SPACE',''
  ) );
#399 = ORIENTED_EDGE('',*,*,#400,.T.);
#400 = EDGE_CURVE('',#372,#401,#403,.T.);
#401 = VERTEX_POINT('',#402);
#402 = CARTESIAN_POINT('',(3.759791826974,-1.365271188379,80.));
#403 = SURFACE_CURVE('',#404,(#407,#413),.PCURVE_S1.);
#404 = B_SPLINE_CURVE_WITH_KNOTS('',1,(#405,#406),.UNSPECIFIED.,.F.,.F.,
  (2,2),(0.,1.4),.PIECEWISE_BEZIER_KNOTS.);
#405 = CARTESIAN_POINT('',(5.075718966415,-1.843116104311,80.));
#406 = CARTESIAN_POINT('',(3.759791826974,-1.365271188379,80.));
#407 = PCURVE('',#45,#408);
#408 = DEFINITIONAL_REPRESENTATION('',(#409),#412);
#409 = B_SPLINE_CURVE_WITH_KNOTS('',1,(#410,#411),.UNSPECIFIED.,.F.,.F.,
  (2,2),(0.,1.4),.PIECEWISE_BEZIER_KNOTS.);
#410 = CARTESIAN_POINT('',(5.075718966415,-1.843116104311));
#411 = CARTESIAN_POINT('',(3.759791826974,-1.365271188379));
#412 = ( GEOMETRIC_REPRESENTATION_CONTEXT(2) 
PARAMETRIC_REPRESENTATION_CONTEXT() REPRESENTATION_CONTEXT('2D SPACE',''
  ) );
#413 = PCURVE('',#414,#429);
#414 = B_SPLINE_SURFACE_WITH_KNOTS('',1,6,(
    (#415,#416,#417,#418,#419,#420,#421)
    ,(#422,#423,#424,#425,#426,#427,#428
    )),.UNSPECIFIED.,.F.,.F.,.F.,(2,2),(7,7),(0.,1.4),(0.,14.),
  .PIECEWISE_BEZIER_KNOTS.);
#415 = CARTESIAN_POINT('',(5.075718966415,-1.843116104311,80.));
#416 = CARTESIAN_POINT('',(4.535289098534,-3.331394636525,
    82.333333333333));
#417 = CARTESIAN_POINT('',(3.471511249295,-4.629372351477,
    84.666666666666));
#418 = CARTESIAN_POINT('',(1.965878783438,-5.50780055477,87.000000000001
    ));
#419 = CARTESIAN_POINT('',(0.244311614561,-5.781244723897,
    89.333333333333));
#420 = CARTESIAN_POINT('',(-1.40091377463,-5.450181467401,
    91.666666666667));
#421 = CARTESIAN_POINT('',(-2.761564343272,-4.640448510432,94.));
#422 = CARTESIAN_POINT('',(3.759791826974,-1.365271188379,80.));
#423 = CARTESIAN_POINT('',(3.359473406321,-2.467699730759,
    82.333333333333));
#424 = CARTESIAN_POINT('',(2.571489814293,-3.429164704798,
    84.666666666666));
#425 = CARTESIAN_POINT('',(1.45620650625,-4.079852262792,87.000000000001
    ));
#426 = CARTESIAN_POINT('',(0.180971566342,-4.282403499183,
    89.333333333333));
#427 = CARTESIAN_POINT('',(-1.037713907134,-4.037171457334,
    91.666666666667));
#428 = CARTESIAN_POINT('',(-2.045603217239,-3.437369266986,94.));
#429 = DEFINITIONAL_REPRESENTATION('',(#430),#434);
#430 = LINE('',#431,#432);
#431 = CARTESIAN_POINT('',(0.,0.));
#432 = VECTOR('',#433,1.);
#433 = DIRECTION('',(1.,0.));
#434 = ( GEOMETRIC_REPRESENTATION_CONTEXT(2) 
PARAMETRIC_REPRESENTATION_CONTEXT() REPRESENTATION_CONTEXT('2D SPACE',''
  ) );
#435 = ORIENTED_EDGE('',*,*,#436,.T.);
#436 = EDGE_CURVE('',#401,#437,#439,.T.);
#437 = VERTEX_POINT('',#438);
#438 = CARTESIAN_POINT('',(2.460289630065,-3.153882517818,80.));
#439 = SURFACE_CURVE('',#440,(#448,#459),.PCURVE_S1.);
#440 = ( BOUNDED_CURVE() B_SPLINE_CURVE(6,(#441,#442,#443,#444,#445,#446
,#447),.UNSPECIFIED.,.F.,.F.) B_SPLINE_CURVE_WITH_KNOTS((7,7),(0.,0.56),
.PIECEWISE_BEZIER_KNOTS.) CURVE() GEOMETRIC_REPRESENTATION_ITEM() 
RATIONAL_B_SPLINE_CURVE((1.003928795801,1.001302735903,0.999738116016,
    0.999218304855,0.999738116016,1.001302735903,1.003928795801)) 
REPRESENTATION_ITEM('') );
#441 = CARTESIAN_POINT('',(3.759791826974,-1.365271188379,80.));
#442 = CARTESIAN_POINT('',(3.632032326142,-1.717105410867,80.));
#443 = CARTESIAN_POINT('',(3.465209135854,-2.05349722255,80.));
#444 = CARTESIAN_POINT('',(3.261525206514,-2.369636768694,80.));
#445 = CARTESIAN_POINT('',(3.023800426743,-2.66104418931,80.));
#446 = CARTESIAN_POINT('',(2.755424003068,-2.923653258081,80.));
#447 = CARTESIAN_POINT('',(2.460289630065,-3.153882517818,80.));
#448 = PCURVE('',#45,#449);
#449 = DEFINITIONAL_REPRESENTATION('',(#450),#458);
#450 = ( BOUNDED_CURVE() B_SPLINE_CURVE(6,(#451,#452,#453,#454,#455,#456
,#457),.UNSPECIFIED.,.F.,.F.) B_SPLINE_CURVE_WITH_KNOTS((7,7),(0.,0.56),
.PIECEWISE_BEZIER_KNOTS.) CURVE() GEOMETRIC_REPRESENTATION_ITEM() 
RATIONAL_B_SPLINE_CURVE((1.003928795801,1.001302735903,0.999738116016,
    0.999218304855,0.999738116016,1.001302735903,1.003928795801)) 
REPRESENTATION_ITEM('') );
#451 = CARTESIAN_POINT('',(3.759791826974,-1.365271188379));
#452 = CARTESIAN_POINT('',(3.632032326142,-1.717105410867));
#453 = CARTESIAN_POINT('',(3.465209135854,-2.05349722255));
#454 = CARTESIAN_POINT('',(3.261525206514,-2.369636768694));
#455 = CARTESIAN_POINT('',(3.023800426743,-2.66104418931));
#456 = CARTESIAN_POINT('',(2.755424003068,-2.923653258081));
#457 = CARTESIAN_POINT('',(2.460289630065,-3.153882517818));
#458 = ( GEOMETRIC_REPRESENTATION_CONTEXT(2) 
PARAMETRIC_REPRESENTATION_CONTEXT() REPRESENTATION_CONTEXT('2D SPACE',''
  ) );
#459 = PCURVE('',#460,#510);
#460 = ( BOUNDED_SURFACE() B_SPLINE_SURFACE(6,6,(
    (#461,#462,#463,#464,#465,#466,#467)
    ,(#468,#469,#470,#471,#472,#473,#474)
    ,(#475,#476,#477,#478,#479,#480,#481)
    ,(#482,#483,#484,#485,#486,#487,#488)
    ,(#489,#490,#491,#492,#493,#494,#495)
    ,(#496,#497,#498,#499,#500,#501,#502)
    ,(#503,#504,#505,#506,#507,#508,#509
)),.UNSPECIFIED.,.F.,.F.,.F.) B_SPLINE_SURFACE_WITH_KNOTS((7,7),(7,7),(
    0.,0.56),(0.,14.),.PIECEWISE_BEZIER_KNOTS.) 
GEOMETRIC_REPRESENTATION_ITEM() RATIONAL_B_SPLINE_SURFACE((
    (1.003928795801,1.003928795801,1.003928795801,1.003928795801
      ,1.003928795801,1.003928795801,1.003928795801)
    ,(1.001302735903,1.001302735903,1.001302735903,1.001302735903
      ,1.001302735903,1.001302735903,1.001302735903)
    ,(0.999738116016,0.999738116016,0.999738116015,0.999738116016
      ,0.999738116016,0.999738116016,0.999738116016)
    ,(0.999218304855,0.999218304855,0.999218304855,0.999218304855
      ,0.999218304855,0.999218304855,0.999218304855)
    ,(0.999738116016,0.999738116016,0.999738116016,0.999738116016
      ,0.999738116016,0.999738116016,0.999738116016)
    ,(1.001302735903,1.001302735903,1.001302735903,1.001302735903
      ,1.001302735903,1.001302735903,1.001302735903)
    ,(1.003928795801,1.003928795801,1.003928795801,1.003928795801
      ,1.003928795801,1.003928795801,1.003928795801
))) REPRESENTATION_ITEM('') SURFACE() );
#461 = CARTESIAN_POINT('',(3.759791826974,-1.365271188379,80.));
#462 = CARTESIAN_POINT('',(3.359473406321,-2.467699730759,
    82.333333333333));
#463 = CARTESIAN_POINT('',(2.571489814293,-3.429164704798,
    84.666666666667));
#464 = CARTESIAN_POINT('',(1.45620650625,-4.079852262792,87.));
#465 = CARTESIAN_POINT('',(0.180971566342,-4.282403499183,
    89.333333333333));
#466 = CARTESIAN_POINT('',(-1.037713907134,-4.037171457334,
    91.666666666667));
#467 = CARTESIAN_POINT('',(-2.045603217239,-3.437369266986,94.));
#468 = CARTESIAN_POINT('',(3.632032326142,-1.717105410867,80.));
#469 = CARTESIAN_POINT('',(3.128550723348,-2.782072911052,
    82.333333333333));
#470 = CARTESIAN_POINT('',(2.250595053832,-3.669799867882,
    84.666666666667));
#471 = CARTESIAN_POINT('',(1.074421632298,-4.216121319029,87.));
#472 = CARTESIAN_POINT('',(-0.219767669993,-4.299338476774,
    89.333333333333));
#473 = CARTESIAN_POINT('',(-1.415504791872,-3.940064148609,
    91.666666666667));
#474 = CARTESIAN_POINT('',(-2.367265745142,-3.245945579033,94.));
#475 = CARTESIAN_POINT('',(3.465209135854,-2.05349722255,80.));
#476 = CARTESIAN_POINT('',(2.863092302258,-3.069549608556,
    82.333333333333));
#477 = CARTESIAN_POINT('',(1.903720234236,-3.873678740364,
    84.666666666667));
#478 = CARTESIAN_POINT('',(0.678556263499,-4.309133265709,87.));
#479 = CARTESIAN_POINT('',(-0.62114121687,-4.271266943483,
    89.333333333333));
#480 = CARTESIAN_POINT('',(-1.781209723276,-3.800884667067,
    91.666666666667));
#481 = CARTESIAN_POINT('',(-2.666439584309,-3.019043746198,94.));
#482 = CARTESIAN_POINT('',(3.261525206514,-2.369636768694,80.));
#483 = CARTESIAN_POINT('',(2.566711416522,-3.325965907334,
    82.333333333333));
#484 = CARTESIAN_POINT('',(1.535661555508,-4.037779259613,
    84.666666666667));
#485 = CARTESIAN_POINT('',(0.274144749915,-4.35740602124,87.));
#486 = CARTESIAN_POINT('',(-1.017484474436,-4.198409592537,
    89.333333333333));
#487 = CARTESIAN_POINT('',(-2.129618068472,-3.621433914196,
    91.666666666667));
#488 = CARTESIAN_POINT('',(-2.938812867497,-2.759728975481,94.));
#489 = CARTESIAN_POINT('',(3.023800426743,-2.66104418931,80.));
#490 = CARTESIAN_POINT('',(2.243541518315,-3.547668781924,
    82.333333333333));
#491 = CARTESIAN_POINT('',(1.151575030292,-4.159737090658,
    84.666666666667));
#492 = CARTESIAN_POINT('',(-0.133128038635,-4.360200113493,87.));
#493 = CARTESIAN_POINT('',(-1.403208149256,-4.081733039243,
    89.333333333333));
#494 = CARTESIAN_POINT('',(-2.455799386264,-3.404185909298,
    91.666666666667));
#495 = CARTESIAN_POINT('',(-3.180513479792,-2.471610649574,94.));
#496 = CARTESIAN_POINT('',(2.755424003068,-2.923653258081,80.));
#497 = CARTESIAN_POINT('',(1.898164093993,-3.731585773266,
    82.333333333333));
#498 = CARTESIAN_POINT('',(0.756884729755,-4.237892716021,
    84.666666666667));
#499 = CARTESIAN_POINT('',(-0.5375293788,-4.317536680522,87.));
#500 = CARTESIAN_POINT('',(-1.772900555637,-3.922936755349,
    89.333333333333));
#501 = CARTESIAN_POINT('',(-2.755194972488,-3.15224681371,
    91.666666666667));
#502 = CARTESIAN_POINT('',(-3.3881822929,-2.158779877673,94.));
#503 = CARTESIAN_POINT('',(2.460289630065,-3.153882517818,80.));
#504 = CARTESIAN_POINT('',(1.535522976227,-3.875277115052,
    82.333333333333));
#505 = CARTESIAN_POINT('',(0.357182926492,-4.271317220093,
    84.666666666667));
#506 = CARTESIAN_POINT('',(-0.93338280644,-4.230192479273,87.));
#507 = CARTESIAN_POINT('',(-2.121424548163,-3.724417850361,
    89.333333333333));
#508 = CARTESIAN_POINT('',(-3.023698168365,-2.869294846404,
    91.666666666667));
#509 = CARTESIAN_POINT('',(-3.559030892692,-1.825732484475,94.));
#510 = DEFINITIONAL_REPRESENTATION('',(#511),#515);
#511 = LINE('',#512,#513);
#512 = CARTESIAN_POINT('',(0.,0.));
#513 = VECTOR('',#514,1.);
#514 = DIRECTION('',(1.,0.));
#515 = ( GEOMETRIC_REPRESENTATION_CONTEXT(2) 
PARAMETRIC_REPRESENTATION_CONTEXT() REPRESENTATION_CONTEXT('2D SPACE',''
  ) );
#516 = ORIENTED_EDGE('',*,*,#517,.T.);
#517 = EDGE_CURVE('',#437,#518,#520,.T.);
#518 = VERTEX_POINT('',#519);
#519 = CARTESIAN_POINT('',(3.22913013946,-4.139470804636,80.));
#520 = SURFACE_CURVE('',#521,(#524,#530),.PCURVE_S1.);
#521 = B_SPLINE_CURVE_WITH_KNOTS('',1,(#522,#523),.UNSPECIFIED.,.F.,.F.,
  (2,2),(0.,1.4),.PIECEWISE_BEZIER_KNOTS.);
#522 = CARTESIAN_POINT('',(2.460289630065,-3.153882517818,80.));
#523 = CARTESIAN_POINT('',(3.321391000587,-4.257741399054,80.));
#524 = PCURVE('',#45,#525);
#525 = DEFINITIONAL_REPRESENTATION('',(#526),#529);
#526 = B_SPLINE_CURVE_WITH_KNOTS('',1,(#527,#528),.UNSPECIFIED.,.F.,.F.,
  (2,2),(0.,1.4),.PIECEWISE_BEZIER_KNOTS.);
#527 = CARTESIAN_POINT('',(2.460289630065,-3.153882517818));
#528 = CARTESIAN_POINT('',(3.321391000587,-4.257741399054));
#529 = ( GEOMETRIC_REPRESENTATION_CONTEXT(2) 
PARAMETRIC_REPRESENTATION_CONTEXT() REPRESENTATION_CONTEXT('2D SPACE',''
  ) );
#530 = PCURVE('',#531,#546);
#531 = B_SPLINE_SURFACE_WITH_KNOTS('',1,6,(
    (#532,#533,#534,#535,#536,#537,#538)
    ,(#539,#540,#541,#542,#543,#544,#545
    )),.UNSPECIFIED.,.F.,.F.,.F.,(2,2),(7,7),(0.,1.4),(0.,14.),
  .PIECEWISE_BEZIER_KNOTS.);
#532 = CARTESIAN_POINT('',(2.460289630065,-3.153882517818,80.));
#533 = CARTESIAN_POINT('',(1.535522976227,-3.875277115052,
    82.333333333333));
#534 = CARTESIAN_POINT('',(0.357182926492,-4.271317220093,
    84.666666666666));
#535 = CARTESIAN_POINT('',(-0.93338280644,-4.230192479273,
    87.000000000001));
#536 = CARTESIAN_POINT('',(-2.121424548163,-3.724417850361,
    89.333333333333));
#537 = CARTESIAN_POINT('',(-3.023698168365,-2.869294846404,
    91.666666666667));
#538 = CARTESIAN_POINT('',(-3.559030892692,-1.825732484475,94.));
#539 = CARTESIAN_POINT('',(3.321391000587,-4.257741399054,80.));
#540 = CARTESIAN_POINT('',(2.072956017906,-5.231624105321,
    82.333333333333));
#541 = CARTESIAN_POINT('',(0.482196950765,-5.766278247125,
    84.666666666666));
#542 = CARTESIAN_POINT('',(-1.260066788694,-5.710759847019,
    87.000000000001));
#543 = CARTESIAN_POINT('',(-2.86392314002,-5.027964097988,
    89.333333333333));
#544 = CARTESIAN_POINT('',(-4.081992527292,-3.873548042645,
    91.666666666667));
#545 = CARTESIAN_POINT('',(-4.804691705134,-2.464738854041,94.));
#546 = DEFINITIONAL_REPRESENTATION('',(#547),#551);
#547 = LINE('',#548,#549);
#548 = CARTESIAN_POINT('',(0.,0.));
#549 = VECTOR('',#550,1.);
#550 = DIRECTION('',(1.,0.));
#551 = ( GEOMETRIC_REPRESENTATION_CONTEXT(2) 
PARAMETRIC_REPRESENTATION_CONTEXT() REPRESENTATION_CONTEXT('2D SPACE',''
  ) );
#552 = ORIENTED_EDGE('',*,*,#553,.T.);
#553 = EDGE_CURVE('',#518,#554,#556,.T.);
#554 = VERTEX_POINT('',#555);
#555 = CARTESIAN_POINT('',(-4.934726772904,1.791918434747,80.));
#556 = SURFACE_CURVE('',#557,(#562,#573),.PCURVE_S1.);
#557 = CIRCLE('',#558,5.25);
#558 = AXIS2_PLACEMENT_3D('',#559,#560,#561);
#559 = CARTESIAN_POINT('',(0.,0.,80.));
#560 = DIRECTION('',(0.,0.,-1.));
#561 = DIRECTION('',(1.,0.,0.));
#562 = PCURVE('',#45,#563);
#563 = DEFINITIONAL_REPRESENTATION('',(#564),#572);
#564 = ( BOUNDED_CURVE() B_SPLINE_CURVE(2,(#565,#566,#567,#568,#569,#570
,#571),.UNSPECIFIED.,.T.,.F.) B_SPLINE_CURVE_WITH_KNOTS((1,2,2,2,2,1),(
    -2.094395102393,0.,2.094395102393,4.188790204786,6.28318530718,
8.377580409573),.UNSPECIFIED.) CURVE() GEOMETRIC_REPRESENTATION_ITEM() 
RATIONAL_B_SPLINE_CURVE((1.,0.5,1.,0.5,1.,0.5,1.)) REPRESENTATION_ITEM(
  '') );
#565 = CARTESIAN_POINT('',(5.25,-7.526710702698E-16));
#566 = CARTESIAN_POINT('',(5.25,-9.093266739737));
#567 = CARTESIAN_POINT('',(-2.625,-4.546633369868));
#568 = CARTESIAN_POINT('',(-10.5,-2.038550209375E-15));
#569 = CARTESIAN_POINT('',(-2.625,4.546633369868));
#570 = CARTESIAN_POINT('',(5.25,9.093266739737));
#571 = CARTESIAN_POINT('',(5.25,-7.526710702698E-16));
#572 = ( GEOMETRIC_REPRESENTATION_CONTEXT(2) 
PARAMETRIC_REPRESENTATION_CONTEXT() REPRESENTATION_CONTEXT('2D SPACE',''
  ) );
#573 = PCURVE('',#574,#579);
#574 = CYLINDRICAL_SURFACE('',#575,5.25);
#575 = AXIS2_PLACEMENT_3D('',#576,#577,#578);
#576 = CARTESIAN_POINT('',(0.,0.,79.));
#577 = DIRECTION('',(-0.,-0.,-1.));
#578 = DIRECTION('',(1.,0.,0.));
#579 = DEFINITIONAL_REPRESENTATION('',(#580),#584);
#580 = LINE('',#581,#582);
#581 = CARTESIAN_POINT('',(-6.28318530718,-1.));
#582 = VECTOR('',#583,1.);
#583 = DIRECTION('',(1.,-0.));
#584 = ( GEOMETRIC_REPRESENTATION_CONTEXT(2) 
PARAMETRIC_REPRESENTATION_CONTEXT() REPRESENTATION_CONTEXT('2D SPACE',''
  ) );
#585 = ORIENTED_EDGE('',*,*,#586,.T.);
#586 = EDGE_CURVE('',#554,#587,#589,.T.);
#587 = VERTEX_POINT('',#588);
#588 = CARTESIAN_POINT('',(-3.759791826974,1.365271188379,80.));
#589 = SURFACE_CURVE('',#590,(#593,#599),.PCURVE_S1.);
#590 = B_SPLINE_CURVE_WITH_KNOTS('',1,(#591,#592),.UNSPECIFIED.,.F.,.F.,
  (2,2),(0.,1.4),.PIECEWISE_BEZIER_KNOTS.);
#591 = CARTESIAN_POINT('',(-5.075718966415,1.843116104311,80.));
#592 = CARTESIAN_POINT('',(-3.759791826974,1.365271188379,80.));
#593 = PCURVE('',#45,#594);
#594 = DEFINITIONAL_REPRESENTATION('',(#595),#598);
#595 = B_SPLINE_CURVE_WITH_KNOTS('',1,(#596,#597),.UNSPECIFIED.,.F.,.F.,
  (2,2),(0.,1.4),.PIECEWISE_BEZIER_KNOTS.);
#596 = CARTESIAN_POINT('',(-5.075718966415,1.843116104311));
#597 = CARTESIAN_POINT('',(-3.759791826974,1.365271188379));
#598 = ( GEOMETRIC_REPRESENTATION_CONTEXT(2) 
PARAMETRIC_REPRESENTATION_CONTEXT() REPRESENTATION_CONTEXT('2D SPACE',''
  ) );
#599 = PCURVE('',#600,#615);
#600 = B_SPLINE_SURFACE_WITH_KNOTS('',1,6,(
    (#601,#602,#603,#604,#605,#606,#607)
    ,(#608,#609,#610,#611,#612,#613,#614
    )),.UNSPECIFIED.,.F.,.F.,.F.,(2,2),(7,7),(0.,1.4),(0.,14.),
  .PIECEWISE_BEZIER_KNOTS.);
#601 = CARTESIAN_POINT('',(-5.075718966415,1.843116104311,80.));
#602 = CARTESIAN_POINT('',(-4.535289098534,3.331394636525,
    82.333333333333));
#603 = CARTESIAN_POINT('',(-3.471511249295,4.629372351477,
    84.666666666666));
#604 = CARTESIAN_POINT('',(-1.965878783438,5.50780055477,87.000000000001
    ));
#605 = CARTESIAN_POINT('',(-0.244311614561,5.781244723897,
    89.333333333333));
#606 = CARTESIAN_POINT('',(1.40091377463,5.450181467401,91.666666666667)
  );
#607 = CARTESIAN_POINT('',(2.761564343272,4.640448510432,94.));
#608 = CARTESIAN_POINT('',(-3.759791826974,1.365271188379,80.));
#609 = CARTESIAN_POINT('',(-3.359473406321,2.467699730759,
    82.333333333333));
#610 = CARTESIAN_POINT('',(-2.571489814293,3.429164704798,
    84.666666666666));
#611 = CARTESIAN_POINT('',(-1.45620650625,4.079852262792,87.000000000001
    ));
#612 = CARTESIAN_POINT('',(-0.180971566342,4.282403499183,
    89.333333333333));
#613 = CARTESIAN_POINT('',(1.037713907134,4.037171457334,91.666666666667
    ));
#614 = CARTESIAN_POINT('',(2.045603217239,3.437369266986,94.));
#615 = DEFINITIONAL_REPRESENTATION('',(#616),#620);
#616 = LINE('',#617,#618);
#617 = CARTESIAN_POINT('',(0.,0.));
#618 = VECTOR('',#619,1.);
#619 = DIRECTION('',(1.,0.));
#620 = ( GEOMETRIC_REPRESENTATION_CONTEXT(2) 
PARAMETRIC_REPRESENTATION_CONTEXT() REPRESENTATION_CONTEXT('2D SPACE',''
  ) );
#621 = ORIENTED_EDGE('',*,*,#622,.T.);
#622 = EDGE_CURVE('',#587,#334,#623,.T.);
#623 = SURFACE_CURVE('',#624,(#632,#643),.PCURVE_S1.);
#624 = ( BOUNDED_CURVE() B_SPLINE_CURVE(6,(#625,#626,#627,#628,#629,#630
,#631),.UNSPECIFIED.,.F.,.F.) B_SPLINE_CURVE_WITH_KNOTS((7,7),(0.,0.56),
.PIECEWISE_BEZIER_KNOTS.) CURVE() GEOMETRIC_REPRESENTATION_ITEM() 
RATIONAL_B_SPLINE_CURVE((1.003928795801,1.001302735903,0.999738116016,
    0.999218304855,0.999738116016,1.001302735903,1.003928795801)) 
REPRESENTATION_ITEM('') );
#625 = CARTESIAN_POINT('',(-3.759791826974,1.365271188379,80.));
#626 = CARTESIAN_POINT('',(-3.632032326142,1.717105410867,80.));
#627 = CARTESIAN_POINT('',(-3.465209135854,2.05349722255,80.));
#628 = CARTESIAN_POINT('',(-3.261525206514,2.369636768694,80.));
#629 = CARTESIAN_POINT('',(-3.023800426743,2.66104418931,80.));
#630 = CARTESIAN_POINT('',(-2.755424003068,2.923653258081,80.));
#631 = CARTESIAN_POINT('',(-2.460289630065,3.153882517818,80.));
#632 = PCURVE('',#45,#633);
#633 = DEFINITIONAL_REPRESENTATION('',(#634),#642);
#634 = ( BOUNDED_CURVE() B_SPLINE_CURVE(6,(#635,#636,#637,#638,#639,#640
,#641),.UNSPECIFIED.,.F.,.F.) B_SPLINE_CURVE_WITH_KNOTS((7,7),(0.,0.56),
.PIECEWISE_BEZIER_KNOTS.) CURVE() GEOMETRIC_REPRESENTATION_ITEM() 
RATIONAL_B_SPLINE_CURVE((1.003928795801,1.001302735903,0.999738116016,
    0.999218304855,0.999738116016,1.001302735903,1.003928795801)) 
REPRESENTATION_ITEM('') );
#635 = CARTESIAN_POINT('',(-3.759791826974,1.365271188379));
#636 = CARTESIAN_POINT('',(-3.632032326142,1.717105410867));
#637 = CARTESIAN_POINT('',(-3.465209135854,2.05349722255));
#638 = CARTESIAN_POINT('',(-3.261525206514,2.369636768694));
#639 = CARTESIAN_POINT('',(-3.023800426743,2.66104418931));
#640 = CARTESIAN_POINT('',(-2.755424003068,2.923653258081));
#641 = CARTESIAN_POINT('',(-2.460289630065,3.153882517818));
#642 = ( GEOMETRIC_REPRESENTATION_CONTEXT(2) 
PARAMETRIC_REPRESENTATION_CONTEXT() REPRESENTATION_CONTEXT('2D SPACE',''
  ) );
#643 = PCURVE('',#644,#694);
#644 = ( BOUNDED_SURFACE() B_SPLINE_SURFACE(6,6,(
    (#645,#646,#647,#648,#649,#650,#651)
    ,(#652,#653,#654,#655,#656,#657,#658)
    ,(#659,#660,#661,#662,#663,#664,#665)
    ,(#666,#667,#668,#669,#670,#671,#672)
    ,(#673,#674,#675,#676,#677,#678,#679)
    ,(#680,#681,#682,#683,#684,#685,#686)
    ,(#687,#688,#689,#690,#691,#692,#693
)),.UNSPECIFIED.,.F.,.F.,.F.) B_SPLINE_SURFACE_WITH_KNOTS((7,7),(7,7),(
    0.,0.56),(0.,14.),.PIECEWISE_BEZIER_KNOTS.) 
GEOMETRIC_REPRESENTATION_ITEM() RATIONAL_B_SPLINE_SURFACE((
    (1.003928795801,1.003928795801,1.003928795801,1.003928795801
      ,1.003928795801,1.003928795801,1.003928795801)
    ,(1.001302735903,1.001302735903,1.001302735903,1.001302735903
      ,1.001302735903,1.001302735903,1.001302735903)
    ,(0.999738116016,0.999738116016,0.999738116016,0.999738116016
      ,0.999738116016,0.999738116016,0.999738116016)
    ,(0.999218304855,0.999218304855,0.999218304855,0.999218304855
      ,0.999218304855,0.999218304855,0.999218304855)
    ,(0.999738116016,0.999738116016,0.999738116016,0.999738116016
      ,0.999738116016,0.999738116016,0.999738116016)
    ,(1.001302735903,1.001302735903,1.001302735903,1.001302735903
      ,1.001302735903,1.001302735903,1.001302735903)
    ,(1.003928795801,1.003928795801,1.003928795801,1.003928795801
      ,1.003928795801,1.003928795801,1.003928795801
))) REPRESENTATION_ITEM('') SURFACE() );
#645 = CARTESIAN_POINT('',(-3.759791826974,1.365271188379,80.));
#646 = CARTESIAN_POINT('',(-3.359473406321,2.467699730759,
    82.333333333333));
#647 = CARTESIAN_POINT('',(-2.571489814293,3.429164704798,
    84.666666666667));
#648 = CARTESIAN_POINT('',(-1.45620650625,4.079852262792,87.));
#649 = CARTESIAN_POINT('',(-0.180971566342,4.282403499183,
    89.333333333333));
#650 = CARTESIAN_POINT('',(1.037713907134,4.037171457334,91.666666666667
    ));
#651 = CARTESIAN_POINT('',(2.045603217239,3.437369266986,94.));
#652 = CARTESIAN_POINT('',(-3.632032326142,1.717105410867,80.));
#653 = CARTESIAN_POINT('',(-3.128550723348,2.782072911052,
    82.333333333333));
#654 = CARTESIAN_POINT('',(-2.250595053832,3.669799867882,
    84.666666666667));
#655 = CARTESIAN_POINT('',(-1.074421632298,4.216121319029,87.));
#656 = CARTESIAN_POINT('',(0.219767669993,4.299338476774,89.333333333333
    ));
#657 = CARTESIAN_POINT('',(1.415504791872,3.940064148609,91.666666666667
    ));
#658 = CARTESIAN_POINT('',(2.367265745142,3.245945579033,94.));
#659 = CARTESIAN_POINT('',(-3.465209135854,2.05349722255,80.));
#660 = CARTESIAN_POINT('',(-2.863092302258,3.069549608556,
    82.333333333333));
#661 = CARTESIAN_POINT('',(-1.903720234236,3.873678740364,
    84.666666666667));
#662 = CARTESIAN_POINT('',(-0.678556263499,4.309133265709,87.));
#663 = CARTESIAN_POINT('',(0.62114121687,4.271266943483,89.333333333333)
  );
#664 = CARTESIAN_POINT('',(1.781209723276,3.800884667067,91.666666666667
    ));
#665 = CARTESIAN_POINT('',(2.666439584309,3.019043746198,94.));
#666 = CARTESIAN_POINT('',(-3.261525206514,2.369636768694,80.));
#667 = CARTESIAN_POINT('',(-2.566711416522,3.325965907334,
    82.333333333333));
#668 = CARTESIAN_POINT('',(-1.535661555508,4.037779259613,
    84.666666666667));
#669 = CARTESIAN_POINT('',(-0.274144749915,4.35740602124,87.));
#670 = CARTESIAN_POINT('',(1.017484474436,4.198409592537,89.333333333333
    ));
#671 = CARTESIAN_POINT('',(2.129618068472,3.621433914196,91.666666666667
    ));
#672 = CARTESIAN_POINT('',(2.938812867497,2.759728975481,94.));
#673 = CARTESIAN_POINT('',(-3.023800426743,2.66104418931,80.));
#674 = CARTESIAN_POINT('',(-2.243541518315,3.547668781924,
    82.333333333333));
#675 = CARTESIAN_POINT('',(-1.151575030292,4.159737090657,
    84.666666666667));
#676 = CARTESIAN_POINT('',(0.133128038635,4.360200113493,87.));
#677 = CARTESIAN_POINT('',(1.403208149256,4.081733039243,89.333333333333
    ));
#678 = CARTESIAN_POINT('',(2.455799386264,3.404185909298,91.666666666667
    ));
#679 = CARTESIAN_POINT('',(3.180513479792,2.471610649574,94.));
#680 = CARTESIAN_POINT('',(-2.755424003068,2.923653258081,80.));
#681 = CARTESIAN_POINT('',(-1.898164093993,3.731585773266,
    82.333333333333));
#682 = CARTESIAN_POINT('',(-0.756884729755,4.237892716021,
    84.666666666667));
#683 = CARTESIAN_POINT('',(0.5375293788,4.317536680522,87.));
#684 = CARTESIAN_POINT('',(1.772900555637,3.922936755349,89.333333333333
    ));
#685 = CARTESIAN_POINT('',(2.755194972488,3.15224681371,91.666666666667)
  );
#686 = CARTESIAN_POINT('',(3.3881822929,2.158779877673,94.));
#687 = CARTESIAN_POINT('',(-2.460289630065,3.153882517818,80.));
#688 = CARTESIAN_POINT('',(-1.535522976227,3.875277115052,
    82.333333333333));
#689 = CARTESIAN_POINT('',(-0.357182926492,4.271317220093,
    84.666666666667));
#690 = CARTESIAN_POINT('',(0.93338280644,4.230192479273,87.));
#691 = CARTESIAN_POINT('',(2.121424548163,3.724417850361,89.333333333333
    ));
#692 = CARTESIAN_POINT('',(3.023698168365,2.869294846404,91.666666666667
    ));
#693 = CARTESIAN_POINT('',(3.559030892692,1.825732484475,94.));
#694 = DEFINITIONAL_REPRESENTATION('',(#695),#699);
#695 = LINE('',#696,#697);
#696 = CARTESIAN_POINT('',(0.,0.));
#697 = VECTOR('',#698,1.);
#698 = DIRECTION('',(1.,0.));
#699 = ( GEOMETRIC_REPRESENTATION_CONTEXT(2) 
PARAMETRIC_REPRESENTATION_CONTEXT() REPRESENTATION_CONTEXT('2D SPACE',''
  ) );
#700 = ADVANCED_FACE('',(#701),#129,.F.);
#701 = FACE_BOUND('',#702,.F.);
#702 = EDGE_LOOP('',(#703,#704,#705,#728));
#703 = ORIENTED_EDGE('',*,*,#167,.F.);
#704 = ORIENTED_EDGE('',*,*,#116,.F.);
#705 = ORIENTED_EDGE('',*,*,#706,.T.);
#706 = EDGE_CURVE('',#84,#707,#709,.T.);
#707 = VERTEX_POINT('',#708);
#708 = CARTESIAN_POINT('',(-5.508731482713,-16.08271983998,94.));
#709 = SURFACE_CURVE('',#710,(#714,#721),.PCURVE_S1.);
#710 = LINE('',#711,#712);
#711 = CARTESIAN_POINT('',(-4.860645425923,-14.19063515292,94.));
#712 = VECTOR('',#713,1.);
#713 = DIRECTION('',(-0.324043028395,-0.946042343528,0.));
#714 = PCURVE('',#129,#715);
#715 = DEFINITIONAL_REPRESENTATION('',(#716),#720);
#716 = LINE('',#717,#718);
#717 = CARTESIAN_POINT('',(0.,-14.));
#718 = VECTOR('',#719,1.);
#719 = DIRECTION('',(1.,0.));
#720 = ( GEOMETRIC_REPRESENTATION_CONTEXT(2) 
PARAMETRIC_REPRESENTATION_CONTEXT() REPRESENTATION_CONTEXT('2D SPACE',''
  ) );
#721 = PCURVE('',#100,#722);
#722 = DEFINITIONAL_REPRESENTATION('',(#723),#727);
#723 = LINE('',#724,#725);
#724 = CARTESIAN_POINT('',(-4.860645425923,-14.19063515292));
#725 = VECTOR('',#726,1.);
#726 = DIRECTION('',(-0.324043028395,-0.946042343528));
#727 = ( GEOMETRIC_REPRESENTATION_CONTEXT(2) 
PARAMETRIC_REPRESENTATION_CONTEXT() REPRESENTATION_CONTEXT('2D SPACE',''
  ) );
#728 = ORIENTED_EDGE('',*,*,#729,.F.);
#729 = EDGE_CURVE('',#168,#707,#730,.T.);
#730 = SURFACE_CURVE('',#731,(#735,#742),.PCURVE_S1.);
#731 = LINE('',#732,#733);
#732 = CARTESIAN_POINT('',(-5.508731482713,-16.08271983998,80.));
#733 = VECTOR('',#734,1.);
#734 = DIRECTION('',(0.,0.,1.));
#735 = PCURVE('',#129,#736);
#736 = DEFINITIONAL_REPRESENTATION('',(#737),#741);
#737 = LINE('',#738,#739);
#738 = CARTESIAN_POINT('',(2.,0.));
#739 = VECTOR('',#740,1.);
#740 = DIRECTION('',(0.,-1.));
#741 = ( GEOMETRIC_REPRESENTATION_CONTEXT(2) 
PARAMETRIC_REPRESENTATION_CONTEXT() REPRESENTATION_CONTEXT('2D SPACE',''
  ) );
#742 = PCURVE('',#207,#743);
#743 = DEFINITIONAL_REPRESENTATION('',(#744),#748);
#744 = LINE('',#745,#746);
#745 = CARTESIAN_POINT('',(-0.,0.));
#746 = VECTOR('',#747,1.);
#747 = DIRECTION('',(-0.,-1.));
#748 = ( GEOMETRIC_REPRESENTATION_CONTEXT(2) 
PARAMETRIC_REPRESENTATION_CONTEXT() REPRESENTATION_CONTEXT('2D SPACE',''
  ) );
#749 = ADVANCED_FACE('',(#750,#897),#100,.T.);
#750 = FACE_BOUND('',#751,.T.);
#751 = EDGE_LOOP('',(#752,#782,#805,#829,#850,#851,#852,#876));
#752 = ORIENTED_EDGE('',*,*,#753,.F.);
#753 = EDGE_CURVE('',#754,#756,#758,.T.);
#754 = VERTEX_POINT('',#755);
#755 = CARTESIAN_POINT('',(5.0874755458,14.852864793396,94.));
#756 = VERTEX_POINT('',#757);
#757 = CARTESIAN_POINT('',(5.0874755458,-14.85286479339,94.));
#758 = SURFACE_CURVE('',#759,(#764,#775),.PCURVE_S1.);
#759 = CIRCLE('',#760,15.7);
#760 = AXIS2_PLACEMENT_3D('',#761,#762,#763);
#761 = CARTESIAN_POINT('',(0.,0.,94.));
#762 = DIRECTION('',(0.,0.,-1.));
#763 = DIRECTION('',(0.324043028395,0.946042343528,0.));
#764 = PCURVE('',#100,#765);
#765 = DEFINITIONAL_REPRESENTATION('',(#766),#774);
#766 = ( BOUNDED_CURVE() B_SPLINE_CURVE(2,(#767,#768,#769,#770,#771,#772
,#773),.UNSPECIFIED.,.T.,.F.) B_SPLINE_CURVE_WITH_KNOTS((1,2,2,2,2,1),(
    -2.094395102393,0.,2.094395102393,4.188790204786,6.28318530718,
8.377580409573),.UNSPECIFIED.) CURVE() GEOMETRIC_REPRESENTATION_ITEM() 
RATIONAL_B_SPLINE_CURVE((1.,0.5,1.,0.5,1.,0.5,1.)) REPRESENTATION_ITEM(
  '') );
#767 = CARTESIAN_POINT('',(5.0874755458,14.852864793396));
#768 = CARTESIAN_POINT('',(30.813392005912,6.041098665806));
#769 = CARTESIAN_POINT('',(10.319220457156,-11.83231546049));
#770 = CARTESIAN_POINT('',(-10.17495109159,-29.70572958679));
#771 = CARTESIAN_POINT('',(-15.40669600295,-3.020549332903));
#772 = CARTESIAN_POINT('',(-20.63844091431,23.664630920985));
#773 = CARTESIAN_POINT('',(5.0874755458,14.852864793396));
#774 = ( GEOMETRIC_REPRESENTATION_CONTEXT(2) 
PARAMETRIC_REPRESENTATION_CONTEXT() REPRESENTATION_CONTEXT('2D SPACE',''
  ) );
#775 = PCURVE('',#264,#776);
#776 = DEFINITIONAL_REPRESENTATION('',(#777),#781);
#777 = LINE('',#778,#779);
#778 = CARTESIAN_POINT('',(-7.523981633974,-14.));
#779 = VECTOR('',#780,1.);
#780 = DIRECTION('',(1.,-0.));
#781 = ( GEOMETRIC_REPRESENTATION_CONTEXT(2) 
PARAMETRIC_REPRESENTATION_CONTEXT() REPRESENTATION_CONTEXT('2D SPACE',''
  ) );
#782 = ORIENTED_EDGE('',*,*,#783,.T.);
#783 = EDGE_CURVE('',#754,#784,#786,.T.);
#784 = VERTEX_POINT('',#785);
#785 = CARTESIAN_POINT('',(5.508731482713,16.082719839983,94.));
#786 = SURFACE_CURVE('',#787,(#791,#798),.PCURVE_S1.);
#787 = LINE('',#788,#789);
#788 = CARTESIAN_POINT('',(4.860645425923,14.190635152926,94.));
#789 = VECTOR('',#790,1.);
#790 = DIRECTION('',(0.324043028395,0.946042343528,0.));
#791 = PCURVE('',#100,#792);
#792 = DEFINITIONAL_REPRESENTATION('',(#793),#797);
#793 = LINE('',#794,#795);
#794 = CARTESIAN_POINT('',(4.860645425923,14.190635152926));
#795 = VECTOR('',#796,1.);
#796 = DIRECTION('',(0.324043028395,0.946042343528));
#797 = ( GEOMETRIC_REPRESENTATION_CONTEXT(2) 
PARAMETRIC_REPRESENTATION_CONTEXT() REPRESENTATION_CONTEXT('2D SPACE',''
  ) );
#798 = PCURVE('',#292,#799);
#799 = DEFINITIONAL_REPRESENTATION('',(#800),#804);
#800 = LINE('',#801,#802);
#801 = CARTESIAN_POINT('',(0.,-14.));
#802 = VECTOR('',#803,1.);
#803 = DIRECTION('',(1.,0.));
#804 = ( GEOMETRIC_REPRESENTATION_CONTEXT(2) 
PARAMETRIC_REPRESENTATION_CONTEXT() REPRESENTATION_CONTEXT('2D SPACE',''
  ) );
#805 = ORIENTED_EDGE('',*,*,#806,.T.);
#806 = EDGE_CURVE('',#784,#807,#809,.T.);
#807 = VERTEX_POINT('',#808);
#808 = CARTESIAN_POINT('',(-5.508731482713,16.082719839983,94.));
#809 = SURFACE_CURVE('',#810,(#815,#822),.PCURVE_S1.);
#810 = CIRCLE('',#811,17.);
#811 = AXIS2_PLACEMENT_3D('',#812,#813,#814);
#812 = CARTESIAN_POINT('',(-4.218847493576E-15,-1.59872115546E-14,94.));
#813 = DIRECTION('',(0.,0.,1.));
#814 = DIRECTION('',(0.324043028395,0.946042343528,-0.));
#815 = PCURVE('',#100,#816);
#816 = DEFINITIONAL_REPRESENTATION('',(#817),#821);
#817 = CIRCLE('',#818,17.);
#818 = AXIS2_PLACEMENT_2D('',#819,#820);
#819 = CARTESIAN_POINT('',(-3.87045510312E-15,-1.673988262487E-14));
#820 = DIRECTION('',(0.324043028395,0.946042343528));
#821 = ( GEOMETRIC_REPRESENTATION_CONTEXT(2) 
PARAMETRIC_REPRESENTATION_CONTEXT() REPRESENTATION_CONTEXT('2D SPACE',''
  ) );
#822 = PCURVE('',#319,#823);
#823 = DEFINITIONAL_REPRESENTATION('',(#824),#828);
#824 = LINE('',#825,#826);
#825 = CARTESIAN_POINT('',(-0.,-14.));
#826 = VECTOR('',#827,1.);
#827 = DIRECTION('',(-1.,0.));
#828 = ( GEOMETRIC_REPRESENTATION_CONTEXT(2) 
PARAMETRIC_REPRESENTATION_CONTEXT() REPRESENTATION_CONTEXT('2D SPACE',''
  ) );
#829 = ORIENTED_EDGE('',*,*,#830,.T.);
#830 = EDGE_CURVE('',#807,#58,#831,.T.);
#831 = SURFACE_CURVE('',#832,(#836,#843),.PCURVE_S1.);
#832 = LINE('',#833,#834);
#833 = CARTESIAN_POINT('',(-5.508731482713,16.082719839983,94.));
#834 = VECTOR('',#835,1.);
#835 = DIRECTION('',(0.324043028395,-0.946042343528,0.));
#836 = PCURVE('',#100,#837);
#837 = DEFINITIONAL_REPRESENTATION('',(#838),#842);
#838 = LINE('',#839,#840);
#839 = CARTESIAN_POINT('',(-5.508731482713,16.082719839983));
#840 = VECTOR('',#841,1.);
#841 = DIRECTION('',(0.324043028395,-0.946042343528));
#842 = ( GEOMETRIC_REPRESENTATION_CONTEXT(2) 
PARAMETRIC_REPRESENTATION_CONTEXT() REPRESENTATION_CONTEXT('2D SPACE',''
  ) );
#843 = PCURVE('',#72,#844);
#844 = DEFINITIONAL_REPRESENTATION('',(#845),#849);
#845 = LINE('',#846,#847);
#846 = CARTESIAN_POINT('',(0.,-14.));
#847 = VECTOR('',#848,1.);
#848 = DIRECTION('',(1.,0.));
#849 = ( GEOMETRIC_REPRESENTATION_CONTEXT(2) 
PARAMETRIC_REPRESENTATION_CONTEXT() REPRESENTATION_CONTEXT('2D SPACE',''
  ) );
#850 = ORIENTED_EDGE('',*,*,#83,.F.);
#851 = ORIENTED_EDGE('',*,*,#706,.T.);
#852 = ORIENTED_EDGE('',*,*,#853,.T.);
#853 = EDGE_CURVE('',#707,#854,#856,.T.);
#854 = VERTEX_POINT('',#855);
#855 = CARTESIAN_POINT('',(5.508731482713,-16.08271983998,94.));
#856 = SURFACE_CURVE('',#857,(#862,#869),.PCURVE_S1.);
#857 = CIRCLE('',#858,17.);
#858 = AXIS2_PLACEMENT_3D('',#859,#860,#861);
#859 = CARTESIAN_POINT('',(2.442490654175E-15,1.59872115546E-14,94.));
#860 = DIRECTION('',(0.,0.,1.));
#861 = DIRECTION('',(-0.324043028395,-0.946042343528,0.));
#862 = PCURVE('',#100,#863);
#863 = DEFINITIONAL_REPRESENTATION('',(#864),#868);
#864 = CIRCLE('',#865,17.);
#865 = AXIS2_PLACEMENT_2D('',#866,#867);
#866 = CARTESIAN_POINT('',(2.790883044631E-15,1.523454048433E-14));
#867 = DIRECTION('',(-0.324043028395,-0.946042343528));
#868 = ( GEOMETRIC_REPRESENTATION_CONTEXT(2) 
PARAMETRIC_REPRESENTATION_CONTEXT() REPRESENTATION_CONTEXT('2D SPACE',''
  ) );
#869 = PCURVE('',#207,#870);
#870 = DEFINITIONAL_REPRESENTATION('',(#871),#875);
#871 = LINE('',#872,#873);
#872 = CARTESIAN_POINT('',(-0.,-14.));
#873 = VECTOR('',#874,1.);
#874 = DIRECTION('',(-1.,0.));
#875 = ( GEOMETRIC_REPRESENTATION_CONTEXT(2) 
PARAMETRIC_REPRESENTATION_CONTEXT() REPRESENTATION_CONTEXT('2D SPACE',''
  ) );
#876 = ORIENTED_EDGE('',*,*,#877,.T.);
#877 = EDGE_CURVE('',#854,#756,#878,.T.);
#878 = SURFACE_CURVE('',#879,(#883,#890),.PCURVE_S1.);
#879 = LINE('',#880,#881);
#880 = CARTESIAN_POINT('',(5.508731482713,-16.08271983998,94.));
#881 = VECTOR('',#882,1.);
#882 = DIRECTION('',(-0.324043028395,0.946042343528,0.));
#883 = PCURVE('',#100,#884);
#884 = DEFINITIONAL_REPRESENTATION('',(#885),#889);
#885 = LINE('',#886,#887);
#886 = CARTESIAN_POINT('',(5.508731482713,-16.08271983998));
#887 = VECTOR('',#888,1.);
#888 = DIRECTION('',(-0.324043028395,0.946042343528));
#889 = ( GEOMETRIC_REPRESENTATION_CONTEXT(2) 
PARAMETRIC_REPRESENTATION_CONTEXT() REPRESENTATION_CONTEXT('2D SPACE',''
  ) );
#890 = PCURVE('',#235,#891);
#891 = DEFINITIONAL_REPRESENTATION('',(#892),#896);
#892 = LINE('',#893,#894);
#893 = CARTESIAN_POINT('',(0.,-14.));
#894 = VECTOR('',#895,1.);
#895 = DIRECTION('',(1.,0.));
#896 = ( GEOMETRIC_REPRESENTATION_CONTEXT(2) 
PARAMETRIC_REPRESENTATION_CONTEXT() REPRESENTATION_CONTEXT('2D SPACE',''
  ) );
#897 = FACE_BOUND('',#898,.T.);
#898 = EDGE_LOOP('',(#899));
#899 = ORIENTED_EDGE('',*,*,#900,.T.);
#900 = EDGE_CURVE('',#901,#901,#903,.T.);
#901 = VERTEX_POINT('',#902);
#902 = CARTESIAN_POINT('',(12.,0.,94.));
#903 = SURFACE_CURVE('',#904,(#909,#920),.PCURVE_S1.);
#904 = CIRCLE('',#905,12.);
#905 = AXIS2_PLACEMENT_3D('',#906,#907,#908);
#906 = CARTESIAN_POINT('',(0.,0.,94.));
#907 = DIRECTION('',(0.,0.,-1.));
#908 = DIRECTION('',(1.,0.,0.));
#909 = PCURVE('',#100,#910);
#910 = DEFINITIONAL_REPRESENTATION('',(#911),#919);
#911 = ( BOUNDED_CURVE() B_SPLINE_CURVE(2,(#912,#913,#914,#915,#916,#917
,#918),.UNSPECIFIED.,.T.,.F.) B_SPLINE_CURVE_WITH_KNOTS((1,2,2,2,2,1),(
    -2.094395102393,0.,2.094395102393,4.188790204786,6.28318530718,
8.377580409573),.UNSPECIFIED.) CURVE() GEOMETRIC_REPRESENTATION_ITEM() 
RATIONAL_B_SPLINE_CURVE((1.,0.5,1.,0.5,1.,0.5,1.)) REPRESENTATION_ITEM(
  '') );
#912 = CARTESIAN_POINT('',(12.,-7.526710702698E-16));
#913 = CARTESIAN_POINT('',(12.,-20.78460969082));
#914 = CARTESIAN_POINT('',(-6.,-10.39230484541));
#915 = CARTESIAN_POINT('',(-24.,-3.691823388223E-15));
#916 = CARTESIAN_POINT('',(-6.,10.392304845413));
#917 = CARTESIAN_POINT('',(12.,20.784609690827));
#918 = CARTESIAN_POINT('',(12.,-7.526710702698E-16));
#919 = ( GEOMETRIC_REPRESENTATION_CONTEXT(2) 
PARAMETRIC_REPRESENTATION_CONTEXT() REPRESENTATION_CONTEXT('2D SPACE',''
  ) );
#920 = PCURVE('',#921,#926);
#921 = CYLINDRICAL_SURFACE('',#922,12.);
#922 = AXIS2_PLACEMENT_3D('',#923,#924,#925);
#923 = CARTESIAN_POINT('',(0.,0.,93.99));
#924 = DIRECTION('',(-0.,-0.,-1.));
#925 = DIRECTION('',(1.,0.,0.));
#926 = DEFINITIONAL_REPRESENTATION('',(#927),#931);
#927 = LINE('',#928,#929);
#928 = CARTESIAN_POINT('',(-6.28318530718,-1.000000000001E-02));
#929 = VECTOR('',#930,1.);
#930 = DIRECTION('',(1.,-0.));
#931 = ( GEOMETRIC_REPRESENTATION_CONTEXT(2) 
PARAMETRIC_REPRESENTATION_CONTEXT() REPRESENTATION_CONTEXT('2D SPACE',''
  ) );
#932 = ADVANCED_FACE('',(#933),#72,.F.);
#933 = FACE_BOUND('',#934,.F.);
#934 = EDGE_LOOP('',(#935,#936,#957,#958));
#935 = ORIENTED_EDGE('',*,*,#143,.F.);
#936 = ORIENTED_EDGE('',*,*,#937,.T.);
#937 = EDGE_CURVE('',#144,#807,#938,.T.);
#938 = SURFACE_CURVE('',#939,(#943,#950),.PCURVE_S1.);
#939 = LINE('',#940,#941);
#940 = CARTESIAN_POINT('',(-5.508731482713,16.082719839983,80.));
#941 = VECTOR('',#942,1.);
#942 = DIRECTION('',(0.,0.,1.));
#943 = PCURVE('',#72,#944);
#944 = DEFINITIONAL_REPRESENTATION('',(#945),#949);
#945 = LINE('',#946,#947);
#946 = CARTESIAN_POINT('',(0.,0.));
#947 = VECTOR('',#948,1.);
#948 = DIRECTION('',(0.,-1.));
#949 = ( GEOMETRIC_REPRESENTATION_CONTEXT(2) 
PARAMETRIC_REPRESENTATION_CONTEXT() REPRESENTATION_CONTEXT('2D SPACE',''
  ) );
#950 = PCURVE('',#319,#951);
#951 = DEFINITIONAL_REPRESENTATION('',(#952),#956);
#952 = LINE('',#953,#954);
#953 = CARTESIAN_POINT('',(-0.66,0.));
#954 = VECTOR('',#955,1.);
#955 = DIRECTION('',(-0.,-1.));
#956 = ( GEOMETRIC_REPRESENTATION_CONTEXT(2) 
PARAMETRIC_REPRESENTATION_CONTEXT() REPRESENTATION_CONTEXT('2D SPACE',''
  ) );
#957 = ORIENTED_EDGE('',*,*,#830,.T.);
#958 = ORIENTED_EDGE('',*,*,#57,.T.);
#959 = ADVANCED_FACE('',(#960),#207,.T.);
#960 = FACE_BOUND('',#961,.F.);
#961 = EDGE_LOOP('',(#962,#963,#964,#985));
#962 = ORIENTED_EDGE('',*,*,#729,.T.);
#963 = ORIENTED_EDGE('',*,*,#853,.T.);
#964 = ORIENTED_EDGE('',*,*,#965,.F.);
#965 = EDGE_CURVE('',#191,#854,#966,.T.);
#966 = SURFACE_CURVE('',#967,(#971,#978),.PCURVE_S1.);
#967 = LINE('',#968,#969);
#968 = CARTESIAN_POINT('',(5.508731482713,-16.08271983998,80.));
#969 = VECTOR('',#970,1.);
#970 = DIRECTION('',(0.,0.,1.));
#971 = PCURVE('',#207,#972);
#972 = DEFINITIONAL_REPRESENTATION('',(#973),#977);
#973 = LINE('',#974,#975);
#974 = CARTESIAN_POINT('',(-0.66,0.));
#975 = VECTOR('',#976,1.);
#976 = DIRECTION('',(-0.,-1.));
#977 = ( GEOMETRIC_REPRESENTATION_CONTEXT(2) 
PARAMETRIC_REPRESENTATION_CONTEXT() REPRESENTATION_CONTEXT('2D SPACE',''
  ) );
#978 = PCURVE('',#235,#979);
#979 = DEFINITIONAL_REPRESENTATION('',(#980),#984);
#980 = LINE('',#981,#982);
#981 = CARTESIAN_POINT('',(0.,0.));
#982 = VECTOR('',#983,1.);
#983 = DIRECTION('',(0.,-1.));
#984 = ( GEOMETRIC_REPRESENTATION_CONTEXT(2) 
PARAMETRIC_REPRESENTATION_CONTEXT() REPRESENTATION_CONTEXT('2D SPACE',''
  ) );
#985 = ORIENTED_EDGE('',*,*,#190,.F.);
#986 = ADVANCED_FACE('',(#987),#235,.F.);
#987 = FACE_BOUND('',#988,.F.);
#988 = EDGE_LOOP('',(#989,#990,#991,#992));
#989 = ORIENTED_EDGE('',*,*,#219,.F.);
#990 = ORIENTED_EDGE('',*,*,#965,.T.);
#991 = ORIENTED_EDGE('',*,*,#877,.T.);
#992 = ORIENTED_EDGE('',*,*,#993,.T.);
#993 = EDGE_CURVE('',#756,#220,#994,.T.);
#994 = SURFACE_CURVE('',#995,(#999,#1005),.PCURVE_S1.);
#995 = LINE('',#996,#997);
#996 = CARTESIAN_POINT('',(5.087475545799,-14.85286479339,80.));
#997 = VECTOR('',#998,1.);
#998 = DIRECTION('',(-0.,-0.,-1.));
#999 = PCURVE('',#235,#1000);
#1000 = DEFINITIONAL_REPRESENTATION('',(#1001),#1004);
#1001 = B_SPLINE_CURVE_WITH_KNOTS('',1,(#1002,#1003),.UNSPECIFIED.,.F.,
  .F.,(2,2),(-14.0000006,6.000000070117E-07),.PIECEWISE_BEZIER_KNOTS.);
#1002 = CARTESIAN_POINT('',(1.3,-14.0000006));
#1003 = CARTESIAN_POINT('',(1.3,6.000000070117E-07));
#1004 = ( GEOMETRIC_REPRESENTATION_CONTEXT(2) 
PARAMETRIC_REPRESENTATION_CONTEXT() REPRESENTATION_CONTEXT('2D SPACE',''
  ) );
#1005 = PCURVE('',#264,#1006);
#1006 = DEFINITIONAL_REPRESENTATION('',(#1007),#1010);
#1007 = B_SPLINE_CURVE_WITH_KNOTS('',1,(#1008,#1009),.UNSPECIFIED.,.F.,
  .F.,(2,2),(-14.0000006,6.000000070117E-07),.PIECEWISE_BEZIER_KNOTS.);
#1008 = CARTESIAN_POINT('',(-5.042388980385,-14.0000006));
#1009 = CARTESIAN_POINT('',(-5.042388980385,6.000000070117E-07));
#1010 = ( GEOMETRIC_REPRESENTATION_CONTEXT(2) 
PARAMETRIC_REPRESENTATION_CONTEXT() REPRESENTATION_CONTEXT('2D SPACE',''
  ) );
#1011 = ADVANCED_FACE('',(#1012),#264,.T.);
#1012 = FACE_BOUND('',#1013,.F.);
#1013 = EDGE_LOOP('',(#1014,#1015,#1016,#1017));
#1014 = ORIENTED_EDGE('',*,*,#247,.F.);
#1015 = ORIENTED_EDGE('',*,*,#993,.F.);
#1016 = ORIENTED_EDGE('',*,*,#753,.F.);
#1017 = ORIENTED_EDGE('',*,*,#1018,.T.);
#1018 = EDGE_CURVE('',#754,#248,#1019,.T.);
#1019 = SURFACE_CURVE('',#1020,(#1024,#1030),.PCURVE_S1.);
#1020 = LINE('',#1021,#1022);
#1021 = CARTESIAN_POINT('',(5.087475545799,14.852864793396,80.));
#1022 = VECTOR('',#1023,1.);
#1023 = DIRECTION('',(-0.,-0.,-1.));
#1024 = PCURVE('',#264,#1025);
#1025 = DEFINITIONAL_REPRESENTATION('',(#1026),#1029);
#1026 = B_SPLINE_CURVE_WITH_KNOTS('',1,(#1027,#1028),.UNSPECIFIED.,.F.,
  .F.,(2,2),(-14.,0.),.PIECEWISE_BEZIER_KNOTS.);
#1027 = CARTESIAN_POINT('',(-7.523981633974,-14.));
#1028 = CARTESIAN_POINT('',(-7.523981633974,0.));
#1029 = ( GEOMETRIC_REPRESENTATION_CONTEXT(2) 
PARAMETRIC_REPRESENTATION_CONTEXT() REPRESENTATION_CONTEXT('2D SPACE',''
  ) );
#1030 = PCURVE('',#292,#1031);
#1031 = DEFINITIONAL_REPRESENTATION('',(#1032),#1035);
#1032 = B_SPLINE_CURVE_WITH_KNOTS('',1,(#1033,#1034),.UNSPECIFIED.,.F.,
  .F.,(2,2),(-14.0000006,6.000000070117E-07),.PIECEWISE_BEZIER_KNOTS.);
#1033 = CARTESIAN_POINT('',(0.7,-14.0000006));
#1034 = CARTESIAN_POINT('',(0.7,6.000000070117E-07));
#1035 = ( GEOMETRIC_REPRESENTATION_CONTEXT(2) 
PARAMETRIC_REPRESENTATION_CONTEXT() REPRESENTATION_CONTEXT('2D SPACE',''
  ) );
#1036 = ADVANCED_FACE('',(#1037),#292,.F.);
#1037 = FACE_BOUND('',#1038,.F.);
#1038 = EDGE_LOOP('',(#1039,#1040,#1041,#1042));
#1039 = ORIENTED_EDGE('',*,*,#276,.F.);
#1040 = ORIENTED_EDGE('',*,*,#1018,.F.);
#1041 = ORIENTED_EDGE('',*,*,#783,.T.);
#1042 = ORIENTED_EDGE('',*,*,#1043,.F.);
#1043 = EDGE_CURVE('',#277,#784,#1044,.T.);
#1044 = SURFACE_CURVE('',#1045,(#1049,#1056),.PCURVE_S1.);
#1045 = LINE('',#1046,#1047);
#1046 = CARTESIAN_POINT('',(5.508731482713,16.082719839983,80.));
#1047 = VECTOR('',#1048,1.);
#1048 = DIRECTION('',(0.,0.,1.));
#1049 = PCURVE('',#292,#1050);
#1050 = DEFINITIONAL_REPRESENTATION('',(#1051),#1055);
#1051 = LINE('',#1052,#1053);
#1052 = CARTESIAN_POINT('',(2.,0.));
#1053 = VECTOR('',#1054,1.);
#1054 = DIRECTION('',(0.,-1.));
#1055 = ( GEOMETRIC_REPRESENTATION_CONTEXT(2) 
PARAMETRIC_REPRESENTATION_CONTEXT() REPRESENTATION_CONTEXT('2D SPACE',''
  ) );
#1056 = PCURVE('',#319,#1057);
#1057 = DEFINITIONAL_REPRESENTATION('',(#1058),#1062);
#1058 = LINE('',#1059,#1060);
#1059 = CARTESIAN_POINT('',(-0.,0.));
#1060 = VECTOR('',#1061,1.);
#1061 = DIRECTION('',(-0.,-1.));
#1062 = ( GEOMETRIC_REPRESENTATION_CONTEXT(2) 
PARAMETRIC_REPRESENTATION_CONTEXT() REPRESENTATION_CONTEXT('2D SPACE',''
  ) );
#1063 = ADVANCED_FACE('',(#1064),#319,.T.);
#1064 = FACE_BOUND('',#1065,.F.);
#1065 = EDGE_LOOP('',(#1066,#1067,#1068,#1069));
#1066 = ORIENTED_EDGE('',*,*,#1043,.T.);
#1067 = ORIENTED_EDGE('',*,*,#806,.T.);
#1068 = ORIENTED_EDGE('',*,*,#937,.F.);
#1069 = ORIENTED_EDGE('',*,*,#304,.F.);
#1070 = ADVANCED_FACE('',(#1071),#349,.T.);
#1071 = FACE_BOUND('',#1072,.T.);
#1072 = EDGE_LOOP('',(#1073,#1099,#1100,#1180));
#1073 = ORIENTED_EDGE('',*,*,#1074,.F.);
#1074 = EDGE_CURVE('',#334,#1075,#1077,.T.);
#1075 = VERTEX_POINT('',#1076);
#1076 = CARTESIAN_POINT('',(3.559030892692,1.825732484475,94.));
#1077 = SURFACE_CURVE('',#1078,(#1086,#1093),.PCURVE_S1.);
#1078 = B_SPLINE_CURVE_WITH_KNOTS('',6,(#1079,#1080,#1081,#1082,#1083,
    #1084,#1085),.UNSPECIFIED.,.F.,.F.,(7,7),(0.,14.),
  .PIECEWISE_BEZIER_KNOTS.);
#1079 = CARTESIAN_POINT('',(-2.460289630065,3.153882517818,80.));
#1080 = CARTESIAN_POINT('',(-1.535522976227,3.875277115052,
    82.333333333333));
#1081 = CARTESIAN_POINT('',(-0.357182926492,4.271317220093,
    84.666666666666));
#1082 = CARTESIAN_POINT('',(0.93338280644,4.230192479273,87.000000000001
    ));
#1083 = CARTESIAN_POINT('',(2.121424548163,3.724417850361,
    89.333333333333));
#1084 = CARTESIAN_POINT('',(3.023698168365,2.869294846404,
    91.666666666667));
#1085 = CARTESIAN_POINT('',(3.559030892692,1.825732484475,94.));
#1086 = PCURVE('',#349,#1087);
#1087 = DEFINITIONAL_REPRESENTATION('',(#1088),#1092);
#1088 = LINE('',#1089,#1090);
#1089 = CARTESIAN_POINT('',(0.,0.));
#1090 = VECTOR('',#1091,1.);
#1091 = DIRECTION('',(0.,1.));
#1092 = ( GEOMETRIC_REPRESENTATION_CONTEXT(2) 
PARAMETRIC_REPRESENTATION_CONTEXT() REPRESENTATION_CONTEXT('2D SPACE',''
  ) );
#1093 = PCURVE('',#644,#1094);
#1094 = DEFINITIONAL_REPRESENTATION('',(#1095),#1098);
#1095 = B_SPLINE_CURVE_WITH_KNOTS('',1,(#1096,#1097),.UNSPECIFIED.,.F.,
  .F.,(2,2),(0.,14.),.PIECEWISE_BEZIER_KNOTS.);
#1096 = CARTESIAN_POINT('',(0.56,0.));
#1097 = CARTESIAN_POINT('',(0.56,14.));
#1098 = ( GEOMETRIC_REPRESENTATION_CONTEXT(2) 
PARAMETRIC_REPRESENTATION_CONTEXT() REPRESENTATION_CONTEXT('2D SPACE',''
  ) );
#1099 = ORIENTED_EDGE('',*,*,#333,.T.);
#1100 = ORIENTED_EDGE('',*,*,#1101,.T.);
#1101 = EDGE_CURVE('',#336,#1102,#1104,.T.);
#1102 = VERTEX_POINT('',#1103);
#1103 = CARTESIAN_POINT('',(4.671228046658,2.396273885873,94.));
#1104 = SURFACE_CURVE('',#1105,(#1128,#1154),.PCURVE_S1.);
#1105 = B_SPLINE_CURVE_WITH_KNOTS('',6,(#1106,#1107,#1108,#1109,#1110,
    #1111,#1112,#1113,#1114,#1115,#1116,#1117,#1118,#1119,#1120,#1121,
    #1122,#1123,#1124,#1125,#1126,#1127),.UNSPECIFIED.,.F.,.F.,(7,5,5,5,
    7),(0.,0.249092678351,0.499069743648,0.749069750999,1.),
  .UNSPECIFIED.);
#1106 = CARTESIAN_POINT('',(-3.22913013946,4.139470804636,80.));
#1107 = CARTESIAN_POINT('',(-2.926793388286,4.375318515987,
    80.581214250548));
#1108 = CARTESIAN_POINT('',(-2.603792317262,4.584662756103,
    81.162438358458));
#1109 = CARTESIAN_POINT('',(-2.263024567985,4.765246838458,
    81.743653246124));
#1110 = CARTESIAN_POINT('',(-1.907714126663,4.915233769214,
    82.324865485284));
#1111 = CARTESIAN_POINT('',(-1.541330547451,5.033273056721,
    82.906084849214));
#1112 = CARTESIAN_POINT('',(-0.792296538952,5.20411852879,84.0705738134)
  );
#1113 = CARTESIAN_POINT('',(-0.409584022864,5.256693762887,
    84.653856810558));
#1114 = CARTESIAN_POINT('',(-2.298290509968E-02,5.275436809327,
    85.237132801981));
#1115 = CARTESIAN_POINT('',(0.363760739862,5.260061591829,
    85.820410227464));
#1116 = CARTESIAN_POINT('',(0.746901862604,5.210826222179,
    86.403696736942));
#1117 = CARTESIAN_POINT('',(1.498733233731,5.046226132926,
    87.570309231471));
#1118 = CARTESIAN_POINT('',(1.867430818846,4.930853443174,
    88.153649295538));
#1119 = CARTESIAN_POINT('',(2.225250926414,4.783207012101,
    88.736980299476));
#1120 = CARTESIAN_POINT('',(2.568682401069,4.604617551995,89.3203098719)
  );
#1121 = CARTESIAN_POINT('',(2.89444062553,4.396910747213,89.903646428367
    ));
#1122 = CARTESIAN_POINT('',(3.505820897514,3.926949804678,
    91.072476559218));
#1123 = CARTESIAN_POINT('',(3.791296459437,3.664489788248,
    91.657983781623));
#1124 = CARTESIAN_POINT('',(4.052993367423,3.377287781987,
    92.243483562355));
#1125 = CARTESIAN_POINT('',(4.288268620338,3.068083528079,
    92.828986048033));
#1126 = CARTESIAN_POINT('',(4.494918988998,2.739965740079,
    93.414498104664));
#1127 = CARTESIAN_POINT('',(4.671228046658,2.396273885873,94.));
#1128 = PCURVE('',#349,#1129);
#1129 = DEFINITIONAL_REPRESENTATION('',(#1130),#1153);
#1130 = B_SPLINE_CURVE_WITH_KNOTS('',6,(#1131,#1132,#1133,#1134,#1135,
    #1136,#1137,#1138,#1139,#1140,#1141,#1142,#1143,#1144,#1145,#1146,
    #1147,#1148,#1149,#1150,#1151,#1152),.UNSPECIFIED.,.F.,.F.,(7,5,5,5,
    7),(0.,0.249092678351,0.499069743648,0.749069750999,1.),
  .UNSPECIFIED.);
#1131 = CARTESIAN_POINT('',(1.25,0.));
#1132 = CARTESIAN_POINT('',(1.25,0.581214250547));
#1133 = CARTESIAN_POINT('',(1.249985162112,1.162438358458));
#1134 = CARTESIAN_POINT('',(1.249984877763,1.743653246123));
#1135 = CARTESIAN_POINT('',(1.249989362553,2.324865485284));
#1136 = CARTESIAN_POINT('',(1.249994639602,2.906084849214));
#1137 = CARTESIAN_POINT('',(1.250002420189,4.0705738134));
#1138 = CARTESIAN_POINT('',(1.250004981909,4.653856810558));
#1139 = CARTESIAN_POINT('',(1.25000405226,5.237132801981));
#1140 = CARTESIAN_POINT('',(1.250001700132,5.820410227464));
#1141 = CARTESIAN_POINT('',(1.250000633407,6.403696736942));
#1142 = CARTESIAN_POINT('',(1.250000592908,7.570309231471));
#1143 = CARTESIAN_POINT('',(1.250001615472,8.153649295538));
#1144 = CARTESIAN_POINT('',(1.250003979777,8.736980299476));
#1145 = CARTESIAN_POINT('',(1.250004990319,9.3203098719));
#1146 = CARTESIAN_POINT('',(1.250002540134,9.903646428367));
#1147 = CARTESIAN_POINT('',(1.249994833097,11.072476559218));
#1148 = CARTESIAN_POINT('',(1.249989500209,11.657983781623));
#1149 = CARTESIAN_POINT('',(1.249984870168,12.243483562354));
#1150 = CARTESIAN_POINT('',(1.24998494383,12.828986048033));
#1151 = CARTESIAN_POINT('',(1.25,13.414498104664));
#1152 = CARTESIAN_POINT('',(1.25,14.));
#1153 = ( GEOMETRIC_REPRESENTATION_CONTEXT(2) 
PARAMETRIC_REPRESENTATION_CONTEXT() REPRESENTATION_CONTEXT('2D SPACE',''
  ) );
#1154 = PCURVE('',#388,#1155);
#1155 = DEFINITIONAL_REPRESENTATION('',(#1156),#1179);
#1156 = B_SPLINE_CURVE_WITH_KNOTS('',6,(#1157,#1158,#1159,#1160,#1161,
    #1162,#1163,#1164,#1165,#1166,#1167,#1168,#1169,#1170,#1171,#1172,
    #1173,#1174,#1175,#1176,#1177,#1178),.UNSPECIFIED.,.F.,.F.,(7,5,5,5,
    7),(0.,0.249092678351,0.499069743648,0.749069750999,1.),
  .UNSPECIFIED.);
#1157 = CARTESIAN_POINT('',(-8.516459430051,-1.));
#1158 = CARTESIAN_POINT('',(-8.443421893264,-1.581214250548));
#1159 = CARTESIAN_POINT('',(-8.370385945818,-2.162438358458));
#1160 = CARTESIAN_POINT('',(-8.297349844067,-2.743653246123));
#1161 = CARTESIAN_POINT('',(-8.224311845765,-3.324865485284));
#1162 = CARTESIAN_POINT('',(-8.151272072158,-3.906084849214));
#1163 = CARTESIAN_POINT('',(-8.004934764637,-5.0705738134));
#1164 = CARTESIAN_POINT('',(-7.931635511438,-5.653856810559));
#1165 = CARTESIAN_POINT('',(-7.858338196057,-6.237132801981));
#1166 = CARTESIAN_POINT('',(-7.785042028244,-6.820410227464));
#1167 = CARTESIAN_POINT('',(-7.711745622452,-7.403696736942));
#1168 = CARTESIAN_POINT('',(-7.565147790739,-8.570309231471));
#1169 = CARTESIAN_POINT('',(-7.491844676962,-9.153649295538));
#1170 = CARTESIAN_POINT('',(-7.418541822169,-9.736980299476));
#1171 = CARTESIAN_POINT('',(-7.345237821632,-10.3203098719));
#1172 = CARTESIAN_POINT('',(-7.271931863852,-10.90364642836));
#1173 = CARTESIAN_POINT('',(-7.125049014582,-12.07247655921));
#1174 = CARTESIAN_POINT('',(-7.051470373607,-12.65798378162));
#1175 = CARTESIAN_POINT('',(-6.977893534213,-13.24348356235));
#1176 = CARTESIAN_POINT('',(-6.904318626792,-13.82898604803));
#1177 = CARTESIAN_POINT('',(-6.830743882163,-14.41449810466));
#1178 = CARTESIAN_POINT('',(-6.757167544041,-15.));
#1179 = ( GEOMETRIC_REPRESENTATION_CONTEXT(2) 
PARAMETRIC_REPRESENTATION_CONTEXT() REPRESENTATION_CONTEXT('2D SPACE',''
  ) );
#1180 = ORIENTED_EDGE('',*,*,#1181,.F.);
#1181 = EDGE_CURVE('',#1075,#1102,#1182,.T.);
#1182 = SURFACE_CURVE('',#1183,(#1186,#1193),.PCURVE_S1.);
#1183 = B_SPLINE_CURVE_WITH_KNOTS('',1,(#1184,#1185),.UNSPECIFIED.,.F.,
  .F.,(2,2),(0.,1.4),.PIECEWISE_BEZIER_KNOTS.);
#1184 = CARTESIAN_POINT('',(3.559030892692,1.825732484475,94.));
#1185 = CARTESIAN_POINT('',(4.804691705134,2.464738854041,94.));
#1186 = PCURVE('',#349,#1187);
#1187 = DEFINITIONAL_REPRESENTATION('',(#1188),#1192);
#1188 = LINE('',#1189,#1190);
#1189 = CARTESIAN_POINT('',(0.,14.));
#1190 = VECTOR('',#1191,1.);
#1191 = DIRECTION('',(1.,0.));
#1192 = ( GEOMETRIC_REPRESENTATION_CONTEXT(2) 
PARAMETRIC_REPRESENTATION_CONTEXT() REPRESENTATION_CONTEXT('2D SPACE',''
  ) );
#1193 = PCURVE('',#1194,#1199);
#1194 = PLANE('',#1195);
#1195 = AXIS2_PLACEMENT_3D('',#1196,#1197,#1198);
#1196 = CARTESIAN_POINT('',(-3.483923904559E-16,7.526710702698E-16,94.)
  );
#1197 = DIRECTION('',(0.,0.,1.));
#1198 = DIRECTION('',(1.,0.,-0.));
#1199 = DEFINITIONAL_REPRESENTATION('',(#1200),#1203);
#1200 = B_SPLINE_CURVE_WITH_KNOTS('',1,(#1201,#1202),.UNSPECIFIED.,.F.,
  .F.,(2,2),(0.,1.4),.PIECEWISE_BEZIER_KNOTS.);
#1201 = CARTESIAN_POINT('',(3.559030892692,1.825732484475));
#1202 = CARTESIAN_POINT('',(4.804691705134,2.464738854041));
#1203 = ( GEOMETRIC_REPRESENTATION_CONTEXT(2) 
PARAMETRIC_REPRESENTATION_CONTEXT() REPRESENTATION_CONTEXT('2D SPACE',''
  ) );
#1204 = ADVANCED_FACE('',(#1205),#388,.F.);
#1205 = FACE_BOUND('',#1206,.T.);
#1206 = EDGE_LOOP('',(#1207,#1235,#1236,#1237));
#1207 = ORIENTED_EDGE('',*,*,#1208,.F.);
#1208 = EDGE_CURVE('',#1102,#1209,#1211,.T.);
#1209 = VERTEX_POINT('',#1210);
#1210 = CARTESIAN_POINT('',(-2.684854222626,-4.51154716292,94.));
#1211 = SURFACE_CURVE('',#1212,(#1217,#1224),.PCURVE_S1.);
#1212 = CIRCLE('',#1213,5.25);
#1213 = AXIS2_PLACEMENT_3D('',#1214,#1215,#1216);
#1214 = CARTESIAN_POINT('',(0.,0.,94.));
#1215 = DIRECTION('',(0.,0.,-1.));
#1216 = DIRECTION('',(0.889757723173,0.456433121119,0.));
#1217 = PCURVE('',#388,#1218);
#1218 = DEFINITIONAL_REPRESENTATION('',(#1219),#1223);
#1219 = LINE('',#1220,#1221);
#1220 = CARTESIAN_POINT('',(-6.757167544041,-15.));
#1221 = VECTOR('',#1222,1.);
#1222 = DIRECTION('',(1.,-0.));
#1223 = ( GEOMETRIC_REPRESENTATION_CONTEXT(2) 
PARAMETRIC_REPRESENTATION_CONTEXT() REPRESENTATION_CONTEXT('2D SPACE',''
  ) );
#1224 = PCURVE('',#1194,#1225);
#1225 = DEFINITIONAL_REPRESENTATION('',(#1226),#1234);
#1226 = ( BOUNDED_CURVE() B_SPLINE_CURVE(2,(#1227,#1228,#1229,#1230,
#1231,#1232,#1233),.UNSPECIFIED.,.T.,.F.) B_SPLINE_CURVE_WITH_KNOTS((1,2
    ,2,2,2,1),(-2.094395102393,0.,2.094395102393,4.188790204786,
6.28318530718,8.377580409573),.UNSPECIFIED.) CURVE() 
GEOMETRIC_REPRESENTATION_ITEM() RATIONAL_B_SPLINE_CURVE((1.,0.5,1.,0.5,
1.,0.5,1.)) REPRESENTATION_ITEM('') );
#1227 = CARTESIAN_POINT('',(4.671228046658,2.396273885873));
#1228 = CARTESIAN_POINT('',(8.821696165841,-5.694530424679));
#1229 = CARTESIAN_POINT('',(-0.260379963737,-5.243539098213));
#1230 = CARTESIAN_POINT('',(-9.342456093315,-4.792547771747));
#1231 = CARTESIAN_POINT('',(-4.41084808292,2.847265212339));
#1232 = CARTESIAN_POINT('',(0.520759927475,10.487078196425));
#1233 = CARTESIAN_POINT('',(4.671228046658,2.396273885873));
#1234 = ( GEOMETRIC_REPRESENTATION_CONTEXT(2) 
PARAMETRIC_REPRESENTATION_CONTEXT() REPRESENTATION_CONTEXT('2D SPACE',''
  ) );
#1235 = ORIENTED_EDGE('',*,*,#1101,.F.);
#1236 = ORIENTED_EDGE('',*,*,#371,.F.);
#1237 = ORIENTED_EDGE('',*,*,#1238,.T.);
#1238 = EDGE_CURVE('',#372,#1209,#1239,.T.);
#1239 = SURFACE_CURVE('',#1240,(#1263,#1289),.PCURVE_S1.);
#1240 = B_SPLINE_CURVE_WITH_KNOTS('',6,(#1241,#1242,#1243,#1244,#1245,
    #1246,#1247,#1248,#1249,#1250,#1251,#1252,#1253,#1254,#1255,#1256,
    #1257,#1258,#1259,#1260,#1261,#1262),.UNSPECIFIED.,.F.,.F.,(7,5,5,5,
    7),(0.,0.249092658678,0.499069716611,0.749069723964,1.),
  .UNSPECIFIED.);
#1241 = CARTESIAN_POINT('',(4.934726772904,-1.791918434747,80.));
#1242 = CARTESIAN_POINT('',(4.803849474644,-2.15233869449,80.58121420464
    ));
#1243 = CARTESIAN_POINT('',(4.641385952648,-2.501280356073,
    81.162438266636));
#1244 = CARTESIAN_POINT('',(4.448592527534,-2.835292243907,
    81.743653108399));
#1245 = CARTESIAN_POINT('',(4.227224951871,-3.151105419348,
    82.324865301647));
#1246 = CARTESIAN_POINT('',(3.97950546002,-3.445732692834,
    82.906084619669));
#1247 = CARTESIAN_POINT('',(3.43563337299,-3.98835890875,84.070573520755
    ));
#1248 = CARTESIAN_POINT('',(3.139305494408,-4.236195154528,
    84.653856500722));
#1249 = CARTESIAN_POINT('',(2.821711787304,-4.457432480319,
    85.237132474953));
#1250 = CARTESIAN_POINT('',(2.485874172303,-4.649838643553,
    85.820409883245));
#1251 = CARTESIAN_POINT('',(2.135102766711,-4.811643012211,
    86.403696375531));
#1252 = CARTESIAN_POINT('',(1.410676522355,-5.07154722346,
    87.570308852869));
#1253 = CARTESIAN_POINT('',(1.037011233204,-5.169644208593,
    88.153648916935));
#1254 = CARTESIAN_POINT('',(0.65541857498,-5.234619135876,
    88.736979920874));
#1255 = CARTESIAN_POINT('',(0.269580247977,-5.265734380654,
    89.320309493298));
#1256 = CARTESIAN_POINT('',(-0.116751060705,-5.262792019783,
    89.903646049765));
#1257 = CARTESIAN_POINT('',(-0.88438293207,-5.189372003964,
    91.072476243691));
#1258 = CARTESIAN_POINT('',(-1.265668743356,-5.118642098802,
    91.657983529249));
#1259 = CARTESIAN_POINT('',(-1.639950571724,-5.014318515976,
    92.243483373085));
#1260 = CARTESIAN_POINT('',(-2.003533806486,-4.87731859054,
    92.828985921827));
#1261 = CARTESIAN_POINT('',(-2.352911067315,-4.709088926316,
    93.414498041521));
#1262 = CARTESIAN_POINT('',(-2.684854222626,-4.51154716292,94.));
#1263 = PCURVE('',#388,#1264);
#1264 = DEFINITIONAL_REPRESENTATION('',(#1265),#1288);
#1265 = B_SPLINE_CURVE_WITH_KNOTS('',6,(#1266,#1267,#1268,#1269,#1270,
    #1271,#1272,#1273,#1274,#1275,#1276,#1277,#1278,#1279,#1280,#1281,
    #1282,#1283,#1284,#1285,#1286,#1287),.UNSPECIFIED.,.F.,.F.,(7,5,5,5,
    7),(0.,0.249092658678,0.499069716611,0.749069723964,1.),
  .UNSPECIFIED.);
#1266 = CARTESIAN_POINT('',(-5.934866776462,-1.));
#1267 = CARTESIAN_POINT('',(-5.861829245443,-1.58121420464));
#1268 = CARTESIAN_POINT('',(-5.788793303766,-2.162438266636));
#1269 = CARTESIAN_POINT('',(-5.715757207784,-2.743653108399));
#1270 = CARTESIAN_POINT('',(-5.642719215252,-3.324865301647));
#1271 = CARTESIAN_POINT('',(-5.569679447415,-3.906084619669));
#1272 = CARTESIAN_POINT('',(-5.423342147823,-5.070573520755));
#1273 = CARTESIAN_POINT('',(-5.350042896784,-5.653856500722));
#1274 = CARTESIAN_POINT('',(-5.276745583563,-6.237132474953));
#1275 = CARTESIAN_POINT('',(-5.20344941791,-6.820409883245));
#1276 = CARTESIAN_POINT('',(-5.130153014277,-7.403696375531));
#1277 = CARTESIAN_POINT('',(-4.983555184725,-8.570308852869));
#1278 = CARTESIAN_POINT('',(-4.910252070948,-9.153648916935));
#1279 = CARTESIAN_POINT('',(-4.836949216156,-9.736979920874));
#1280 = CARTESIAN_POINT('',(-4.763645215619,-10.32030949329));
#1281 = CARTESIAN_POINT('',(-4.690339257839,-10.90364604976));
#1282 = CARTESIAN_POINT('',(-4.543456400643,-12.07247624369));
#1283 = CARTESIAN_POINT('',(-4.469877751732,-12.65798352924));
#1284 = CARTESIAN_POINT('',(-4.396300904407,-13.24348337308));
#1285 = CARTESIAN_POINT('',(-4.322725989061,-13.82898592182));
#1286 = CARTESIAN_POINT('',(-4.249151236508,-14.41449804152));
#1287 = CARTESIAN_POINT('',(-4.175574890451,-15.));
#1288 = ( GEOMETRIC_REPRESENTATION_CONTEXT(2) 
PARAMETRIC_REPRESENTATION_CONTEXT() REPRESENTATION_CONTEXT('2D SPACE',''
  ) );
#1289 = PCURVE('',#414,#1290);
#1290 = DEFINITIONAL_REPRESENTATION('',(#1291),#1314);
#1291 = B_SPLINE_CURVE_WITH_KNOTS('',6,(#1292,#1293,#1294,#1295,#1296,
    #1297,#1298,#1299,#1300,#1301,#1302,#1303,#1304,#1305,#1306,#1307,
    #1308,#1309,#1310,#1311,#1312,#1313),.UNSPECIFIED.,.F.,.F.,(7,5,5,5,
    7),(0.,0.249092658678,0.499069716611,0.749069723964,1.),
  .UNSPECIFIED.);
#1292 = CARTESIAN_POINT('',(0.15,0.));
#1293 = CARTESIAN_POINT('',(0.15,0.58121420464));
#1294 = CARTESIAN_POINT('',(0.150014837886,1.162438266636));
#1295 = CARTESIAN_POINT('',(0.150015122237,1.743653108398));
#1296 = CARTESIAN_POINT('',(0.150010637449,2.324865301647));
#1297 = CARTESIAN_POINT('',(0.1500053604,2.906084619669));
#1298 = CARTESIAN_POINT('',(0.149997579812,4.070573520755));
#1299 = CARTESIAN_POINT('',(0.149995018091,4.653856500722));
#1300 = CARTESIAN_POINT('',(0.149995947739,5.237132474953));
#1301 = CARTESIAN_POINT('',(0.149998299867,5.820409883245));
#1302 = CARTESIAN_POINT('',(0.149999366593,6.403696375531));
#1303 = CARTESIAN_POINT('',(0.149999407092,7.570308852869));
#1304 = CARTESIAN_POINT('',(0.149998384529,8.153648916935));
#1305 = CARTESIAN_POINT('',(0.149996020224,8.736979920874));
#1306 = CARTESIAN_POINT('',(0.149995009681,9.320309493298));
#1307 = CARTESIAN_POINT('',(0.149997459864,9.903646049765));
#1308 = CARTESIAN_POINT('',(0.1500051669,11.072476243691));
#1309 = CARTESIAN_POINT('',(0.150010499789,11.657983529249));
#1310 = CARTESIAN_POINT('',(0.150015129832,12.243483373085));
#1311 = CARTESIAN_POINT('',(0.150015056173,12.828985921827));
#1312 = CARTESIAN_POINT('',(0.15,13.414498041521));
#1313 = CARTESIAN_POINT('',(0.15,14.));
#1314 = ( GEOMETRIC_REPRESENTATION_CONTEXT(2) 
PARAMETRIC_REPRESENTATION_CONTEXT() REPRESENTATION_CONTEXT('2D SPACE',''
  ) );
#1315 = ADVANCED_FACE('',(#1316),#414,.T.);
#1316 = FACE_BOUND('',#1317,.T.);
#1317 = EDGE_LOOP('',(#1318,#1319,#1320,#1346));
#1318 = ORIENTED_EDGE('',*,*,#1238,.F.);
#1319 = ORIENTED_EDGE('',*,*,#400,.T.);
#1320 = ORIENTED_EDGE('',*,*,#1321,.T.);
#1321 = EDGE_CURVE('',#401,#1322,#1324,.T.);
#1322 = VERTEX_POINT('',#1323);
#1323 = CARTESIAN_POINT('',(-2.045603217239,-3.437369266986,94.));
#1324 = SURFACE_CURVE('',#1325,(#1333,#1340),.PCURVE_S1.);
#1325 = B_SPLINE_CURVE_WITH_KNOTS('',6,(#1326,#1327,#1328,#1329,#1330,
    #1331,#1332),.UNSPECIFIED.,.F.,.F.,(7,7),(0.,14.),
  .PIECEWISE_BEZIER_KNOTS.);
#1326 = CARTESIAN_POINT('',(3.759791826974,-1.365271188379,80.));
#1327 = CARTESIAN_POINT('',(3.359473406321,-2.467699730759,
    82.333333333333));
#1328 = CARTESIAN_POINT('',(2.571489814293,-3.429164704798,
    84.666666666666));
#1329 = CARTESIAN_POINT('',(1.45620650625,-4.079852262792,
    87.000000000001));
#1330 = CARTESIAN_POINT('',(0.180971566342,-4.282403499183,
    89.333333333333));
#1331 = CARTESIAN_POINT('',(-1.037713907134,-4.037171457334,
    91.666666666667));
#1332 = CARTESIAN_POINT('',(-2.045603217239,-3.437369266986,94.));
#1333 = PCURVE('',#414,#1334);
#1334 = DEFINITIONAL_REPRESENTATION('',(#1335),#1339);
#1335 = LINE('',#1336,#1337);
#1336 = CARTESIAN_POINT('',(1.4,0.));
#1337 = VECTOR('',#1338,1.);
#1338 = DIRECTION('',(0.,1.));
#1339 = ( GEOMETRIC_REPRESENTATION_CONTEXT(2) 
PARAMETRIC_REPRESENTATION_CONTEXT() REPRESENTATION_CONTEXT('2D SPACE',''
  ) );
#1340 = PCURVE('',#460,#1341);
#1341 = DEFINITIONAL_REPRESENTATION('',(#1342),#1345);
#1342 = B_SPLINE_CURVE_WITH_KNOTS('',1,(#1343,#1344),.UNSPECIFIED.,.F.,
  .F.,(2,2),(0.,14.),.PIECEWISE_BEZIER_KNOTS.);
#1343 = CARTESIAN_POINT('',(0.,0.));
#1344 = CARTESIAN_POINT('',(0.,14.));
#1345 = ( GEOMETRIC_REPRESENTATION_CONTEXT(2) 
PARAMETRIC_REPRESENTATION_CONTEXT() REPRESENTATION_CONTEXT('2D SPACE',''
  ) );
#1346 = ORIENTED_EDGE('',*,*,#1347,.F.);
#1347 = EDGE_CURVE('',#1209,#1322,#1348,.T.);
#1348 = SURFACE_CURVE('',#1349,(#1352,#1359),.PCURVE_S1.);
#1349 = B_SPLINE_CURVE_WITH_KNOTS('',1,(#1350,#1351),.UNSPECIFIED.,.F.,
  .F.,(2,2),(0.,1.4),.PIECEWISE_BEZIER_KNOTS.);
#1350 = CARTESIAN_POINT('',(-2.761564343272,-4.640448510432,94.));
#1351 = CARTESIAN_POINT('',(-2.045603217239,-3.437369266986,94.));
#1352 = PCURVE('',#414,#1353);
#1353 = DEFINITIONAL_REPRESENTATION('',(#1354),#1358);
#1354 = LINE('',#1355,#1356);
#1355 = CARTESIAN_POINT('',(0.,14.));
#1356 = VECTOR('',#1357,1.);
#1357 = DIRECTION('',(1.,0.));
#1358 = ( GEOMETRIC_REPRESENTATION_CONTEXT(2) 
PARAMETRIC_REPRESENTATION_CONTEXT() REPRESENTATION_CONTEXT('2D SPACE',''
  ) );
#1359 = PCURVE('',#1194,#1360);
#1360 = DEFINITIONAL_REPRESENTATION('',(#1361),#1364);
#1361 = B_SPLINE_CURVE_WITH_KNOTS('',1,(#1362,#1363),.UNSPECIFIED.,.F.,
  .F.,(2,2),(0.,1.4),.PIECEWISE_BEZIER_KNOTS.);
#1362 = CARTESIAN_POINT('',(-2.761564343272,-4.640448510432));
#1363 = CARTESIAN_POINT('',(-2.045603217239,-3.437369266986));
#1364 = ( GEOMETRIC_REPRESENTATION_CONTEXT(2) 
PARAMETRIC_REPRESENTATION_CONTEXT() REPRESENTATION_CONTEXT('2D SPACE',''
  ) );
#1365 = ADVANCED_FACE('',(#1366),#460,.T.);
#1366 = FACE_BOUND('',#1367,.T.);
#1367 = EDGE_LOOP('',(#1368,#1369,#1370,#1396));
#1368 = ORIENTED_EDGE('',*,*,#1321,.F.);
#1369 = ORIENTED_EDGE('',*,*,#436,.T.);
#1370 = ORIENTED_EDGE('',*,*,#1371,.T.);
#1371 = EDGE_CURVE('',#437,#1372,#1374,.T.);
#1372 = VERTEX_POINT('',#1373);
#1373 = CARTESIAN_POINT('',(-3.559030892692,-1.825732484475,94.));
#1374 = SURFACE_CURVE('',#1375,(#1383,#1389),.PCURVE_S1.);
#1375 = B_SPLINE_CURVE_WITH_KNOTS('',6,(#1376,#1377,#1378,#1379,#1380,
    #1381,#1382),.UNSPECIFIED.,.F.,.F.,(7,7),(0.,14.),
  .PIECEWISE_BEZIER_KNOTS.);
#1376 = CARTESIAN_POINT('',(2.460289630065,-3.153882517818,80.));
#1377 = CARTESIAN_POINT('',(1.535522976227,-3.875277115052,
    82.333333333333));
#1378 = CARTESIAN_POINT('',(0.357182926492,-4.271317220093,
    84.666666666666));
#1379 = CARTESIAN_POINT('',(-0.93338280644,-4.230192479273,
    87.000000000001));
#1380 = CARTESIAN_POINT('',(-2.121424548163,-3.724417850361,
    89.333333333333));
#1381 = CARTESIAN_POINT('',(-3.023698168365,-2.869294846404,
    91.666666666667));
#1382 = CARTESIAN_POINT('',(-3.559030892692,-1.825732484475,94.));
#1383 = PCURVE('',#460,#1384);
#1384 = DEFINITIONAL_REPRESENTATION('',(#1385),#1388);
#1385 = B_SPLINE_CURVE_WITH_KNOTS('',1,(#1386,#1387),.UNSPECIFIED.,.F.,
  .F.,(2,2),(0.,14.),.PIECEWISE_BEZIER_KNOTS.);
#1386 = CARTESIAN_POINT('',(0.56,0.));
#1387 = CARTESIAN_POINT('',(0.56,14.));
#1388 = ( GEOMETRIC_REPRESENTATION_CONTEXT(2) 
PARAMETRIC_REPRESENTATION_CONTEXT() REPRESENTATION_CONTEXT('2D SPACE',''
  ) );
#1389 = PCURVE('',#531,#1390);
#1390 = DEFINITIONAL_REPRESENTATION('',(#1391),#1395);
#1391 = LINE('',#1392,#1393);
#1392 = CARTESIAN_POINT('',(0.,0.));
#1393 = VECTOR('',#1394,1.);
#1394 = DIRECTION('',(0.,1.));
#1395 = ( GEOMETRIC_REPRESENTATION_CONTEXT(2) 
PARAMETRIC_REPRESENTATION_CONTEXT() REPRESENTATION_CONTEXT('2D SPACE',''
  ) );
#1396 = ORIENTED_EDGE('',*,*,#1397,.F.);
#1397 = EDGE_CURVE('',#1322,#1372,#1398,.T.);
#1398 = SURFACE_CURVE('',#1399,(#1407,#1414),.PCURVE_S1.);
#1399 = ( BOUNDED_CURVE() B_SPLINE_CURVE(6,(#1400,#1401,#1402,#1403,
#1404,#1405,#1406),.UNSPECIFIED.,.F.,.F.) B_SPLINE_CURVE_WITH_KNOTS((7,7
),(0.,0.56),.PIECEWISE_BEZIER_KNOTS.) CURVE() 
GEOMETRIC_REPRESENTATION_ITEM() RATIONAL_B_SPLINE_CURVE((1.003928795801,
    1.001302735903,0.999738116016,0.999218304855,0.999738116016,
1.001302735903,1.003928795801)) REPRESENTATION_ITEM('') );
#1400 = CARTESIAN_POINT('',(-2.045603217239,-3.437369266986,94.));
#1401 = CARTESIAN_POINT('',(-2.367265745142,-3.245945579033,94.));
#1402 = CARTESIAN_POINT('',(-2.666439584309,-3.019043746198,94.));
#1403 = CARTESIAN_POINT('',(-2.938812867497,-2.759728975481,94.));
#1404 = CARTESIAN_POINT('',(-3.180513479792,-2.471610649574,94.));
#1405 = CARTESIAN_POINT('',(-3.3881822929,-2.158779877673,94.));
#1406 = CARTESIAN_POINT('',(-3.559030892692,-1.825732484475,94.));
#1407 = PCURVE('',#460,#1408);
#1408 = DEFINITIONAL_REPRESENTATION('',(#1409),#1413);
#1409 = LINE('',#1410,#1411);
#1410 = CARTESIAN_POINT('',(0.,14.));
#1411 = VECTOR('',#1412,1.);
#1412 = DIRECTION('',(1.,0.));
#1413 = ( GEOMETRIC_REPRESENTATION_CONTEXT(2) 
PARAMETRIC_REPRESENTATION_CONTEXT() REPRESENTATION_CONTEXT('2D SPACE',''
  ) );
#1414 = PCURVE('',#1194,#1415);
#1415 = DEFINITIONAL_REPRESENTATION('',(#1416),#1424);
#1416 = ( BOUNDED_CURVE() B_SPLINE_CURVE(6,(#1417,#1418,#1419,#1420,
#1421,#1422,#1423),.UNSPECIFIED.,.F.,.F.) B_SPLINE_CURVE_WITH_KNOTS((7,7
),(0.,0.56),.PIECEWISE_BEZIER_KNOTS.) CURVE() 
GEOMETRIC_REPRESENTATION_ITEM() RATIONAL_B_SPLINE_CURVE((1.003928795801,
    1.001302735903,0.999738116016,0.999218304855,0.999738116016,
1.001302735903,1.003928795801)) REPRESENTATION_ITEM('') );
#1417 = CARTESIAN_POINT('',(-2.045603217239,-3.437369266986));
#1418 = CARTESIAN_POINT('',(-2.367265745142,-3.245945579033));
#1419 = CARTESIAN_POINT('',(-2.666439584309,-3.019043746198));
#1420 = CARTESIAN_POINT('',(-2.938812867497,-2.759728975481));
#1421 = CARTESIAN_POINT('',(-3.180513479792,-2.471610649574));
#1422 = CARTESIAN_POINT('',(-3.3881822929,-2.158779877673));
#1423 = CARTESIAN_POINT('',(-3.559030892692,-1.825732484475));
#1424 = ( GEOMETRIC_REPRESENTATION_CONTEXT(2) 
PARAMETRIC_REPRESENTATION_CONTEXT() REPRESENTATION_CONTEXT('2D SPACE',''
  ) );
#1425 = ADVANCED_FACE('',(#1426),#531,.T.);
#1426 = FACE_BOUND('',#1427,.T.);
#1427 = EDGE_LOOP('',(#1428,#1429,#1430,#1510));
#1428 = ORIENTED_EDGE('',*,*,#1371,.F.);
#1429 = ORIENTED_EDGE('',*,*,#517,.T.);
#1430 = ORIENTED_EDGE('',*,*,#1431,.T.);
#1431 = EDGE_CURVE('',#518,#1432,#1434,.T.);
#1432 = VERTEX_POINT('',#1433);
#1433 = CARTESIAN_POINT('',(-4.671228046658,-2.396273885873,94.));
#1434 = SURFACE_CURVE('',#1435,(#1458,#1484),.PCURVE_S1.);
#1435 = B_SPLINE_CURVE_WITH_KNOTS('',6,(#1436,#1437,#1438,#1439,#1440,
    #1441,#1442,#1443,#1444,#1445,#1446,#1447,#1448,#1449,#1450,#1451,
    #1452,#1453,#1454,#1455,#1456,#1457),.UNSPECIFIED.,.F.,.F.,(7,5,5,5,
    7),(0.,0.24909266105,0.499069719871,0.749069727222,1.),
  .UNSPECIFIED.);
#1436 = CARTESIAN_POINT('',(3.22913013946,-4.139470804636,80.));
#1437 = CARTESIAN_POINT('',(2.926793409285,-4.375318499607,
    80.581214210179));
#1438 = CARTESIAN_POINT('',(2.603792362131,-4.584662727023,
    81.16243827772));
#1439 = CARTESIAN_POINT('',(2.26302463899,-4.76524680083,81.743653125017
    ));
#1440 = CARTESIAN_POINT('',(1.907714225375,-4.915233727544,
    82.324865323811));
#1441 = CARTESIAN_POINT('',(1.541330674687,-5.033273015729,
    82.906084647371));
#1442 = CARTESIAN_POINT('',(0.792296707075,-5.204118502457,
    84.070573556076));
#1443 = CARTESIAN_POINT('',(0.409584202698,-5.256693747696,
    84.653856538121));
#1444 = CARTESIAN_POINT('',(2.298309571996E-02,-5.27543680717,
    85.237132514431));
#1445 = CARTESIAN_POINT('',(-0.36376053968,-5.260061604495,
    85.820409924801));
#1446 = CARTESIAN_POINT('',(-0.746901654368,-5.21082625129,
    86.403696419165));
#1447 = CARTESIAN_POINT('',(-1.498733022641,-5.04622619562,
    87.570308898582));
#1448 = CARTESIAN_POINT('',(-1.867430612581,-4.930853521291,
    88.153648962648));
#1449 = CARTESIAN_POINT('',(-2.225250726322,-4.783207105188,
    88.736979966587));
#1450 = CARTESIAN_POINT('',(-2.568682208445,-4.60461765945,
    89.320309539011));
#1451 = CARTESIAN_POINT('',(-2.894440441594,-4.396910868296,
    89.903646095478));
#1452 = CARTESIAN_POINT('',(-3.505820762258,-3.92694992903,
    91.072476281809));
#1453 = CARTESIAN_POINT('',(-3.791296360245,-3.664489897108,
    91.657983559699));
#1454 = CARTESIAN_POINT('',(-4.052993300539,-3.377287869887,
    92.243483395908));
#1455 = CARTESIAN_POINT('',(-4.288268581175,-3.068083590263,
    92.828985937068));
#1456 = CARTESIAN_POINT('',(-4.494918972291,-2.739965772647,
    93.414498049183));
#1457 = CARTESIAN_POINT('',(-4.671228046658,-2.396273885873,94.));
#1458 = PCURVE('',#531,#1459);
#1459 = DEFINITIONAL_REPRESENTATION('',(#1460),#1483);
#1460 = B_SPLINE_CURVE_WITH_KNOTS('',6,(#1461,#1462,#1463,#1464,#1465,
    #1466,#1467,#1468,#1469,#1470,#1471,#1472,#1473,#1474,#1475,#1476,
    #1477,#1478,#1479,#1480,#1481,#1482),.UNSPECIFIED.,.F.,.F.,(7,5,5,5,
    7),(0.,0.24909266105,0.499069719871,0.749069727222,1.),
  .UNSPECIFIED.);
#1461 = CARTESIAN_POINT('',(1.25,0.));
#1462 = CARTESIAN_POINT('',(1.25,0.581214210179));
#1463 = CARTESIAN_POINT('',(1.249985162114,1.162438277719));
#1464 = CARTESIAN_POINT('',(1.249984877763,1.743653125017));
#1465 = CARTESIAN_POINT('',(1.249989362551,2.324865323811));
#1466 = CARTESIAN_POINT('',(1.249994639601,2.906084647371));
#1467 = CARTESIAN_POINT('',(1.250002420188,4.070573556076));
#1468 = CARTESIAN_POINT('',(1.250004981909,4.653856538121));
#1469 = CARTESIAN_POINT('',(1.250004052261,5.237132514431));
#1470 = CARTESIAN_POINT('',(1.250001700133,5.820409924801));
#1471 = CARTESIAN_POINT('',(1.250000633407,6.403696419165));
#1472 = CARTESIAN_POINT('',(1.250000592908,7.570308898582));
#1473 = CARTESIAN_POINT('',(1.250001615471,8.153648962648));
#1474 = CARTESIAN_POINT('',(1.250003979776,8.736979966587));
#1475 = CARTESIAN_POINT('',(1.250004990319,9.320309539011));
#1476 = CARTESIAN_POINT('',(1.250002540136,9.903646095478));
#1477 = CARTESIAN_POINT('',(1.249994833099,11.072476281809));
#1478 = CARTESIAN_POINT('',(1.249989500211,11.657983559698));
#1479 = CARTESIAN_POINT('',(1.249984870168,12.243483395909));
#1480 = CARTESIAN_POINT('',(1.249984943828,12.828985937068));
#1481 = CARTESIAN_POINT('',(1.25,13.414498049183));
#1482 = CARTESIAN_POINT('',(1.25,14.));
#1483 = ( GEOMETRIC_REPRESENTATION_CONTEXT(2) 
PARAMETRIC_REPRESENTATION_CONTEXT() REPRESENTATION_CONTEXT('2D SPACE',''
  ) );
#1484 = PCURVE('',#574,#1485);
#1485 = DEFINITIONAL_REPRESENTATION('',(#1486),#1509);
#1486 = B_SPLINE_CURVE_WITH_KNOTS('',6,(#1487,#1488,#1489,#1490,#1491,
    #1492,#1493,#1494,#1495,#1496,#1497,#1498,#1499,#1500,#1501,#1502,
    #1503,#1504,#1505,#1506,#1507,#1508),.UNSPECIFIED.,.F.,.F.,(7,5,5,5,
    7),(0.,0.24909266105,0.499069719871,0.749069727222,1.),
  .UNSPECIFIED.);
#1487 = CARTESIAN_POINT('',(-5.374866776462,-1.));
#1488 = CARTESIAN_POINT('',(-5.301829244747,-1.58121421018));
#1489 = CARTESIAN_POINT('',(-5.228793302373,-2.16243827772));
#1490 = CARTESIAN_POINT('',(-5.155757205695,-2.743653125017));
#1491 = CARTESIAN_POINT('',(-5.082719212467,-3.324865323811));
#1492 = CARTESIAN_POINT('',(-5.009679443933,-3.906084647371));
#1493 = CARTESIAN_POINT('',(-4.863342143385,-5.070573556076));
#1494 = CARTESIAN_POINT('',(-4.790042892085,-5.653856538121));
#1495 = CARTESIAN_POINT('',(-4.716745578602,-6.237132514431));
#1496 = CARTESIAN_POINT('',(-4.643449412688,-6.820409924801));
#1497 = CARTESIAN_POINT('',(-4.570153008794,-7.403696419165));
#1498 = CARTESIAN_POINT('',(-4.423555178981,-8.570308898582));
#1499 = CARTESIAN_POINT('',(-4.350252065204,-9.153648962648));
#1500 = CARTESIAN_POINT('',(-4.276949210412,-9.736979966587));
#1501 = CARTESIAN_POINT('',(-4.203645209874,-10.32030953901));
#1502 = CARTESIAN_POINT('',(-4.130339252095,-10.90364609547));
#1503 = CARTESIAN_POINT('',(-3.983456395853,-12.0724762818));
#1504 = CARTESIAN_POINT('',(-3.909877747905,-12.65798355969));
#1505 = CARTESIAN_POINT('',(-3.836300901539,-13.2434833959));
#1506 = CARTESIAN_POINT('',(-3.762725987146,-13.82898593706));
#1507 = CARTESIAN_POINT('',(-3.689151235545,-14.41449804918));
#1508 = CARTESIAN_POINT('',(-3.615574890451,-15.));
#1509 = ( GEOMETRIC_REPRESENTATION_CONTEXT(2) 
PARAMETRIC_REPRESENTATION_CONTEXT() REPRESENTATION_CONTEXT('2D SPACE',''
  ) );
#1510 = ORIENTED_EDGE('',*,*,#1511,.F.);
#1511 = EDGE_CURVE('',#1372,#1432,#1512,.T.);
#1512 = SURFACE_CURVE('',#1513,(#1516,#1523),.PCURVE_S1.);
#1513 = B_SPLINE_CURVE_WITH_KNOTS('',1,(#1514,#1515),.UNSPECIFIED.,.F.,
  .F.,(2,2),(0.,1.4),.PIECEWISE_BEZIER_KNOTS.);
#1514 = CARTESIAN_POINT('',(-3.559030892692,-1.825732484475,94.));
#1515 = CARTESIAN_POINT('',(-4.804691705134,-2.464738854041,94.));
#1516 = PCURVE('',#531,#1517);
#1517 = DEFINITIONAL_REPRESENTATION('',(#1518),#1522);
#1518 = LINE('',#1519,#1520);
#1519 = CARTESIAN_POINT('',(0.,14.));
#1520 = VECTOR('',#1521,1.);
#1521 = DIRECTION('',(1.,0.));
#1522 = ( GEOMETRIC_REPRESENTATION_CONTEXT(2) 
PARAMETRIC_REPRESENTATION_CONTEXT() REPRESENTATION_CONTEXT('2D SPACE',''
  ) );
#1523 = PCURVE('',#1194,#1524);
#1524 = DEFINITIONAL_REPRESENTATION('',(#1525),#1528);
#1525 = B_SPLINE_CURVE_WITH_KNOTS('',1,(#1526,#1527),.UNSPECIFIED.,.F.,
  .F.,(2,2),(0.,1.4),.PIECEWISE_BEZIER_KNOTS.);
#1526 = CARTESIAN_POINT('',(-3.559030892692,-1.825732484475));
#1527 = CARTESIAN_POINT('',(-4.804691705134,-2.464738854041));
#1528 = ( GEOMETRIC_REPRESENTATION_CONTEXT(2) 
PARAMETRIC_REPRESENTATION_CONTEXT() REPRESENTATION_CONTEXT('2D SPACE',''
  ) );
#1529 = ADVANCED_FACE('',(#1530),#574,.F.);
#1530 = FACE_BOUND('',#1531,.T.);
#1531 = EDGE_LOOP('',(#1532,#1533,#1534,#1614));
#1532 = ORIENTED_EDGE('',*,*,#1431,.F.);
#1533 = ORIENTED_EDGE('',*,*,#553,.T.);
#1534 = ORIENTED_EDGE('',*,*,#1535,.T.);
#1535 = EDGE_CURVE('',#554,#1536,#1538,.T.);
#1536 = VERTEX_POINT('',#1537);
#1537 = CARTESIAN_POINT('',(2.684854222626,4.51154716292,94.));
#1538 = SURFACE_CURVE('',#1539,(#1562,#1588),.PCURVE_S1.);
#1539 = B_SPLINE_CURVE_WITH_KNOTS('',6,(#1540,#1541,#1542,#1543,#1544,
    #1545,#1546,#1547,#1548,#1549,#1550,#1551,#1552,#1553,#1554,#1555,
    #1556,#1557,#1558,#1559,#1560,#1561),.UNSPECIFIED.,.F.,.F.,(7,5,5,5,
    7),(0.,0.249092647251,0.49906970092,0.749069708274,1.),
  .UNSPECIFIED.);
#1540 = CARTESIAN_POINT('',(-4.934726772904,1.791918434747,80.));
#1541 = CARTESIAN_POINT('',(-4.803849480648,2.152338677955,
    80.581214177976));
#1542 = CARTESIAN_POINT('',(-4.641385967553,2.501280324059,
    81.16243821331));
#1543 = CARTESIAN_POINT('',(-4.448592554069,2.835292197935,
    81.743653028403));
#1544 = CARTESIAN_POINT('',(-4.227224992491,3.151105361397,
    82.324865194996));
#1545 = CARTESIAN_POINT('',(-3.979505516842,3.445732625252,
    82.906084486349));
#1546 = CARTESIAN_POINT('',(-3.43563345782,3.988358835043,
    84.070573350826));
#1547 = CARTESIAN_POINT('',(-3.139305589681,4.236195082961,
    84.653856320845));
#1548 = CARTESIAN_POINT('',(-2.821711893165,4.457432412272,
    85.237132285128));
#1549 = CARTESIAN_POINT('',(-2.485874288692,4.649838580453,
    85.820409683473));
#1550 = CARTESIAN_POINT('',(-2.135102893353,4.811642955491,
    86.403696165811));
#1551 = CARTESIAN_POINT('',(-1.410676662349,5.07154718452,
    87.570308633201));
#1552 = CARTESIAN_POINT('',(-1.037011375906,5.169644179968,
    88.153648697268));
#1553 = CARTESIAN_POINT('',(-0.655418719478,5.234619117784,
    88.736979701206));
#1554 = CARTESIAN_POINT('',(-0.269580393336,5.265734373212,
    89.320309273631));
#1555 = CARTESIAN_POINT('',(0.116750915426,5.262792023006,
    89.903645830098));
#1556 = CARTESIAN_POINT('',(0.884382812863,5.189372026077,
    91.072476060635));
#1557 = CARTESIAN_POINT('',(1.26566864974,5.118642124896,91.657983382802
    ));
#1558 = CARTESIAN_POINT('',(1.639950503521,5.014318541676,
    92.243483263253));
#1559 = CARTESIAN_POINT('',(2.003533762791,4.877318611579,92.8289858486)
  );
#1560 = CARTESIAN_POINT('',(2.35291104656,4.709088938667,93.414498004911
    ));
#1561 = CARTESIAN_POINT('',(2.684854222626,4.51154716292,94.));
#1562 = PCURVE('',#574,#1563);
#1563 = DEFINITIONAL_REPRESENTATION('',(#1564),#1587);
#1564 = B_SPLINE_CURVE_WITH_KNOTS('',6,(#1565,#1566,#1567,#1568,#1569,
    #1570,#1571,#1572,#1573,#1574,#1575,#1576,#1577,#1578,#1579,#1580,
    #1581,#1582,#1583,#1584,#1585,#1586),.UNSPECIFIED.,.F.,.F.,(7,5,5,5,
    7),(0.,0.249092647251,0.49906970092,0.749069708274,1.),
  .UNSPECIFIED.);
#1565 = CARTESIAN_POINT('',(-2.793274122872,-1.));
#1566 = CARTESIAN_POINT('',(-2.720236595204,-1.581214177976));
#1567 = CARTESIAN_POINT('',(-2.647200656877,-2.162438213311));
#1568 = CARTESIAN_POINT('',(-2.574164564246,-2.743653028403));
#1569 = CARTESIAN_POINT('',(-2.501126575064,-3.324865194996));
#1570 = CARTESIAN_POINT('',(-2.428086810579,-3.906084486349));
#1571 = CARTESIAN_POINT('',(-2.281749515588,-5.070573350826));
#1572 = CARTESIAN_POINT('',(-2.208450265799,-5.653856320845));
#1573 = CARTESIAN_POINT('',(-2.135152953828,-6.237132285128));
#1574 = CARTESIAN_POINT('',(-2.061856789424,-6.820409683473));
#1575 = CARTESIAN_POINT('',(-1.988560387041,-7.403696165811));
#1576 = CARTESIAN_POINT('',(-1.841962558739,-8.570308633201));
#1577 = CARTESIAN_POINT('',(-1.768659444962,-9.153648697268));
#1578 = CARTESIAN_POINT('',(-1.695356590171,-9.736979701206));
#1579 = CARTESIAN_POINT('',(-1.622052589634,-10.32030927363));
#1580 = CARTESIAN_POINT('',(-1.548746631854,-10.90364583009));
#1581 = CARTESIAN_POINT('',(-1.401863770057,-12.07247606063));
#1582 = CARTESIAN_POINT('',(-1.328285116545,-12.6579833828));
#1583 = CARTESIAN_POINT('',(-1.254708264619,-13.24348326325));
#1584 = CARTESIAN_POINT('',(-1.181133344673,-13.8289858486));
#1585 = CARTESIAN_POINT('',(-1.107558587519,-14.41449800491));
#1586 = CARTESIAN_POINT('',(-1.033982236862,-15.));
#1587 = ( GEOMETRIC_REPRESENTATION_CONTEXT(2) 
PARAMETRIC_REPRESENTATION_CONTEXT() REPRESENTATION_CONTEXT('2D SPACE',''
  ) );
#1588 = PCURVE('',#600,#1589);
#1589 = DEFINITIONAL_REPRESENTATION('',(#1590),#1613);
#1590 = B_SPLINE_CURVE_WITH_KNOTS('',6,(#1591,#1592,#1593,#1594,#1595,
    #1596,#1597,#1598,#1599,#1600,#1601,#1602,#1603,#1604,#1605,#1606,
    #1607,#1608,#1609,#1610,#1611,#1612),.UNSPECIFIED.,.F.,.F.,(7,5,5,5,
    7),(0.,0.249092647251,0.49906970092,0.749069708274,1.),
  .UNSPECIFIED.);
#1591 = CARTESIAN_POINT('',(0.15,0.));
#1592 = CARTESIAN_POINT('',(0.15,0.581214177976));
#1593 = CARTESIAN_POINT('',(0.150014837884,1.16243821331));
#1594 = CARTESIAN_POINT('',(0.150015122237,1.743653028403));
#1595 = CARTESIAN_POINT('',(0.15001063745,2.324865194996));
#1596 = CARTESIAN_POINT('',(0.150005360401,2.906084486349));
#1597 = CARTESIAN_POINT('',(0.149997579813,4.070573350826));
#1598 = CARTESIAN_POINT('',(0.149995018091,4.653856320845));
#1599 = CARTESIAN_POINT('',(0.149995947738,5.237132285128));
#1600 = CARTESIAN_POINT('',(0.149998299866,5.820409683473));
#1601 = CARTESIAN_POINT('',(0.149999366592,6.403696165811));
#1602 = CARTESIAN_POINT('',(0.149999407093,7.570308633201));
#1603 = CARTESIAN_POINT('',(0.14999838453,8.153648697268));
#1604 = CARTESIAN_POINT('',(0.149996020225,8.736979701206));
#1605 = CARTESIAN_POINT('',(0.149995009681,9.320309273631));
#1606 = CARTESIAN_POINT('',(0.149997459863,9.903645830098));
#1607 = CARTESIAN_POINT('',(0.150005166899,11.072476060635));
#1608 = CARTESIAN_POINT('',(0.150010499788,11.657983382802));
#1609 = CARTESIAN_POINT('',(0.150015129832,12.243483263254));
#1610 = CARTESIAN_POINT('',(0.150015056175,12.8289858486));
#1611 = CARTESIAN_POINT('',(0.15,13.414498004911));
#1612 = CARTESIAN_POINT('',(0.15,14.));
#1613 = ( GEOMETRIC_REPRESENTATION_CONTEXT(2) 
PARAMETRIC_REPRESENTATION_CONTEXT() REPRESENTATION_CONTEXT('2D SPACE',''
  ) );
#1614 = ORIENTED_EDGE('',*,*,#1615,.F.);
#1615 = EDGE_CURVE('',#1432,#1536,#1616,.T.);
#1616 = SURFACE_CURVE('',#1617,(#1622,#1629),.PCURVE_S1.);
#1617 = CIRCLE('',#1618,5.25);
#1618 = AXIS2_PLACEMENT_3D('',#1619,#1620,#1621);
#1619 = CARTESIAN_POINT('',(0.,0.,94.));
#1620 = DIRECTION('',(0.,0.,-1.));
#1621 = DIRECTION('',(1.,0.,0.));
#1622 = PCURVE('',#574,#1623);
#1623 = DEFINITIONAL_REPRESENTATION('',(#1624),#1628);
#1624 = LINE('',#1625,#1626);
#1625 = CARTESIAN_POINT('',(-6.28318530718,-15.));
#1626 = VECTOR('',#1627,1.);
#1627 = DIRECTION('',(1.,-0.));
#1628 = ( GEOMETRIC_REPRESENTATION_CONTEXT(2) 
PARAMETRIC_REPRESENTATION_CONTEXT() REPRESENTATION_CONTEXT('2D SPACE',''
  ) );
#1629 = PCURVE('',#1194,#1630);
#1630 = DEFINITIONAL_REPRESENTATION('',(#1631),#1639);
#1631 = ( BOUNDED_CURVE() B_SPLINE_CURVE(2,(#1632,#1633,#1634,#1635,
#1636,#1637,#1638),.UNSPECIFIED.,.T.,.F.) B_SPLINE_CURVE_WITH_KNOTS((1,2
    ,2,2,2,1),(-2.094395102393,0.,2.094395102393,4.188790204786,
6.28318530718,8.377580409573),.UNSPECIFIED.) CURVE() 
GEOMETRIC_REPRESENTATION_ITEM() RATIONAL_B_SPLINE_CURVE((1.,0.5,1.,0.5,
1.,0.5,1.)) REPRESENTATION_ITEM('') );
#1632 = CARTESIAN_POINT('',(5.25,-7.526710702698E-16));
#1633 = CARTESIAN_POINT('',(5.25,-9.093266739737));
#1634 = CARTESIAN_POINT('',(-2.625,-4.546633369868));
#1635 = CARTESIAN_POINT('',(-10.5,-2.038550209375E-15));
#1636 = CARTESIAN_POINT('',(-2.625,4.546633369868));
#1637 = CARTESIAN_POINT('',(5.25,9.093266739737));
#1638 = CARTESIAN_POINT('',(5.25,-7.526710702698E-16));
#1639 = ( GEOMETRIC_REPRESENTATION_CONTEXT(2) 
PARAMETRIC_REPRESENTATION_CONTEXT() REPRESENTATION_CONTEXT('2D SPACE',''
  ) );
#1640 = ADVANCED_FACE('',(#1641),#600,.T.);
#1641 = FACE_BOUND('',#1642,.T.);
#1642 = EDGE_LOOP('',(#1643,#1644,#1645,#1671));
#1643 = ORIENTED_EDGE('',*,*,#1535,.F.);
#1644 = ORIENTED_EDGE('',*,*,#586,.T.);
#1645 = ORIENTED_EDGE('',*,*,#1646,.T.);
#1646 = EDGE_CURVE('',#587,#1647,#1649,.T.);
#1647 = VERTEX_POINT('',#1648);
#1648 = CARTESIAN_POINT('',(2.045603217239,3.437369266986,94.));
#1649 = SURFACE_CURVE('',#1650,(#1658,#1665),.PCURVE_S1.);
#1650 = B_SPLINE_CURVE_WITH_KNOTS('',6,(#1651,#1652,#1653,#1654,#1655,
    #1656,#1657),.UNSPECIFIED.,.F.,.F.,(7,7),(0.,14.),
  .PIECEWISE_BEZIER_KNOTS.);
#1651 = CARTESIAN_POINT('',(-3.759791826974,1.365271188379,80.));
#1652 = CARTESIAN_POINT('',(-3.359473406321,2.467699730759,
    82.333333333333));
#1653 = CARTESIAN_POINT('',(-2.571489814293,3.429164704798,
    84.666666666666));
#1654 = CARTESIAN_POINT('',(-1.45620650625,4.079852262792,
    87.000000000001));
#1655 = CARTESIAN_POINT('',(-0.180971566342,4.282403499183,
    89.333333333333));
#1656 = CARTESIAN_POINT('',(1.037713907134,4.037171457334,
    91.666666666667));
#1657 = CARTESIAN_POINT('',(2.045603217239,3.437369266986,94.));
#1658 = PCURVE('',#600,#1659);
#1659 = DEFINITIONAL_REPRESENTATION('',(#1660),#1664);
#1660 = LINE('',#1661,#1662);
#1661 = CARTESIAN_POINT('',(1.4,0.));
#1662 = VECTOR('',#1663,1.);
#1663 = DIRECTION('',(0.,1.));
#1664 = ( GEOMETRIC_REPRESENTATION_CONTEXT(2) 
PARAMETRIC_REPRESENTATION_CONTEXT() REPRESENTATION_CONTEXT('2D SPACE',''
  ) );
#1665 = PCURVE('',#644,#1666);
#1666 = DEFINITIONAL_REPRESENTATION('',(#1667),#1670);
#1667 = B_SPLINE_CURVE_WITH_KNOTS('',1,(#1668,#1669),.UNSPECIFIED.,.F.,
  .F.,(2,2),(0.,14.),.PIECEWISE_BEZIER_KNOTS.);
#1668 = CARTESIAN_POINT('',(0.,0.));
#1669 = CARTESIAN_POINT('',(0.,14.));
#1670 = ( GEOMETRIC_REPRESENTATION_CONTEXT(2) 
PARAMETRIC_REPRESENTATION_CONTEXT() REPRESENTATION_CONTEXT('2D SPACE',''
  ) );
#1671 = ORIENTED_EDGE('',*,*,#1672,.F.);
#1672 = EDGE_CURVE('',#1536,#1647,#1673,.T.);
#1673 = SURFACE_CURVE('',#1674,(#1677,#1684),.PCURVE_S1.);
#1674 = B_SPLINE_CURVE_WITH_KNOTS('',1,(#1675,#1676),.UNSPECIFIED.,.F.,
  .F.,(2,2),(0.,1.4),.PIECEWISE_BEZIER_KNOTS.);
#1675 = CARTESIAN_POINT('',(2.761564343272,4.640448510432,94.));
#1676 = CARTESIAN_POINT('',(2.045603217239,3.437369266986,94.));
#1677 = PCURVE('',#600,#1678);
#1678 = DEFINITIONAL_REPRESENTATION('',(#1679),#1683);
#1679 = LINE('',#1680,#1681);
#1680 = CARTESIAN_POINT('',(0.,14.));
#1681 = VECTOR('',#1682,1.);
#1682 = DIRECTION('',(1.,0.));
#1683 = ( GEOMETRIC_REPRESENTATION_CONTEXT(2) 
PARAMETRIC_REPRESENTATION_CONTEXT() REPRESENTATION_CONTEXT('2D SPACE',''
  ) );
#1684 = PCURVE('',#1194,#1685);
#1685 = DEFINITIONAL_REPRESENTATION('',(#1686),#1689);
#1686 = B_SPLINE_CURVE_WITH_KNOTS('',1,(#1687,#1688),.UNSPECIFIED.,.F.,
  .F.,(2,2),(0.,1.4),.PIECEWISE_BEZIER_KNOTS.);
#1687 = CARTESIAN_POINT('',(2.761564343272,4.640448510432));
#1688 = CARTESIAN_POINT('',(2.045603217239,3.437369266986));
#1689 = ( GEOMETRIC_REPRESENTATION_CONTEXT(2) 
PARAMETRIC_REPRESENTATION_CONTEXT() REPRESENTATION_CONTEXT('2D SPACE',''
  ) );
#1690 = ADVANCED_FACE('',(#1691),#644,.T.);
#1691 = FACE_BOUND('',#1692,.T.);
#1692 = EDGE_LOOP('',(#1693,#1694,#1695,#1696));
#1693 = ORIENTED_EDGE('',*,*,#1646,.F.);
#1694 = ORIENTED_EDGE('',*,*,#622,.T.);
#1695 = ORIENTED_EDGE('',*,*,#1074,.T.);
#1696 = ORIENTED_EDGE('',*,*,#1697,.F.);
#1697 = EDGE_CURVE('',#1647,#1075,#1698,.T.);
#1698 = SURFACE_CURVE('',#1699,(#1707,#1714),.PCURVE_S1.);
#1699 = ( BOUNDED_CURVE() B_SPLINE_CURVE(6,(#1700,#1701,#1702,#1703,
#1704,#1705,#1706),.UNSPECIFIED.,.F.,.F.) B_SPLINE_CURVE_WITH_KNOTS((7,7
),(0.,0.56),.PIECEWISE_BEZIER_KNOTS.) CURVE() 
GEOMETRIC_REPRESENTATION_ITEM() RATIONAL_B_SPLINE_CURVE((1.003928795801,
    1.001302735903,0.999738116016,0.999218304855,0.999738116016,
1.001302735903,1.003928795801)) REPRESENTATION_ITEM('') );
#1700 = CARTESIAN_POINT('',(2.045603217239,3.437369266986,94.));
#1701 = CARTESIAN_POINT('',(2.367265745142,3.245945579033,94.));
#1702 = CARTESIAN_POINT('',(2.666439584309,3.019043746198,94.));
#1703 = CARTESIAN_POINT('',(2.938812867497,2.759728975481,94.));
#1704 = CARTESIAN_POINT('',(3.180513479792,2.471610649574,94.));
#1705 = CARTESIAN_POINT('',(3.3881822929,2.158779877673,94.));
#1706 = CARTESIAN_POINT('',(3.559030892692,1.825732484475,94.));
#1707 = PCURVE('',#644,#1708);
#1708 = DEFINITIONAL_REPRESENTATION('',(#1709),#1713);
#1709 = LINE('',#1710,#1711);
#1710 = CARTESIAN_POINT('',(0.,14.));
#1711 = VECTOR('',#1712,1.);
#1712 = DIRECTION('',(1.,0.));
#1713 = ( GEOMETRIC_REPRESENTATION_CONTEXT(2) 
PARAMETRIC_REPRESENTATION_CONTEXT() REPRESENTATION_CONTEXT('2D SPACE',''
  ) );
#1714 = PCURVE('',#1194,#1715);
#1715 = DEFINITIONAL_REPRESENTATION('',(#1716),#1724);
#1716 = ( BOUNDED_CURVE() B_SPLINE_CURVE(6,(#1717,#1718,#1719,#1720,
#1721,#1722,#1723),.UNSPECIFIED.,.F.,.F.) B_SPLINE_CURVE_WITH_KNOTS((7,7
),(0.,0.56),.PIECEWISE_BEZIER_KNOTS.) CURVE() 
GEOMETRIC_REPRESENTATION_ITEM() RATIONAL_B_SPLINE_CURVE((1.003928795801,
    1.001302735903,0.999738116016,0.999218304855,0.999738116016,
1.001302735903,1.003928795801)) REPRESENTATION_ITEM('') );
#1717 = CARTESIAN_POINT('',(2.045603217239,3.437369266986));
#1718 = CARTESIAN_POINT('',(2.367265745142,3.245945579033));
#1719 = CARTESIAN_POINT('',(2.666439584309,3.019043746198));
#1720 = CARTESIAN_POINT('',(2.938812867497,2.759728975481));
#1721 = CARTESIAN_POINT('',(3.180513479792,2.471610649574));
#1722 = CARTESIAN_POINT('',(3.3881822929,2.158779877673));
#1723 = CARTESIAN_POINT('',(3.559030892692,1.825732484475));
#1724 = ( GEOMETRIC_REPRESENTATION_CONTEXT(2) 
PARAMETRIC_REPRESENTATION_CONTEXT() REPRESENTATION_CONTEXT('2D SPACE',''
  ) );
#1725 = ADVANCED_FACE('',(#1726),#921,.T.);
#1726 = FACE_BOUND('',#1727,.F.);
#1727 = EDGE_LOOP('',(#1728,#1729,#1752,#1783));
#1728 = ORIENTED_EDGE('',*,*,#900,.T.);
#1729 = ORIENTED_EDGE('',*,*,#1730,.T.);
#1730 = EDGE_CURVE('',#901,#1731,#1733,.T.);
#1731 = VERTEX_POINT('',#1732);
#1732 = CARTESIAN_POINT('',(12.,0.,136.));
#1733 = SEAM_CURVE('',#1734,(#1738,#1745),.PCURVE_S1.);
#1734 = LINE('',#1735,#1736);
#1735 = CARTESIAN_POINT('',(12.,0.,93.99));
#1736 = VECTOR('',#1737,1.);
#1737 = DIRECTION('',(0.,0.,1.));
#1738 = PCURVE('',#921,#1739);
#1739 = DEFINITIONAL_REPRESENTATION('',(#1740),#1744);
#1740 = LINE('',#1741,#1742);
#1741 = CARTESIAN_POINT('',(-6.28318530718,0.));
#1742 = VECTOR('',#1743,1.);
#1743 = DIRECTION('',(-0.,-1.));
#1744 = ( GEOMETRIC_REPRESENTATION_CONTEXT(2) 
PARAMETRIC_REPRESENTATION_CONTEXT() REPRESENTATION_CONTEXT('2D SPACE',''
  ) );
#1745 = PCURVE('',#921,#1746);
#1746 = DEFINITIONAL_REPRESENTATION('',(#1747),#1751);
#1747 = LINE('',#1748,#1749);
#1748 = CARTESIAN_POINT('',(-0.,0.));
#1749 = VECTOR('',#1750,1.);
#1750 = DIRECTION('',(-0.,-1.));
#1751 = ( GEOMETRIC_REPRESENTATION_CONTEXT(2) 
PARAMETRIC_REPRESENTATION_CONTEXT() REPRESENTATION_CONTEXT('2D SPACE',''
  ) );
#1752 = ORIENTED_EDGE('',*,*,#1753,.F.);
#1753 = EDGE_CURVE('',#1731,#1731,#1754,.T.);
#1754 = SURFACE_CURVE('',#1755,(#1760,#1767),.PCURVE_S1.);
#1755 = CIRCLE('',#1756,12.);
#1756 = AXIS2_PLACEMENT_3D('',#1757,#1758,#1759);
#1757 = CARTESIAN_POINT('',(0.,0.,136.));
#1758 = DIRECTION('',(0.,0.,-1.));
#1759 = DIRECTION('',(1.,0.,0.));
#1760 = PCURVE('',#921,#1761);
#1761 = DEFINITIONAL_REPRESENTATION('',(#1762),#1766);
#1762 = LINE('',#1763,#1764);
#1763 = CARTESIAN_POINT('',(-6.28318530718,-42.01));
#1764 = VECTOR('',#1765,1.);
#1765 = DIRECTION('',(1.,-0.));
#1766 = ( GEOMETRIC_REPRESENTATION_CONTEXT(2) 
PARAMETRIC_REPRESENTATION_CONTEXT() REPRESENTATION_CONTEXT('2D SPACE',''
  ) );
#1767 = PCURVE('',#1768,#1773);
#1768 = PLANE('',#1769);
#1769 = AXIS2_PLACEMENT_3D('',#1770,#1771,#1772);
#1770 = CARTESIAN_POINT('',(-1.025580099405E-15,1.398015239264E-15,136.)
  );
#1771 = DIRECTION('',(0.,0.,1.));
#1772 = DIRECTION('',(1.,0.,-0.));
#1773 = DEFINITIONAL_REPRESENTATION('',(#1774),#1782);
#1774 = ( BOUNDED_CURVE() B_SPLINE_CURVE(2,(#1775,#1776,#1777,#1778,
#1779,#1780,#1781),.UNSPECIFIED.,.T.,.F.) B_SPLINE_CURVE_WITH_KNOTS((1,2
    ,2,2,2,1),(-2.094395102393,0.,2.094395102393,4.188790204786,
6.28318530718,8.377580409573),.UNSPECIFIED.) CURVE() 
GEOMETRIC_REPRESENTATION_ITEM() RATIONAL_B_SPLINE_CURVE((1.,0.5,1.,0.5,
1.,0.5,1.)) REPRESENTATION_ITEM('') );
#1775 = CARTESIAN_POINT('',(12.,-1.398015239264E-15));
#1776 = CARTESIAN_POINT('',(12.,-20.78460969082));
#1777 = CARTESIAN_POINT('',(-6.,-10.39230484541));
#1778 = CARTESIAN_POINT('',(-24.,-4.337167557218E-15));
#1779 = CARTESIAN_POINT('',(-6.,10.392304845413));
#1780 = CARTESIAN_POINT('',(12.,20.784609690827));
#1781 = CARTESIAN_POINT('',(12.,-1.398015239264E-15));
#1782 = ( GEOMETRIC_REPRESENTATION_CONTEXT(2) 
PARAMETRIC_REPRESENTATION_CONTEXT() REPRESENTATION_CONTEXT('2D SPACE',''
  ) );
#1783 = ORIENTED_EDGE('',*,*,#1730,.F.);
#1784 = ADVANCED_FACE('',(#1785,#1820),#1194,.T.);
#1785 = FACE_BOUND('',#1786,.T.);
#1786 = EDGE_LOOP('',(#1787));
#1787 = ORIENTED_EDGE('',*,*,#1788,.F.);
#1788 = EDGE_CURVE('',#1789,#1789,#1791,.T.);
#1789 = VERTEX_POINT('',#1790);
#1790 = CARTESIAN_POINT('',(5.3,1.036208156317E-15,94.));
#1791 = SURFACE_CURVE('',#1792,(#1797,#1808),.PCURVE_S1.);
#1792 = CIRCLE('',#1793,5.3);
#1793 = AXIS2_PLACEMENT_3D('',#1794,#1795,#1796);
#1794 = CARTESIAN_POINT('',(5.684341886081E-14,1.036208156317E-15,94.));
#1795 = DIRECTION('',(0.,0.,-1.));
#1796 = DIRECTION('',(1.,0.,0.));
#1797 = PCURVE('',#1194,#1798);
#1798 = DEFINITIONAL_REPRESENTATION('',(#1799),#1807);
#1799 = ( BOUNDED_CURVE() B_SPLINE_CURVE(2,(#1800,#1801,#1802,#1803,
#1804,#1805,#1806),.UNSPECIFIED.,.T.,.F.) B_SPLINE_CURVE_WITH_KNOTS((1,2
    ,2,2,2,1),(-2.094395102393,0.,2.094395102393,4.188790204786,
6.28318530718,8.377580409573),.UNSPECIFIED.) CURVE() 
GEOMETRIC_REPRESENTATION_ITEM() RATIONAL_B_SPLINE_CURVE((1.,0.5,1.,0.5,
1.,0.5,1.)) REPRESENTATION_ITEM('') );
#1800 = CARTESIAN_POINT('',(5.3,2.83537086047E-16));
#1801 = CARTESIAN_POINT('',(5.3,-9.179869280115));
#1802 = CARTESIAN_POINT('',(-2.65,-4.589934640058));
#1803 = CARTESIAN_POINT('',(-10.6,-1.014588521049E-15));
#1804 = CARTESIAN_POINT('',(-2.65,4.589934640058));
#1805 = CARTESIAN_POINT('',(5.3,9.179869280115));
#1806 = CARTESIAN_POINT('',(5.3,2.83537086047E-16));
#1807 = ( GEOMETRIC_REPRESENTATION_CONTEXT(2) 
PARAMETRIC_REPRESENTATION_CONTEXT() REPRESENTATION_CONTEXT('2D SPACE',''
  ) );
#1808 = PCURVE('',#1809,#1814);
#1809 = CYLINDRICAL_SURFACE('',#1810,5.3);
#1810 = AXIS2_PLACEMENT_3D('',#1811,#1812,#1813);
#1811 = CARTESIAN_POINT('',(5.684341886081E-14,1.036208156317E-15,93.99)
  );
#1812 = DIRECTION('',(-0.,-0.,-1.));
#1813 = DIRECTION('',(1.,0.,0.));
#1814 = DEFINITIONAL_REPRESENTATION('',(#1815),#1819);
#1815 = LINE('',#1816,#1817);
#1816 = CARTESIAN_POINT('',(-6.28318530718,-1.000000000001E-02));
#1817 = VECTOR('',#1818,1.);
#1818 = DIRECTION('',(1.,-0.));
#1819 = ( GEOMETRIC_REPRESENTATION_CONTEXT(2) 
PARAMETRIC_REPRESENTATION_CONTEXT() REPRESENTATION_CONTEXT('2D SPACE',''
  ) );
#1820 = FACE_BOUND('',#1821,.T.);
#1821 = EDGE_LOOP('',(#1822,#1823,#1824,#1825,#1826,#1827,#1828,#1829));
#1822 = ORIENTED_EDGE('',*,*,#1181,.T.);
#1823 = ORIENTED_EDGE('',*,*,#1208,.T.);
#1824 = ORIENTED_EDGE('',*,*,#1347,.T.);
#1825 = ORIENTED_EDGE('',*,*,#1397,.T.);
#1826 = ORIENTED_EDGE('',*,*,#1511,.T.);
#1827 = ORIENTED_EDGE('',*,*,#1615,.T.);
#1828 = ORIENTED_EDGE('',*,*,#1672,.T.);
#1829 = ORIENTED_EDGE('',*,*,#1697,.T.);
#1830 = ADVANCED_FACE('',(#1831,#1862),#1768,.F.);
#1831 = FACE_BOUND('',#1832,.F.);
#1832 = EDGE_LOOP('',(#1833));
#1833 = ORIENTED_EDGE('',*,*,#1834,.T.);
#1834 = EDGE_CURVE('',#1835,#1835,#1837,.T.);
#1835 = VERTEX_POINT('',#1836);
#1836 = CARTESIAN_POINT('',(16.,0.,136.));
#1837 = SURFACE_CURVE('',#1838,(#1843,#1850),.PCURVE_S1.);
#1838 = CIRCLE('',#1839,16.);
#1839 = AXIS2_PLACEMENT_3D('',#1840,#1841,#1842);
#1840 = CARTESIAN_POINT('',(0.,0.,136.));
#1841 = DIRECTION('',(0.,0.,1.));
#1842 = DIRECTION('',(1.,0.,0.));
#1843 = PCURVE('',#1768,#1844);
#1844 = DEFINITIONAL_REPRESENTATION('',(#1845),#1849);
#1845 = CIRCLE('',#1846,16.);
#1846 = AXIS2_PLACEMENT_2D('',#1847,#1848);
#1847 = CARTESIAN_POINT('',(1.025580099405E-15,-1.398015239264E-15));
#1848 = DIRECTION('',(1.,0.));
#1849 = ( GEOMETRIC_REPRESENTATION_CONTEXT(2) 
PARAMETRIC_REPRESENTATION_CONTEXT() REPRESENTATION_CONTEXT('2D SPACE',''
  ) );
#1850 = PCURVE('',#1851,#1856);
#1851 = CYLINDRICAL_SURFACE('',#1852,16.);
#1852 = AXIS2_PLACEMENT_3D('',#1853,#1854,#1855);
#1853 = CARTESIAN_POINT('',(0.,0.,136.));
#1854 = DIRECTION('',(-0.,-0.,-1.));
#1855 = DIRECTION('',(1.,0.,0.));
#1856 = DEFINITIONAL_REPRESENTATION('',(#1857),#1861);
#1857 = LINE('',#1858,#1859);
#1858 = CARTESIAN_POINT('',(-0.,0.));
#1859 = VECTOR('',#1860,1.);
#1860 = DIRECTION('',(-1.,0.));
#1861 = ( GEOMETRIC_REPRESENTATION_CONTEXT(2) 
PARAMETRIC_REPRESENTATION_CONTEXT() REPRESENTATION_CONTEXT('2D SPACE',''
  ) );
#1862 = FACE_BOUND('',#1863,.F.);
#1863 = EDGE_LOOP('',(#1864));
#1864 = ORIENTED_EDGE('',*,*,#1753,.T.);
#1865 = ADVANCED_FACE('',(#1866),#1809,.F.);
#1866 = FACE_BOUND('',#1867,.T.);
#1867 = EDGE_LOOP('',(#1868,#1869,#1892,#1923));
#1868 = ORIENTED_EDGE('',*,*,#1788,.T.);
#1869 = ORIENTED_EDGE('',*,*,#1870,.T.);
#1870 = EDGE_CURVE('',#1789,#1871,#1873,.T.);
#1871 = VERTEX_POINT('',#1872);
#1872 = CARTESIAN_POINT('',(5.3,1.036208156317E-15,136.));
#1873 = SEAM_CURVE('',#1874,(#1878,#1885),.PCURVE_S1.);
#1874 = LINE('',#1875,#1876);
#1875 = CARTESIAN_POINT('',(5.3,1.036208156317E-15,93.99));
#1876 = VECTOR('',#1877,1.);
#1877 = DIRECTION('',(0.,0.,1.));
#1878 = PCURVE('',#1809,#1879);
#1879 = DEFINITIONAL_REPRESENTATION('',(#1880),#1884);
#1880 = LINE('',#1881,#1882);
#1881 = CARTESIAN_POINT('',(-6.28318530718,0.));
#1882 = VECTOR('',#1883,1.);
#1883 = DIRECTION('',(-0.,-1.));
#1884 = ( GEOMETRIC_REPRESENTATION_CONTEXT(2) 
PARAMETRIC_REPRESENTATION_CONTEXT() REPRESENTATION_CONTEXT('2D SPACE',''
  ) );
#1885 = PCURVE('',#1809,#1886);
#1886 = DEFINITIONAL_REPRESENTATION('',(#1887),#1891);
#1887 = LINE('',#1888,#1889);
#1888 = CARTESIAN_POINT('',(-0.,0.));
#1889 = VECTOR('',#1890,1.);
#1890 = DIRECTION('',(-0.,-1.));
#1891 = ( GEOMETRIC_REPRESENTATION_CONTEXT(2) 
PARAMETRIC_REPRESENTATION_CONTEXT() REPRESENTATION_CONTEXT('2D SPACE',''
  ) );
#1892 = ORIENTED_EDGE('',*,*,#1893,.F.);
#1893 = EDGE_CURVE('',#1871,#1871,#1894,.T.);
#1894 = SURFACE_CURVE('',#1895,(#1900,#1907),.PCURVE_S1.);
#1895 = CIRCLE('',#1896,5.3);
#1896 = AXIS2_PLACEMENT_3D('',#1897,#1898,#1899);
#1897 = CARTESIAN_POINT('',(5.684341886081E-14,1.036208156317E-15,136.)
  );
#1898 = DIRECTION('',(0.,0.,-1.));
#1899 = DIRECTION('',(1.,0.,0.));
#1900 = PCURVE('',#1809,#1901);
#1901 = DEFINITIONAL_REPRESENTATION('',(#1902),#1906);
#1902 = LINE('',#1903,#1904);
#1903 = CARTESIAN_POINT('',(-6.28318530718,-42.01));
#1904 = VECTOR('',#1905,1.);
#1905 = DIRECTION('',(1.,-0.));
#1906 = ( GEOMETRIC_REPRESENTATION_CONTEXT(2) 
PARAMETRIC_REPRESENTATION_CONTEXT() REPRESENTATION_CONTEXT('2D SPACE',''
  ) );
#1907 = PCURVE('',#1908,#1913);
#1908 = PLANE('',#1909);
#1909 = AXIS2_PLACEMENT_3D('',#1910,#1911,#1912);
#1910 = CARTESIAN_POINT('',(-1.025580099405E-15,1.398015239264E-15,136.)
  );
#1911 = DIRECTION('',(0.,0.,1.));
#1912 = DIRECTION('',(1.,0.,-0.));
#1913 = DEFINITIONAL_REPRESENTATION('',(#1914),#1922);
#1914 = ( BOUNDED_CURVE() B_SPLINE_CURVE(2,(#1915,#1916,#1917,#1918,
#1919,#1920,#1921),.UNSPECIFIED.,.T.,.F.) B_SPLINE_CURVE_WITH_KNOTS((1,2
    ,2,2,2,1),(-2.094395102393,0.,2.094395102393,4.188790204786,
6.28318530718,8.377580409573),.UNSPECIFIED.) CURVE() 
GEOMETRIC_REPRESENTATION_ITEM() RATIONAL_B_SPLINE_CURVE((1.,0.5,1.,0.5,
1.,0.5,1.)) REPRESENTATION_ITEM('') );
#1915 = CARTESIAN_POINT('',(5.3,-3.618070829471E-16));
#1916 = CARTESIAN_POINT('',(5.3,-9.179869280115));
#1917 = CARTESIAN_POINT('',(-2.65,-4.589934640058));
#1918 = CARTESIAN_POINT('',(-10.6,-1.659932690043E-15));
#1919 = CARTESIAN_POINT('',(-2.65,4.589934640058));
#1920 = CARTESIAN_POINT('',(5.3,9.179869280115));
#1921 = CARTESIAN_POINT('',(5.3,-3.618070829471E-16));
#1922 = ( GEOMETRIC_REPRESENTATION_CONTEXT(2) 
PARAMETRIC_REPRESENTATION_CONTEXT() REPRESENTATION_CONTEXT('2D SPACE',''
  ) );
#1923 = ORIENTED_EDGE('',*,*,#1870,.F.);
#1924 = ADVANCED_FACE('',(#1925),#1851,.T.);
#1925 = FACE_BOUND('',#1926,.F.);
#1926 = EDGE_LOOP('',(#1927,#1950,#1977,#1978));
#1927 = ORIENTED_EDGE('',*,*,#1928,.T.);
#1928 = EDGE_CURVE('',#1835,#1929,#1931,.T.);
#1929 = VERTEX_POINT('',#1930);
#1930 = CARTESIAN_POINT('',(16.,0.,141.));
#1931 = SEAM_CURVE('',#1932,(#1936,#1943),.PCURVE_S1.);
#1932 = LINE('',#1933,#1934);
#1933 = CARTESIAN_POINT('',(16.,0.,136.));
#1934 = VECTOR('',#1935,1.);
#1935 = DIRECTION('',(0.,0.,1.));
#1936 = PCURVE('',#1851,#1937);
#1937 = DEFINITIONAL_REPRESENTATION('',(#1938),#1942);
#1938 = LINE('',#1939,#1940);
#1939 = CARTESIAN_POINT('',(-0.,0.));
#1940 = VECTOR('',#1941,1.);
#1941 = DIRECTION('',(-0.,-1.));
#1942 = ( GEOMETRIC_REPRESENTATION_CONTEXT(2) 
PARAMETRIC_REPRESENTATION_CONTEXT() REPRESENTATION_CONTEXT('2D SPACE',''
  ) );
#1943 = PCURVE('',#1851,#1944);
#1944 = DEFINITIONAL_REPRESENTATION('',(#1945),#1949);
#1945 = LINE('',#1946,#1947);
#1946 = CARTESIAN_POINT('',(-6.28318530718,0.));
#1947 = VECTOR('',#1948,1.);
#1948 = DIRECTION('',(-0.,-1.));
#1949 = ( GEOMETRIC_REPRESENTATION_CONTEXT(2) 
PARAMETRIC_REPRESENTATION_CONTEXT() REPRESENTATION_CONTEXT('2D SPACE',''
  ) );
#1950 = ORIENTED_EDGE('',*,*,#1951,.T.);
#1951 = EDGE_CURVE('',#1929,#1929,#1952,.T.);
#1952 = SURFACE_CURVE('',#1953,(#1958,#1965),.PCURVE_S1.);
#1953 = CIRCLE('',#1954,16.);
#1954 = AXIS2_PLACEMENT_3D('',#1955,#1956,#1957);
#1955 = CARTESIAN_POINT('',(0.,0.,141.));
#1956 = DIRECTION('',(0.,0.,1.));
#1957 = DIRECTION('',(1.,0.,0.));
#1958 = PCURVE('',#1851,#1959);
#1959 = DEFINITIONAL_REPRESENTATION('',(#1960),#1964);
#1960 = LINE('',#1961,#1962);
#1961 = CARTESIAN_POINT('',(-0.,-5.));
#1962 = VECTOR('',#1963,1.);
#1963 = DIRECTION('',(-1.,0.));
#1964 = ( GEOMETRIC_REPRESENTATION_CONTEXT(2) 
PARAMETRIC_REPRESENTATION_CONTEXT() REPRESENTATION_CONTEXT('2D SPACE',''
  ) );
#1965 = PCURVE('',#1966,#1971);
#1966 = PLANE('',#1967);
#1967 = AXIS2_PLACEMENT_3D('',#1968,#1969,#1970);
#1968 = CARTESIAN_POINT('',(-1.025580099405E-15,1.398015239264E-15,141.)
  );
#1969 = DIRECTION('',(0.,0.,1.));
#1970 = DIRECTION('',(1.,0.,-0.));
#1971 = DEFINITIONAL_REPRESENTATION('',(#1972),#1976);
#1972 = CIRCLE('',#1973,16.);
#1973 = AXIS2_PLACEMENT_2D('',#1974,#1975);
#1974 = CARTESIAN_POINT('',(1.025580099405E-15,-1.398015239264E-15));
#1975 = DIRECTION('',(1.,0.));
#1976 = ( GEOMETRIC_REPRESENTATION_CONTEXT(2) 
PARAMETRIC_REPRESENTATION_CONTEXT() REPRESENTATION_CONTEXT('2D SPACE',''
  ) );
#1977 = ORIENTED_EDGE('',*,*,#1928,.F.);
#1978 = ORIENTED_EDGE('',*,*,#1834,.F.);
#1979 = ADVANCED_FACE('',(#1980,#1983),#1908,.F.);
#1980 = FACE_BOUND('',#1981,.F.);
#1981 = EDGE_LOOP('',(#1982));
#1982 = ORIENTED_EDGE('',*,*,#1893,.F.);
#1983 = FACE_BOUND('',#1984,.F.);
#1984 = EDGE_LOOP('',(#1985));
#1985 = ORIENTED_EDGE('',*,*,#1986,.T.);
#1986 = EDGE_CURVE('',#1987,#1987,#1989,.T.);
#1987 = VERTEX_POINT('',#1988);
#1988 = CARTESIAN_POINT('',(2.5,0.,136.));
#1989 = SURFACE_CURVE('',#1990,(#1995,#2006),.PCURVE_S1.);
#1990 = CIRCLE('',#1991,2.5);
#1991 = AXIS2_PLACEMENT_3D('',#1992,#1993,#1994);
#1992 = CARTESIAN_POINT('',(0.,0.,136.));
#1993 = DIRECTION('',(0.,0.,-1.));
#1994 = DIRECTION('',(1.,0.,0.));
#1995 = PCURVE('',#1908,#1996);
#1996 = DEFINITIONAL_REPRESENTATION('',(#1997),#2005);
#1997 = ( BOUNDED_CURVE() B_SPLINE_CURVE(2,(#1998,#1999,#2000,#2001,
#2002,#2003,#2004),.UNSPECIFIED.,.T.,.F.) B_SPLINE_CURVE_WITH_KNOTS((1,2
    ,2,2,2,1),(-2.094395102393,0.,2.094395102393,4.188790204786,
6.28318530718,8.377580409573),.UNSPECIFIED.) CURVE() 
GEOMETRIC_REPRESENTATION_ITEM() RATIONAL_B_SPLINE_CURVE((1.,0.5,1.,0.5,
1.,0.5,1.)) REPRESENTATION_ITEM('') );
#1998 = CARTESIAN_POINT('',(2.5,-1.398015239264E-15));
#1999 = CARTESIAN_POINT('',(2.5,-4.330127018922));
#2000 = CARTESIAN_POINT('',(-1.25,-2.165063509461));
#2001 = CARTESIAN_POINT('',(-5.,-2.010338638838E-15));
#2002 = CARTESIAN_POINT('',(-1.25,2.165063509461));
#2003 = CARTESIAN_POINT('',(2.5,4.330127018922));
#2004 = CARTESIAN_POINT('',(2.5,-1.398015239264E-15));
#2005 = ( GEOMETRIC_REPRESENTATION_CONTEXT(2) 
PARAMETRIC_REPRESENTATION_CONTEXT() REPRESENTATION_CONTEXT('2D SPACE',''
  ) );
#2006 = PCURVE('',#2007,#2012);
#2007 = CYLINDRICAL_SURFACE('',#2008,2.5);
#2008 = AXIS2_PLACEMENT_3D('',#2009,#2010,#2011);
#2009 = CARTESIAN_POINT('',(0.,0.,135.));
#2010 = DIRECTION('',(-0.,-0.,-1.));
#2011 = DIRECTION('',(1.,0.,0.));
#2012 = DEFINITIONAL_REPRESENTATION('',(#2013),#2017);
#2013 = LINE('',#2014,#2015);
#2014 = CARTESIAN_POINT('',(-6.28318530718,-1.));
#2015 = VECTOR('',#2016,1.);
#2016 = DIRECTION('',(1.,-0.));
#2017 = ( GEOMETRIC_REPRESENTATION_CONTEXT(2) 
PARAMETRIC_REPRESENTATION_CONTEXT() REPRESENTATION_CONTEXT('2D SPACE',''
  ) );
#2018 = ADVANCED_FACE('',(#2019,#2022),#1966,.T.);
#2019 = FACE_BOUND('',#2020,.T.);
#2020 = EDGE_LOOP('',(#2021));
#2021 = ORIENTED_EDGE('',*,*,#1951,.T.);
#2022 = FACE_BOUND('',#2023,.T.);
#2023 = EDGE_LOOP('',(#2024));
#2024 = ORIENTED_EDGE('',*,*,#2025,.T.);
#2025 = EDGE_CURVE('',#2026,#2026,#2028,.T.);
#2026 = VERTEX_POINT('',#2027);
#2027 = CARTESIAN_POINT('',(4.5,0.,141.));
#2028 = SURFACE_CURVE('',#2029,(#2034,#2045),.PCURVE_S1.);
#2029 = CIRCLE('',#2030,4.5);
#2030 = AXIS2_PLACEMENT_3D('',#2031,#2032,#2033);
#2031 = CARTESIAN_POINT('',(0.,0.,141.));
#2032 = DIRECTION('',(0.,0.,-1.));
#2033 = DIRECTION('',(1.,0.,0.));
#2034 = PCURVE('',#1966,#2035);
#2035 = DEFINITIONAL_REPRESENTATION('',(#2036),#2044);
#2036 = ( BOUNDED_CURVE() B_SPLINE_CURVE(2,(#2037,#2038,#2039,#2040,
#2041,#2042,#2043),.UNSPECIFIED.,.T.,.F.) B_SPLINE_CURVE_WITH_KNOTS((1,2
    ,2,2,2,1),(-2.094395102393,0.,2.094395102393,4.188790204786,
6.28318530718,8.377580409573),.UNSPECIFIED.) CURVE() 
GEOMETRIC_REPRESENTATION_ITEM() RATIONAL_B_SPLINE_CURVE((1.,0.5,1.,0.5,
1.,0.5,1.)) REPRESENTATION_ITEM('') );
#2037 = CARTESIAN_POINT('',(4.5,-1.398015239264E-15));
#2038 = CARTESIAN_POINT('',(4.5,-7.79422863406));
#2039 = CARTESIAN_POINT('',(-2.25,-3.89711431703));
#2040 = CARTESIAN_POINT('',(-9.,-2.500197358496E-15));
#2041 = CARTESIAN_POINT('',(-2.25,3.89711431703));
#2042 = CARTESIAN_POINT('',(4.5,7.79422863406));
#2043 = CARTESIAN_POINT('',(4.5,-1.398015239264E-15));
#2044 = ( GEOMETRIC_REPRESENTATION_CONTEXT(2) 
PARAMETRIC_REPRESENTATION_CONTEXT() REPRESENTATION_CONTEXT('2D SPACE',''
  ) );
#2045 = PCURVE('',#2046,#2051);
#2046 = CYLINDRICAL_SURFACE('',#2047,4.5);
#2047 = AXIS2_PLACEMENT_3D('',#2048,#2049,#2050);
#2048 = CARTESIAN_POINT('',(0.,0.,138.));
#2049 = DIRECTION('',(-0.,-0.,-1.));
#2050 = DIRECTION('',(1.,0.,0.));
#2051 = DEFINITIONAL_REPRESENTATION('',(#2052),#2056);
#2052 = LINE('',#2053,#2054);
#2053 = CARTESIAN_POINT('',(-6.28318530718,-3.));
#2054 = VECTOR('',#2055,1.);
#2055 = DIRECTION('',(1.,-0.));
#2056 = ( GEOMETRIC_REPRESENTATION_CONTEXT(2) 
PARAMETRIC_REPRESENTATION_CONTEXT() REPRESENTATION_CONTEXT('2D SPACE',''
  ) );
#2057 = ADVANCED_FACE('',(#2058),#2007,.F.);
#2058 = FACE_BOUND('',#2059,.T.);
#2059 = EDGE_LOOP('',(#2060,#2083,#2084,#2085));
#2060 = ORIENTED_EDGE('',*,*,#2061,.F.);
#2061 = EDGE_CURVE('',#1987,#2062,#2064,.T.);
#2062 = VERTEX_POINT('',#2063);
#2063 = CARTESIAN_POINT('',(2.5,0.,138.));
#2064 = SEAM_CURVE('',#2065,(#2069,#2076),.PCURVE_S1.);
#2065 = LINE('',#2066,#2067);
#2066 = CARTESIAN_POINT('',(2.5,0.,135.));
#2067 = VECTOR('',#2068,1.);
#2068 = DIRECTION('',(0.,0.,1.));
#2069 = PCURVE('',#2007,#2070);
#2070 = DEFINITIONAL_REPRESENTATION('',(#2071),#2075);
#2071 = LINE('',#2072,#2073);
#2072 = CARTESIAN_POINT('',(-6.28318530718,0.));
#2073 = VECTOR('',#2074,1.);
#2074 = DIRECTION('',(-0.,-1.));
#2075 = ( GEOMETRIC_REPRESENTATION_CONTEXT(2) 
PARAMETRIC_REPRESENTATION_CONTEXT() REPRESENTATION_CONTEXT('2D SPACE',''
  ) );
#2076 = PCURVE('',#2007,#2077);
#2077 = DEFINITIONAL_REPRESENTATION('',(#2078),#2082);
#2078 = LINE('',#2079,#2080);
#2079 = CARTESIAN_POINT('',(-0.,0.));
#2080 = VECTOR('',#2081,1.);
#2081 = DIRECTION('',(-0.,-1.));
#2082 = ( GEOMETRIC_REPRESENTATION_CONTEXT(2) 
PARAMETRIC_REPRESENTATION_CONTEXT() REPRESENTATION_CONTEXT('2D SPACE',''
  ) );
#2083 = ORIENTED_EDGE('',*,*,#1986,.T.);
#2084 = ORIENTED_EDGE('',*,*,#2061,.T.);
#2085 = ORIENTED_EDGE('',*,*,#2086,.F.);
#2086 = EDGE_CURVE('',#2062,#2062,#2087,.T.);
#2087 = SURFACE_CURVE('',#2088,(#2093,#2100),.PCURVE_S1.);
#2088 = CIRCLE('',#2089,2.5);
#2089 = AXIS2_PLACEMENT_3D('',#2090,#2091,#2092);
#2090 = CARTESIAN_POINT('',(0.,0.,138.));
#2091 = DIRECTION('',(0.,0.,-1.));
#2092 = DIRECTION('',(1.,0.,0.));
#2093 = PCURVE('',#2007,#2094);
#2094 = DEFINITIONAL_REPRESENTATION('',(#2095),#2099);
#2095 = LINE('',#2096,#2097);
#2096 = CARTESIAN_POINT('',(-6.28318530718,-3.));
#2097 = VECTOR('',#2098,1.);
#2098 = DIRECTION('',(1.,-0.));
#2099 = ( GEOMETRIC_REPRESENTATION_CONTEXT(2) 
PARAMETRIC_REPRESENTATION_CONTEXT() REPRESENTATION_CONTEXT('2D SPACE',''
  ) );
#2100 = PCURVE('',#2101,#2106);
#2101 = PLANE('',#2102);
#2102 = AXIS2_PLACEMENT_3D('',#2103,#2104,#2105);
#2103 = CARTESIAN_POINT('',(-1.519377925044E-16,1.201785651367E-16,138.)
  );
#2104 = DIRECTION('',(0.,0.,1.));
#2105 = DIRECTION('',(1.,0.,-0.));
#2106 = DEFINITIONAL_REPRESENTATION('',(#2107),#2115);
#2107 = ( BOUNDED_CURVE() B_SPLINE_CURVE(2,(#2108,#2109,#2110,#2111,
#2112,#2113,#2114),.UNSPECIFIED.,.T.,.F.) B_SPLINE_CURVE_WITH_KNOTS((1,2
    ,2,2,2,1),(-2.094395102393,0.,2.094395102393,4.188790204786,
6.28318530718,8.377580409573),.UNSPECIFIED.) CURVE() 
GEOMETRIC_REPRESENTATION_ITEM() RATIONAL_B_SPLINE_CURVE((1.,0.5,1.,0.5,
1.,0.5,1.)) REPRESENTATION_ITEM('') );
#2108 = CARTESIAN_POINT('',(2.5,-1.201785651367E-16));
#2109 = CARTESIAN_POINT('',(2.5,-4.330127018922));
#2110 = CARTESIAN_POINT('',(-1.25,-2.165063509461));
#2111 = CARTESIAN_POINT('',(-5.,-7.325019647103E-16));
#2112 = CARTESIAN_POINT('',(-1.25,2.165063509461));
#2113 = CARTESIAN_POINT('',(2.5,4.330127018922));
#2114 = CARTESIAN_POINT('',(2.5,-1.201785651367E-16));
#2115 = ( GEOMETRIC_REPRESENTATION_CONTEXT(2) 
PARAMETRIC_REPRESENTATION_CONTEXT() REPRESENTATION_CONTEXT('2D SPACE',''
  ) );
#2116 = ADVANCED_FACE('',(#2117),#2046,.F.);
#2117 = FACE_BOUND('',#2118,.T.);
#2118 = EDGE_LOOP('',(#2119,#2143,#2164,#2165));
#2119 = ORIENTED_EDGE('',*,*,#2120,.F.);
#2120 = EDGE_CURVE('',#2121,#2121,#2123,.T.);
#2121 = VERTEX_POINT('',#2122);
#2122 = CARTESIAN_POINT('',(4.5,0.,138.));
#2123 = SURFACE_CURVE('',#2124,(#2129,#2136),.PCURVE_S1.);
#2124 = CIRCLE('',#2125,4.5);
#2125 = AXIS2_PLACEMENT_3D('',#2126,#2127,#2128);
#2126 = CARTESIAN_POINT('',(0.,0.,138.));
#2127 = DIRECTION('',(0.,0.,1.));
#2128 = DIRECTION('',(1.,0.,0.));
#2129 = PCURVE('',#2046,#2130);
#2130 = DEFINITIONAL_REPRESENTATION('',(#2131),#2135);
#2131 = LINE('',#2132,#2133);
#2132 = CARTESIAN_POINT('',(-0.,0.));
#2133 = VECTOR('',#2134,1.);
#2134 = DIRECTION('',(-1.,0.));
#2135 = ( GEOMETRIC_REPRESENTATION_CONTEXT(2) 
PARAMETRIC_REPRESENTATION_CONTEXT() REPRESENTATION_CONTEXT('2D SPACE',''
  ) );
#2136 = PCURVE('',#2101,#2137);
#2137 = DEFINITIONAL_REPRESENTATION('',(#2138),#2142);
#2138 = CIRCLE('',#2139,4.5);
#2139 = AXIS2_PLACEMENT_2D('',#2140,#2141);
#2140 = CARTESIAN_POINT('',(1.519377925044E-16,-1.201785651367E-16));
#2141 = DIRECTION('',(1.,0.));
#2142 = ( GEOMETRIC_REPRESENTATION_CONTEXT(2) 
PARAMETRIC_REPRESENTATION_CONTEXT() REPRESENTATION_CONTEXT('2D SPACE',''
  ) );
#2143 = ORIENTED_EDGE('',*,*,#2144,.T.);
#2144 = EDGE_CURVE('',#2121,#2026,#2145,.T.);
#2145 = SEAM_CURVE('',#2146,(#2150,#2157),.PCURVE_S1.);
#2146 = LINE('',#2147,#2148);
#2147 = CARTESIAN_POINT('',(4.5,0.,138.));
#2148 = VECTOR('',#2149,1.);
#2149 = DIRECTION('',(0.,0.,1.));
#2150 = PCURVE('',#2046,#2151);
#2151 = DEFINITIONAL_REPRESENTATION('',(#2152),#2156);
#2152 = LINE('',#2153,#2154);
#2153 = CARTESIAN_POINT('',(-6.28318530718,0.));
#2154 = VECTOR('',#2155,1.);
#2155 = DIRECTION('',(-0.,-1.));
#2156 = ( GEOMETRIC_REPRESENTATION_CONTEXT(2) 
PARAMETRIC_REPRESENTATION_CONTEXT() REPRESENTATION_CONTEXT('2D SPACE',''
  ) );
#2157 = PCURVE('',#2046,#2158);
#2158 = DEFINITIONAL_REPRESENTATION('',(#2159),#2163);
#2159 = LINE('',#2160,#2161);
#2160 = CARTESIAN_POINT('',(-0.,0.));
#2161 = VECTOR('',#2162,1.);
#2162 = DIRECTION('',(-0.,-1.));
#2163 = ( GEOMETRIC_REPRESENTATION_CONTEXT(2) 
PARAMETRIC_REPRESENTATION_CONTEXT() REPRESENTATION_CONTEXT('2D SPACE',''
  ) );
#2164 = ORIENTED_EDGE('',*,*,#2025,.F.);
#2165 = ORIENTED_EDGE('',*,*,#2144,.F.);
#2166 = ADVANCED_FACE('',(#2167,#2170),#2101,.T.);
#2167 = FACE_BOUND('',#2168,.T.);
#2168 = EDGE_LOOP('',(#2169));
#2169 = ORIENTED_EDGE('',*,*,#2120,.T.);
#2170 = FACE_BOUND('',#2171,.T.);
#2171 = EDGE_LOOP('',(#2172));
#2172 = ORIENTED_EDGE('',*,*,#2086,.T.);
#2173 = ( GEOMETRIC_REPRESENTATION_CONTEXT(3) 
GLOBAL_UNCERTAINTY_ASSIGNED_CONTEXT((#2177)) 
GLOBAL_UNIT_ASSIGNED_CONTEXT((#2174,#2175,#2176)) REPRESENTATION_CONTEXT
('Context #1','3D Context with UNIT and UNCERTAINTY') );
#2174 = ( LENGTH_UNIT() NAMED_UNIT(*) SI_UNIT(.MILLI.,.METRE.) );
#2175 = ( NAMED_UNIT(*) PLANE_ANGLE_UNIT() SI_UNIT($,.RADIAN.) );
#2176 = ( NAMED_UNIT(*) SI_UNIT($,.STERADIAN.) SOLID_ANGLE_UNIT() );
#2177 = UNCERTAINTY_MEASURE_WITH_UNIT(LENGTH_MEASURE(2.E-06),#2174,
  'distance_accuracy_value','confusion accuracy');
#2178 = PRODUCT_RELATED_PRODUCT_CATEGORY('part',$,(#7));
ENDSEC;
END-ISO-10303-21;
